$MeshFormat
2.2 0 8
$EndMeshFormat
$Nodes
2591
1 10 -2.449212707644755e-15 -1.133099690464601e-14
2 6.123031769111886e-16 -1.499660721822137e-31 10
3 9.95184726672197 -2.437419079019516e-15 0.9801714032955913
4 9.807852804032306 -2.402151772234516e-15 1.950903220161273
5 9.569403357322093 -2.343750430733165e-15 2.902846772544612
6 9.238795325112871 -2.26277749135954e-15 3.826834323650891
7 8.819212643483551 -2.16001276778412e-15 4.713967368259976
8 8.314696123025454 -2.036445940471852e-15 5.555702330196018
9 7.730104533627374 -1.89326702551825e-15 6.343932841636448
10 7.071067811865483 -1.731854914143873e-15 7.071067811865467
11 6.343932841636467 -1.553764093218093e-15 7.73010453362736
12 5.555702330196031 -1.360709674700769e-15 8.314696123025447
13 4.71396736825998 -1.154550878176504e-15 8.819212643483548
14 3.826834323650905 -9.372731255536916e-16 9.238795325112864
15 2.902846772544634 -7.109689203661879e-16 9.569403357322086
16 1.950903220161288 -4.778176958204098e-16 9.807852804032303
17 0.9801714032956057 -2.400648256621589e-16 9.95184726672197
18 9.95184726672197 0.9801714032956035 0
19 9.807852804032306 1.950903220161278 0
20 9.569403357322091 2.902846772544617 0
21 9.238795325112871 3.826834323650888 0
22 8.819212643483556 4.713967368259965 0
23 8.31469612302546 5.555702330196009 0
24 7.730104533627379 6.343932841636443 0
25 7.071067811865488 7.071067811865462 0
26 6.343932841636471 7.730104533627356 0
27 5.555702330196041 8.314696123025438 0
28 4.713967368259999 8.819212643483539 0
29 3.826834323650923 9.238795325112857 0
30 2.902846772544653 9.569403357322079 0
31 1.950903220161313 9.807852804032299 0
32 0.9801714032956387 9.951847266721966 0
33 3.391899391566588e-14 10 0
34 -0.9801714032955667 9.951847266721973 0
35 -1.950903220161241 9.807852804032313 0
36 -2.90284677254458 9.569403357322102 0
37 -3.826834323650852 9.238795325112886 0
38 -4.713967368259929 8.819212643483574 0
39 -5.555702330195979 8.314696123025481 0
40 -6.343932841636413 7.730104533627404 0
41 -7.071067811865434 7.071067811865516 0
42 -7.73010453362733 6.343932841636502 0
43 -8.314696123025419 5.555702330196073 0
44 -8.819212643483521 4.713967368260033 0
45 -9.238795325112843 3.826834323650956 0
46 -9.56940335732207 2.902846772544687 0
47 -9.807852804032292 1.950903220161347 0
48 -9.951847266721963 0.9801714032956745 0
49 -10 7.22788799298324e-14 0
50 -9.951847266721977 -0.9801714032955307 0
51 -9.80785280403232 -1.950903220161201 0
52 -9.569403357322113 -2.902846772544545 0
53 -9.238795325112898 -3.826834323650822 0
54 -8.819212643483587 -4.71396736825991 0
55 -8.314696123025488 -5.555702330195968 0
56 -7.730104533627411 -6.343932841636405 0
57 -7.07106781186552 -7.07106781186543 0
58 -6.343932841636507 -7.730104533627326 0
59 -5.555702330196074 -8.314696123025417 0
60 -4.713967368260025 -8.819212643483525 0
61 -3.826834323650945 -9.238795325112848 0
62 -2.902846772544667 -9.569403357322075 0
63 -1.95090322016133 -9.807852804032295 0
64 -0.9801714032956576 -9.951847266721964 0
65 -4.624583051573983e-14 -10 0
66 0.9801714032955655 -9.951847266721973 0
67 1.95090322016124 -9.807852804032313 0
68 2.902846772544578 -9.569403357322102 0
69 3.826834323650859 -9.238795325112884 0
70 4.713967368259952 -8.819212643483564 0
71 5.555702330196004 -8.314696123025465 0
72 6.343932841636435 -7.730104533627386 0
73 7.071067811865461 -7.071067811865489 0
74 7.730104533627355 -6.343932841636473 0
75 8.314696123025442 -5.555702330196038 0
76 8.819212643483546 -4.713967368259987 0
77 9.238795325112864 -3.826834323650904 0
78 9.569403357322086 -2.902846772544633 0
79 9.807852804032303 -1.950903220161287 0
80 9.95184726672197 -0.980171403295605 0
81 -4.645760413296008 8.691606405977222 1.694959664955903
82 -9.813132179535627 0.962356851812549 1.666225109861149
83 -7.618256731001128 -6.252141722220225 1.694959664956406
84 2.860845137058289 1.694959664949439 9.430942521082631
85 0.7341117083389721 9.832744568672569 1.666797602266016
86 -2.680415688654622 -9.482898982173054 1.6999995970339
87 2.933144988238191 -9.420580900199811 1.627671951212434
88 1.184498788900594 -2.078193316118191 9.709689756111402
89 6.252141722220292 -1.694959664956062 7.618256731001148
90 7.638264656573492 -1.678517612901303 6.232133796647851
91 6.245721732852852 7.627370739680441 1.67755048664302
92 6.684593894652012 -3.340752670883226 6.644966219294695
93 7.618256730999272 1.694959664954211 6.25214172222308
94 -8.691606405977106 4.645760413296072 1.694959664956329
95 6.252141722220271 -7.618256731001107 1.694959664956332
96 -9.440386075084445 -2.844170084375024 1.670271619976186
97 8.660121004806475 4.718684333364714 1.654183286147006
98 5.279185396571002 -3.161417257581567 7.882616473741249
99 5.490404556461834 -4.889638563794763 6.778413717222799
100 4.011919546886802 -4.916204091931799 7.728870478652143
101 4.161936571765988 -6.332088607695419 6.525560346582557
102 2.441086196633588 -6.100878142160876 7.537929694226965
103 2.572890221152681 -7.414253236644037 6.197506341490127
104 0.8321172974043101 -7.064624970496662 7.028417661863556
105 8.691606405977186 -4.645760413296057 1.694959664955959
106 0.9511106888503226 -8.328293397498673 5.452973275446586
107 -0.8045531088989144 -7.822393420459056 6.177609203447557
108 -0.9264177954156174 -6.42189274742977 7.609273527009407
109 -2.551621528547662 -7.036990531073311 6.630987244795202
110 -2.63464546042458 -5.510935526900298 7.917590095238088
111 -4.195569515272698 -5.980582679698759 6.828603609362725
112 -4.226443407056872 -4.36701475520731 7.941433010152962
113 -5.955405808481336 -4.832468303529863 6.4171950065185
114 -5.682711786832505 -3.061714658554142 7.637584048466478
115 -4.065258383962957 -2.593341828036553 8.760607994572918
116 -5.384862787610502 -1.206144214224327 8.339572464647144
117 -6.852851317241388 -1.606076116462459 7.103446229254631
118 -6.478805346567598 0.249469232571811 7.613333460665382
119 -4.895732633700573 0.6586814146149794 8.694707630125354
120 -5.87933584382758 2.105485294670781 7.810271551579326
121 -4.191738969998026 2.487883521339207 8.731538237426937
122 -5.116188289442705 3.909559144468801 7.651141397390962
123 -3.300132071541768 4.210657121507481 8.448638642732909
124 -4.251366652651385 5.650059049819109 7.071259740547009
125 -2.276322078404957 5.827630852733866 7.801094566766286
126 -3.026852278175179 7.010602589925341 6.456749694098249
127 -1.097875280072817 7.111782894758564 6.943861600523481
128 -7.493132575122138 1.532826436264623 6.442313817871012
129 -5.793211640586277 5.122370270000252 6.34034870526797
130 -2.341548573349654 2.743431903205672 9.326882205277254
131 -0.3181738859023507 5.800816763825998 8.139366698389075
132 0.8485684883980319 6.930498791050313 7.158779087787808
133 -1.801258605851696 8.154672233143046 5.500617074915414
134 -4.025318242023013 -7.293808270783493 5.531471229201782
135 1.624934956296999 5.529151932274464 8.172396545544618
136 2.766152970507175 6.540943465162003 7.040202861374722
137 1.960718284784581 7.871784082484968 5.847272797334472
138 3.832449485030964 7.342417278199827 5.603680884693432
139 4.573874054584509 5.876900335096433 6.673958239616283
140 5.548558635669712 6.771441961787202 4.833329165769964
141 6.852407702101179 -4.79339851316156 5.483414937628281
142 4.24046398608537 -7.540843101042787 5.015391361416213
143 -0.9890042783007983 -4.804043869678881 8.714529995111812
144 2.854960342490513 8.490736732388919 4.444838712942008
145 -0.6738581232457221 -8.880550027399497 4.547718817230299
146 0.4352121931309387 4.168013727855735 9.079551305618374
147 6.227470036646778 4.995196176515539 6.02217835179191
148 5.112478118219504 4.185670713061315 7.506179332559778
149 -3.655011026730097 7.905449407104156 4.913732193170276
150 -2.344439846206039 8.96745330351547 3.753449487710062
151 -0.5424978065910316 9.01987946663913 4.283394744492472
152 9.443354557444199 -1.625255121372129 2.860349715131273
153 9.430942521080565 1.694959664955936 2.860845137061252
154 7.224575195881395 5.382936325441593 4.339298302179359
155 2.224496964845361 -4.584148641489254 8.604486881047933
156 0.9472224279122218 -9.232103779208385 3.724383100861989
157 -0.7978571481493706 -9.582195762537163 2.746806935254419
158 7.627498677072124 3.750233705974748 5.268492296837294
159 -0.9519263077263262 9.604605244088072 2.616370464956067
160 2.379701550370839 3.960447200543502 8.868589431407329
161 -2.426689989098294 -9.009615305966355 3.596944221878746
162 -3.826986566538273 -8.798801335634149 2.816960929011676
163 4.66529554442504 1.433298324881681 8.728154065726569
164 6.222424210215945 1.658638073079143 7.650513491959268
165 6.531377885051763 3.234519758276116 6.846822975364426
166 8.568028855023496 2.262146375580512 4.633743121379593
167 8.508394319018915 3.881675392237782 3.541161145921252
168 2.677725316361871 -1.480630442053545 9.520373975016899
169 4.063383367641821 -2.016308698483697 8.911981532745161
170 4.644284748652614 -8.697862351440959 1.666676239951447
171 3.719794212332581 -8.697291695490959 3.243493206627854
172 -8.691606492536648 -4.645760459562955 1.694959094272248
173 -8.705482193031637 -3.605929346283355 3.348410568676067
174 -9.285912422663701 -1.754762722838308 3.269959979136907
175 -8.392438179891666 -2.571944848233996 4.790833027182147
176 -8.697631900669421 -0.8686727770837552 4.857633881511783
177 -7.637173977400145 -4.246943117326076 4.861794709479074
178 7.603394988129031 -6.274803757859903 1.677862466008931
179 6.652190073059194 -6.773706807612124 3.140901672514101
180 -2.751862302040584 9.447777856219336 1.77953574005679
181 -9.439720531579537 2.844784097666145 1.672985272900381
182 -8.725558452360429 3.588298551759958 3.314927329200273
183 -7.800135813567644 5.311706371788476 3.308119814910143
184 -7.636033093059216 4.214946279793161 4.891341989695906
185 -6.825933136291217 3.365017721554029 6.487163675483213
186 -8.26330904217142 2.615479204030616 4.987684052428686
187 -7.598360389121153 6.291902163436922 1.636119360796277
188 -6.605220039813451 6.863243864884867 3.044166860861444
189 -6.286375499828269 -7.614934988162255 1.579318904218273
190 -6.669616696738326 -6.687085933866806 3.286197625169557
191 7.608895892900885 6.287922227133813 1.602104040476953
192 2.868839953071298 9.438018802298432 1.64120638894782
193 0.9312610148131083 -9.79638090198026 1.778672017434825
194 0.9382373965975642 1.678517612898042 9.813372978279023
195 -6.25673517044148 7.654736204150899 1.502757016893319
196 4.650946159962256 8.706182121446583 1.603462717164386
197 5.271399670577023 7.90388413538708 3.121051279203354
198 8.69358823478108 -1.666017261299419 4.652516532923701
199 8.718927053085004 -3.400794911614066 3.523479106241776
200 -6.550455681908352 6.006876161125968 4.583554204353989
201 -4.873799132982962 6.714550743375791 5.582194042306855
202 -3.718253616048532 -0.7282194521632239 9.254419834664576
203 -2.463072656025879 -2.204943691720417 9.437769673364569
204 -2.236853090047871 -0.2330442298159917 9.743827720177157
205 -1.395214232847273 4.398746969604076 8.871550165662107
206 0.6372620916199607 -5.569355878953778 8.281073126120015
207 0.612484905913155 -4.213558124833644 9.04824790601346
208 -5.468116735064307 -6.183299266532483 5.645042918544424
209 -2.662080524148651 -3.793025608354333 8.861505742102562
210 3.474472311965306 5.034804828283477 7.910675223675906
211 -2.410917235555071 -8.205052597948852 5.183106206532556
212 0.1266444025979332 8.109265511929566 5.850108892347246
213 5.623855324255278 -6.197440871856098 5.473936237452267
214 -9.816632207614225 -0.966853882368983 1.642840731957636
215 -7.730754940221741 -0.1839182534019715 6.340473336455467
216 -7.155574378472011 -3.163691813573966 6.228066266738014
217 -3.508730923206478 1.079111951135396 9.30184523121361
218 -9.220470223545888 1.850984859920709 3.399527011960334
219 -7.833698264262076 -5.280156981303887 3.279194071305501
220 5.231274778285356 -7.876678770258028 3.254488553404664
221 7.841652503090394 -5.314570133716745 3.203721322865356
222 7.856980808762918 -3.191671489365431 5.299158959184282
223 9.437329581362988 -2.897368313660071 1.594386160166246
224 9.414343371757715 2.976469600026866 1.584540185276944
225 -5.26439434190853 7.472158847542512 4.056229082531408
226 -9.405357706933808 0.02215838469663993 3.396874358967146
227 6.758859094656299 6.682318258961906 3.108769278110897
228 1.91363399342057 9.298085922813325 3.143819828044523
229 2.523716167059156 -8.541424492889172 4.5469686979786
230 1.909493728271193 2.875212510398913 9.385466782304361
231 -0.9788320421592538 2.631337161082347 9.597809780254526
232 -5.441980783571325 -7.127865509902053 4.424746142321519
233 -1.1468338862576 0.9485049302701586 9.888635418225535
234 -0.8041875112703815 -1.584630157737724 9.840844969305474
235 3.832152755671382 2.713085392250162 8.829143384924668
236 1.146963874656097 8.848807165153895 4.514763075085443
237 2.66149988186085 -2.950737903775562 9.176576932717172
238 -4.673958907696088 -8.726293906742178 1.416298973494908
239 -0.8559352987354076 -3.339503817372818 9.386963780591204
240 -6.677777685817237 -5.784163307150913 4.685161685044648
241 7.866913905581968 5.473381011607625 2.855479977855592
242 -3.988894762227531 8.547810815105191 3.320188073745898
243 -0.9723701862863406 -9.872640181195662 1.25915530156624
244 3.695030282543518 8.78415246017329 3.030745249524927
245 -8.59281199840196 0.8575584304724014 5.042635768964979
246 5.292096715881179 2.661794227417498 8.056585122782886
247 0.419123052577961 9.46215384677175 3.208111663708152
248 -5.185616882485863 -8.012153717311991 2.985761269465668
249 9.796230402308611 1.420188351044406 1.420188351044407
250 9.808764086001139 -1.376799531882348 1.375707146954897
251 -3.856194111162882 -8.232651077047402 4.165720012269544
252 -7.851707023290496 -1.636577224226172 5.972630225416175
253 7.801048604957051 -4.409080899823104 4.438878944273287
254 -0.9887180841557168 9.885679976528818 1.13831803628012
255 3.816368174103511 -3.56241322866961 8.529041326426411
256 -2.118500721909953 1.457158444356404 9.663780003668741
257 2.305487935604556 -9.248026971733095 3.026338135251753
258 5.667598806101609 -7.009499649823894 4.329577165520247
259 4.292013578921432 7.927331042937954 4.328514984844833
260 5.159531889110561 -1.287748284246437 8.468821349023225
261 6.788278285043997 -5.872687137881842 4.408040801235545
262 -5.429858540942438 7.952008340342142 2.698555091244843
263 9.948927178924523 0.7137394442150929 0.7137394442150888
264 9.830328871221289 0.7121434041520653 1.690410025868243
265 9.835719797810254 -0.6903236419033776 1.667953634964912
266 9.952076186907215 -0.6917147266686169 0.6911659040375631
267 9.830328871221289 1.690410025868245 0.7121434041520671
268 9.835667101748719 -1.668492414678469 0.6897722274333415
269 0.5965951645607572 -1.04672127572994 9.927157134877891
270 1.577424042279713 -1.045541239010267 9.819296151372908
271 1.451559966369177 0.8433196209264737 9.858082251685403
272 0.4713228920674573 0.8432021347328627 9.95323389112278
273 -0.4037032490930995 -0.7954865430315604 9.960131768532351
274 0.1911656736133244 -1.841139503065686 9.82718988396393
275 -0.1049411561066638 1.321607967840868 9.911727383917221
276 -0.5750200997529729 0.4755783781380388 9.972119989807968
277 -0.9835802215822675 -0.3206936597309381 9.946342318878862
278 9.383601503382412 -0.816327162353333 3.358814193986247
279 9.669230634599513 -0.8163107026761521 2.416529695993545
280 9.665941814363235 0.8515804249848756 2.417515174952772
281 9.380036362004502 0.8515804249848757 3.360019140906185
282 9.655061036509382 -1.505549672164391 2.124409698227741
283 9.64115652331912 1.562040854120132 2.146655366592609
284 8.973435087179521 1.139968781272859 4.263558831996892
285 8.505733908203354 1.139698428844398 5.13357362605518
286 8.544125232943463 -0.8369251019873885 5.128106899962423
287 9.008571112986241 -0.8369459042491756 4.259714550956479
288 9.111576271554181 -1.653458341282681 3.774288457616023
289 9.047216785735774 1.989046787440749 3.76716887188144
290 7.39025231909739 -0.8433196209281263 6.6837850561664
291 8.013958555634636 -0.843202134734521 5.921611134526614
292 8.005022799788646 0.8515804249840099 5.93248858023747
293 7.380199951412152 0.8515804249839962 6.693837423851893
294 8.203016719487742 -1.679863006021902 5.46704462948709
295 8.132302439830704 1.988126487518412 5.469278754712661
296 5.932488580236071 -0.8515804249849445 8.005022799789584
297 6.69383742385061 -0.8515804249849457 7.380199951413205
298 6.678604082213479 0.8332939898245495 7.396071162418851
299 5.916018431209881 0.8331149591044743 8.019142434606168
300 6.978808057696996 -1.694900045913066 6.95870332232862
301 6.954370721296347 1.685044400592701 6.985510234679161
302 5.129888830335267 0.7193682219233772 8.553756481785546
303 4.262175052806608 0.7193682219233775 9.017559158692544
304 4.515974248308667 -0.6471401178489863 8.898718236717206
305 5.369975570246826 -0.6453593720397615 8.411116076709007
306 5.720752212684787 -1.495252465269443 8.06456534390836
307 5.468777272964415 1.553044336525282 8.22681763669857
308 3.360019140904637 0.8515804249815951 9.380036362005354
309 2.417515174951203 0.8515804249815813 9.665941814363919
310 2.322466442976392 -0.7429229822580853 9.698155240234161
311 3.266981666399731 -0.7436617967412106 9.421984818682084
312 3.781161193052972 1.571648500021934 9.123197960393551
313 3.381465083985432 -1.754129499886022 9.246011225572735
314 3.966126823144533 -1.013525396342472 9.1237385042373
315 4.622615833892641 -1.656025855086304 8.711429344231101
316 1.908732334729247 1.694900045908079 9.668715256368854
317 1.937474137403909 -1.785274184799734 9.646708767863712
318 9.36486454631701 3.415619255721188 0.795523179474571
319 9.656072221596604 2.475214974363531 0.7959774381205637
320 9.636594768958199 2.205494302798413 1.507261138360302
321 8.52539109337047 5.160183104874045 0.8307930122791958
322 8.993029078657528 4.293561484853203 0.8311183827862684
323 9.07827953002826 3.865052760540217 1.626716918492675
324 7.372021290847392 6.708651395353584 0.8045486578903428
325 7.997878222173442 5.94864945195321 0.8046823230695094
326 8.171056529422223 5.5280294420013 1.635458859572213
327 5.928662780691476 8.008790968892724 0.8427483903431477
328 6.690290196068004 7.384423926554998 0.8427931924964791
329 6.959203364757216 6.989680715274725 1.647377317577385
330 4.257740161807674 9.012388481234384 0.8052965775686588
331 5.126076450048587 8.548381303839648 0.8053057260581524
332 5.473795904076442 8.20494261454043 1.648173259282652
333 2.421012523214475 9.667423035707843 0.8243968771799353
334 3.363221231125423 9.381319222989859 0.8243740576147187
335 3.777465677350611 9.114500758685903 1.629916861791473
336 0.3686003502802456 9.958098354774512 0.8369055731744468
337 1.34971293263005 9.87300591782043 0.8378717957861661
338 1.812184701253989 9.692659198400161 1.663834208149879
339 -1.473920560565654 9.874300078318186 0.5707505098265829
340 -0.4957780065178783 9.97137903615363 0.5707926818110486
341 -0.1278235680047295 9.899513995728956 1.408291086327355
342 -3.307448178746423 9.394698669375586 0.8946638790850754
343 -2.363043426226921 9.675560313340336 0.894180288688565
344 -1.879028252480102 9.711892202591486 1.465743044201238
345 -5.125411629660308 8.544294377321364 0.8515804249848601
346 -4.256794999898367 9.008579638801162 0.85158042498486
347 -3.718223745817427 9.117292391564924 1.746365260405676
348 -6.691241595700894 7.393109914133277 0.7544612021213635
349 -5.929876283730112 8.016699179694781 0.7543881772245408
350 -5.476686393209348 8.211311938998936 1.606319517060384
351 -7.99390736162166 5.951631775262204 0.8219028564862934
352 -7.367591874653898 6.711434669598152 0.8217266237927308
353 -6.959592708174548 7.005575838098049 1.576697977730833
354 -9.008579638801097 4.256794999898461 0.8515804249850757
355 -8.54429437732129 5.125411629660395 0.8515804249850756
356 -8.185070044375173 5.495746887540577 1.673736692780633
357 -9.66901562214702 2.409112815754984 0.8404239047301955
358 -9.383981503442723 3.351783639771147 0.84049840880716
359 -9.109076862439414 3.763207509680117 1.692036628816907
360 -9.953173408399859 0.4834422210510556 0.8370320909183386
361 -9.856849318432889 1.463512946924033 0.8370492027920666
362 -9.671052598750324 1.912395057798794 1.677345156821149
363 -9.857535423378806 -1.465612676100138 0.8252120094173725
364 -9.954052493234661 -0.4856584205408002 0.8252120094173726
365 -9.860872240341335 -0.002259051250095728 1.662285642226721
366 -9.3842258846459 -3.351443026390953 0.839127038533089
367 -9.669219910457873 -2.408771969191926 0.8390494166855195
368 -9.672945092190263 -1.914305996606748 1.664201248295334
369 -8.544294399743768 -5.125411640268545 0.8515801361627384
370 -9.008579660078832 -4.256795012648246 0.8515801361627385
371 -9.109449609846747 -3.762914892933171 1.69068013361626
372 -7.380199951413232 -6.693837423850558 0.8515804249851147
373 -8.005022799789607 -5.932488580236014 0.8515804249851143
374 -8.193248246105057 -5.474553447404803 1.702923289289501
375 -5.947248182287955 -8.000071527171665 0.7931548514696617
376 -6.707337356621877 -7.374463278750638 0.7930428329056561
377 -6.984206222279254 -6.965342328921126 1.644648803123455
378 -4.266351569269313 -9.016262900473178 0.7108077074316778
379 -5.133814544459339 -8.552119218058664 0.7107778156424259
380 -5.506812926904201 -8.210341689773861 1.505091600282873
381 -2.325938926453864 -9.688192798531714 0.8537730429597954
382 -3.271106143709073 -9.411141289084739 0.8545666934026835
383 -3.698642249895832 -9.157718208814629 1.567240477792246
384 -0.4877405370216008 -9.968109194123942 0.631591848085138
385 -1.466312893206918 -9.871728229476718 0.6315918480851384
386 -1.833889754562403 -9.717494039068727 1.485650688679816
387 1.448714265931648 -9.854030071541462 0.8940460417912977
388 0.4680190427353694 -9.948964996918088 0.8938980175253446
389 -0.02065551569670338 -9.882801310817667 1.5263720387153
390 3.394793711722725 -9.370551321503768 0.8174005052064757
391 2.453595849756211 -9.659774662518647 0.8176924088077746
392 1.942357889955407 -9.658979244925057 1.712123177062618
393 5.124103494470956 -8.54649223131616 0.8372776827331971
394 4.25549343950589 -9.010536673814265 0.8372600767805195
395 3.805168999645151 -9.098565209693742 1.654327660740214
396 6.693837423850594 -7.380199951413205 0.8515804249850776
397 5.932488580236052 -8.005022799789584 0.8515804249850774
398 5.473943439029751 -8.196587499627046 1.68875592886029
399 7.997508882823928 -5.943839425647566 0.8429854988491823
400 7.371706844056471 -6.70428990357864 0.8428731186035747
401 6.959427849486201 -6.97827547947352 1.694117864959364
402 9.008579638801134 -4.25679499989842 0.8515804249848886
403 8.544294377321325 -5.125411629660366 0.8515804249848886
404 8.186874763122347 -5.486669749180396 1.694560909610255
405 9.665884390756085 -2.435042246025897 0.8007797478751668
406 9.378540721076588 -3.376675223933892 0.8006487214622983
407 9.105800755781519 -3.78876219270891 1.652172401145923
408 9.653235220968819 -2.143788152547906 1.489705382161961
409 -4.334119708919745 8.65323471862366 2.517327005607245
410 -3.39041490726067 9.051284820752457 2.565020438561995
411 -5.859447453372306 7.824940426189666 2.106462168602012
412 -5.051524159067887 8.3444622476402 2.202737721123637
413 -4.726052319045656 8.279122095404198 3.020027616932199
414 -9.566499631416853 1.414016741465009 2.546103190555693
415 -9.377295860183329 2.359762308124411 2.549086934520662
416 -9.662145585210965 -0.4748616284152352 2.53326846663497
417 -9.658208199639166 0.4947658835888686 2.544449074526608
418 -9.352497970490457 0.9405524661297832 3.41264454205665
419 -7.760011572105896 -5.791550093160533 2.498032809871557
420 -8.300592547768504 -4.985747467412239 2.498496657416692
421 -6.509983471591893 -7.186321078322675 2.44477086019439
422 -7.176494363489038 -6.499098330583516 2.501929163708796
423 -7.282074366507082 -6.008719599944263 3.296465029377096
424 4.261218144948101 2.07928838250879 8.804463626111987
425 3.356339816068721 2.210503779266841 9.156891179921207
426 2.392056913539556 2.291684565128492 9.435372042285319
427 1.428441262723755 2.284181940710885 9.630268346244481
428 2.885403955893421 2.808340241794625 9.153560460150548
429 -0.2671541339903146 9.560308544853356 2.92046729067384
430 0.5785094557350406 9.679105728573862 2.44545274023314
431 -0.1094278358118675 9.765126533809751 2.151820003493398
432 -0.9730811377510659 9.772851222463151 1.88268215133452
433 1.33030500631127 9.611889676868696 2.416995124092759
434 2.400828980420484 9.405630581058928 2.402110234652493
435 1.169694356597312 9.406786113683413 3.184994524886553
436 -1.619789984161409 -9.339243023715833 3.186662854960582
437 -2.566050341567146 -9.291509829574206 2.661433961508163
438 -1.749333465750638 -9.588439386276804 2.236439706609723
439 -0.8877005565140128 -9.755847940087039 2.008835157961999
440 -3.137104178498347 -8.933442233824913 3.217481503934651
441 -3.266095870425388 -9.175671576887119 2.26708378281352
442 -4.264807782630848 -8.792099985533074 2.123768448207253
443 4.199615083187451 -8.73412980085733 2.465402558374667
444 3.342184915270072 -9.101733633896382 2.447089056356661
445 3.021532658230925 -8.999141464925863 3.144168139507804
446 2.627143860166938 -9.362197974473895 2.333958916678706
447 1.626005876447773 -9.567105632993346 2.413834024307449
448 1.930803669680167 -2.524670361370049 9.481457522742442
449 2.677252584402024 -2.222025090879754 9.37522922892094
450 1.649011409796764 -3.608448621525401 9.179316963487617
451 0.9045322297964851 -3.167024818663856 9.442021777311604
452 0.1654981641965836 -2.728906152400205 9.619027059377673
453 -0.122189629428244 -3.790940031222725 9.252774901300324
454 -0.833494415751836 -2.472249731123328 9.653666056264385
455 6.49966547423899 -2.530038997223256 7.166118293435798
456 7.196080369480301 -2.521778193164327 6.469703398183036
457 5.788625021047615 -2.437858598220582 7.781302321641506
458 6.008529780789502 -3.265563556793169 7.296140385841682
459 5.244782646623056 -2.235418930038513 8.215543633680435
460 7.30011896571922 -3.279388544705191 5.996154922882074
461 7.778877983098538 -2.444918143820234 5.788905992852486
462 8.311158930883987 -2.439373724089049 4.99740863446359
463 6.528496340893825 7.183680389709155 2.402804941197691
464 7.212315380217112 6.510792049557874 2.364760821668372
465 4.981964436579975 8.339838259425482 2.372156858067218
466 5.781074549036478 7.795988175145249 2.408681263986198
467 6.043181290131863 7.327113000956036 3.12943684483666
468 5.413635979647011 -4.047088669005016 7.369777390469983
469 6.116954031150958 -4.135107289176467 6.744164965938015
470 6.198907657574656 -4.86309371215471 6.158235412816206
471 6.798201955473187 -4.084922505937414 6.09080112079573
472 7.388096047578745 -4.010667342271709 5.415771806620596
473 7.114731011689964 3.509787083959163 6.087856540406529
474 7.109607953389337 2.476860149710951 6.581689642324146
475 7.672835149835209 2.740439550276021 5.798067939817217
476 8.133445248988743 3.019436329723098 4.97293400644436
477 6.402762603867699 2.456501029528183 7.278065246371476
478 -9.125617581537774 3.231761658105591 2.505757438525778
479 -8.7496233493173 4.136431799680762 2.516748539618386
480 -8.302656124140677 4.471441816258955 3.327477929014721
481 -8.285743686588349 5.002807856840552 2.513635834343503
482 -7.736053699722647 5.829539297700337 2.483937344534884
483 5.767293069202871 -7.781990152514509 2.485751379380433
484 4.959775842507984 -8.324187447994335 2.471543429261916
485 7.157325346732934 -6.551287443237431 2.419364940866471
486 6.476205271967631 -7.222792440661546 2.426939355332364
487 5.966007151126967 -7.355119589927634 3.210759176669071
488 -8.740328408501217 -4.145663687281618 2.533797920810015
489 -9.11791101391665 -3.241037120444354 2.521780546796095
490 -9.038390100294986 -2.693066722354613 3.324890377717102
491 -9.407583582481639 -2.310378891977981 2.481838132136048
492 -9.593940074433947 -1.366887350419093 2.467373668383979
493 9.023260812609671 3.452755489901685 2.580551071879118
494 8.630602098759617 4.323395546897758 2.611696452107464
495 8.290942181087656 5.112945240281264 2.262314902869761
496 8.222832453574055 4.697625250619104 3.212062179534372
497 7.760257551013227 5.897639183776164 2.235230368425192
498 4.673140461766613 -4.062795479435453 7.852098516758343
499 4.76962037759233 -4.921969240528812 7.281822591147372
500 4.563309902878753 -3.373398002086934 8.233856244178945
501 3.92648882664705 -4.252679175995603 8.154594123576551
502 3.952733675097098 -2.798464127788629 8.748971083460821
503 4.693922848570931 -2.601409396301223 8.437994871087531
504 4.104798146176752 -5.64873792134885 7.158379151390304
505 4.849929296860311 -5.638485280138047 6.684734068092957
506 4.912964944917115 -6.290460676398638 6.024357221206092
507 5.581109186097663 -5.567460321191724 6.152609675967754
508 6.265451790108638 -5.51948721778158 5.502669780985425
509 3.242378439318253 -5.535645142713085 7.670959191013934
510 3.318310026672602 -6.248113882747506 7.067523715920729
511 3.134201537520799 -4.774540008362578 8.208565552564428
512 2.34302046766272 -5.365939387452848 8.106599137634458
513 3.034054534382282 -4.09165118128795 8.605399682354054
514 2.518152830167987 -6.787659832404212 6.898302713239205
515 3.38353957522262 -6.906085794777318 6.391998039586469
516 3.424679254595052 -7.517062319134633 5.636075415871628
517 4.221021588313882 -6.969192176998814 5.79770102290957
518 4.956561172672987 -6.903126589570498 5.270611409496565
519 1.644384104584987 -6.614053812038233 7.317806576293933
520 1.710741446937655 -7.274467653632427 6.644959296939689
521 1.547101221816516 -5.865169117427703 7.950237042593521
522 0.7382445437732733 -6.347555640096699 7.691783433604042
523 1.437352386445102 -5.099717923585707 8.480972539575827
524 0.8962110707040447 -7.736141400974669 6.272871905345524
525 1.770921736485552 -7.91112679423713 5.85473390076324
526 1.744711459944642 -8.470289700719283 5.020973442214833
527 2.561132045040553 -8.018001474072047 5.39928282363916
528 3.39984884510943 -8.083356396200069 4.806285176976029
529 0.0138511197800748 -7.480788881594486 6.636083623304724
530 0.07363525468250365 -8.11462592062464 5.843579726297447
531 -0.0473783888980286 -6.775886605004239 7.354258358555915
532 -0.8698740725129751 -7.158257361817673 6.928395964431649
533 -0.1452371324119499 -6.022964588536709 7.981403619702588
534 8.302470640924968 -5.001757511649931 2.459959969436994
535 7.75464663567354 -5.818790735928137 2.450944700990605
536 8.327625197570004 -4.382593816316866 3.38282869947302
537 8.75901678323765 -4.048119105819426 2.625329826147733
538 9.129523158756394 -3.166909797566668 2.57341975352
539 -0.7427357979561305 -8.391355368671617 5.388274177424575
540 0.1392833341903822 -8.645204362863929 5.02404634504254
541 0.1372718647059673 -9.095400241959476 4.153895866981216
542 0.9537133916943111 -8.82225875059177 4.610659530274369
543 1.743417826681922 -8.927465924491703 4.154617485238228
544 -1.747729053910855 -6.763144159115058 7.155789560708429
545 -1.686274362530929 -7.465939918888193 6.43554348146469
546 -2.492135499672712 -7.654395980571581 5.932915204507868
547 -1.615255276013223 -8.051206812372754 5.706927304400678
548 -1.549918015027683 -8.584509478487988 4.889166714322855
549 -1.789146859070165 -5.99528306379496 7.800995737830696
550 -2.606167882163522 -6.305499109395844 7.310852888096404
551 -0.9623449910256524 -5.640127061961264 8.201393713459929
552 -1.820591515126319 -5.182444585474896 8.356297903589363
553 -0.1766274261355802 -5.209005252301369 8.534346315555368
554 -3.431631732602345 -5.773560374579155 7.408772115059691
555 -3.389981678997589 -6.540400946545657 6.762483247630663
556 -4.128213310811931 -6.665888044277191 6.206753695902359
557 -3.302729957355261 -7.196471332687364 6.107599789327808
558 -3.232526574787407 -7.784127820003631 5.381275501694622
559 -3.447143371273758 -4.962872729738916 7.967879068252555
560 -4.23138172070452 -5.198832517008229 7.420751255350466
561 -2.661177288303544 -4.674489512296986 8.430141353479364
562 -3.459967931415564 -4.098625229286079 8.439780396635658
563 -1.834375420259081 -4.319333510463437 8.830539329108779
564 -5.126479954436568 -4.631866421653937 7.229454801623342
565 -5.104825470212171 -5.437776795764548 6.661181609753463
566 -5.730836687592794 -5.526278316680592 6.051260928659942
567 -4.850439504340529 -6.105348620571893 6.260827008951267
568 -4.766586686996508 -6.766760558389581 5.611648857579273
569 -4.979015138082914 -3.732685126442374 7.827928844948521
570 -5.853544689926069 -3.970483403400046 7.069036434080893
571 -4.165910895129202 -3.497017386168383 8.391427519479619
572 -4.899137593802084 -2.842119881689175 8.24140797528567
573 -3.378134898442728 -3.206915989491332 8.848948776225804
574 -6.452837950837328 -3.129042196558931 6.969216405908714
575 -6.590687641162538 -4.019546434292883 6.35657792205765
576 -7.426812864284481 -3.720566152636311 5.567749831193528
577 -6.844286521079267 -4.571765933030903 5.679321990427267
578 -7.187317411321183 -5.036464499193073 4.793380203706697
579 -6.351842917928713 -5.337940063879757 5.582157953729565
580 -6.092351493592948 -6.002850507242095 5.181605838561932
581 -4.747923133413503 -1.908935065234566 8.591460460009975
582 -5.561838547061837 -2.144746514457867 8.029073070108273
583 -6.148463585134626 -1.412913731147523 7.758870428780743
584 -6.29755604019962 -2.344982331112085 7.405528055940199
585 -7.033144272483776 -2.394734906469735 6.693289652343162
586 -3.910586543082712 -1.668816447428187 9.051097422625258
587 -4.57358124561406 -0.9718616124947351 8.839561052220098
588 -3.277203592935267 -2.40872566800836 9.135533770214517
589 -3.105409289785035 -1.473578917298364 9.390686786247883
590 -2.571896309130368 -3.00989152184017 9.18291361180297
591 -5.960535675549502 -0.4806519613961313 8.015047607625776
592 -6.69808142473565 -0.681585462242193 7.393993946797045
593 -5.165169413163325 -0.2750558689942431 8.558350845943036
594 -5.714787252760472 0.4562723999104263 8.193474363953694
595 -4.326633177654912 -0.03492756682471052 9.015488085017441
596 -7.134947829439633 0.03291465795604653 7.006528105735844
597 -7.322764935156181 -0.8987974424407106 6.750501971106232
598 -7.813336451651556 -0.9128303158208176 6.174019299274303
599 -7.373298958902472 -1.625961960045939 6.556730142924236
600 -7.530818832280942 -2.40882778846506 6.122443662532243
601 -5.413602213108168 1.38877066498441 8.292419859022402
602 -6.208968475489093 1.183174572582467 7.749116620697932
603 -6.726746842776974 1.830178332253663 7.169471681047302
604 -7.02158103055458 0.8956905999213058 7.063649069749196
605 -7.640785310581192 0.6770095889470924 6.415610481792076
606 -4.565720996385719 1.580894909066898 8.755282009715561
607 -5.059902219106051 2.307797081736976 8.31092426644666
608 -4.2152620697909 0.8715909599919321 9.026178309863067
609 -3.863667090978943 1.789719745912264 9.048147867999177
610 -3.62854839863326 0.1761772712148562 9.316791190527097
611 -4.677663560002117 3.21501056045543 8.23305354747486
612 -5.524499041057801 3.022148542732852 7.768302808915801
613 -6.005500392951602 3.658267461032108 7.109925753044953
614 -6.386517695423059 2.749840587448809 7.186846907348682
615 -7.19382202148225 2.460650706576458 6.495700333563873
616 -3.764060500904783 3.36547600828196 8.631652204717643
617 -4.229492138410344 4.080689587144132 8.090696431364764
618 -3.282449663990819 2.628313761425015 9.07289870850934
619 -2.834489162507966 3.493868443885374 8.930764496080215
620 -2.940369515133665 1.921222981941709 9.362859038142762
621 -3.798965006908152 4.960672979776679 7.807662163797875
622 -4.708048340060242 4.804577592492418 7.399345578182963
623 -5.042435933377784 5.407821324723913 6.732704388107487
624 -5.479741025133352 4.536696286322987 7.027860634868459
625 -6.342771363993176 4.266022972220051 6.447503348165005
626 -2.802564196417352 5.044952529593458 8.166644837331186
627 -3.282214599868764 5.771145488554778 7.478030962114437
628 -2.359032538657353 4.325530657961689 8.70199689775797
629 -1.844932407263007 5.138714220400046 8.377937727966774
630 -1.877421701743923 3.588368411105226 9.143243401550848
631 -2.664171746302356 6.449582176744301 7.162756358527526
632 -3.656187812882843 6.360039074148871 6.795748204004216
633 -3.971549317264264 6.899446705525375 6.051812222644783
634 -4.584051465856589 6.211394836954148 6.356496388564805
635 -5.360071119939252 5.94793985115376 5.990963955512516
636 -1.69511140590782 6.500434177042329 7.407493019335303
637 -2.072671068231989 7.096483196809441 6.733792458957682
638 -1.303700138940545 5.84314216785434 8.00987238062935
639 -0.7113721730986208 6.486825669752831 7.577271432486544
640 -0.860642610010501 5.123287045385696 8.544660563674686
641 -1.456254347513312 7.668442550742712 6.250944898277956
642 -2.425375513683986 7.618194175250756 6.006718831924597
643 -2.74133509405185 8.068914850587936 5.232369925385743
644 -3.355967505261582 7.491590821990447 5.710827353326035
645 -4.282378066013028 7.340809186404593 5.27008145938262
646 0.2663984765058419 6.394490162184094 7.683718332776534
647 -0.1252604536684031 7.055333561864681 7.085660036268506
648 0.4898299831119723 7.554173619478086 6.534104951286432
649 -0.4878713974726263 7.6458793983941 6.426702865757898
650 -0.8413564257189347 8.171296112693964 5.70280976392988
651 -7.591033133836555 3.008643494616248 5.772718621524776
652 -7.916722975541258 2.084289547714121 5.742929079296278
653 -8.461996411489771 1.743510973218176 5.03535363387737
654 -8.079660285424586 1.20064430076697 5.768669078320276
655 -8.197853431620832 0.3383086220088199 5.716707653005971
656 -7.266726003600755 3.808715954761381 5.717374919011233
657 -6.768296524217559 4.705977767398263 5.660736296014658
658 -6.206391607843836 5.595781208870779 5.492534558155667
659 -7.133341461107981 5.139802454470214 4.764228198592068
660 -5.743147085665991 6.395255273619111 5.11047664485938
661 -1.66423716777902 2.693935268516203 9.485411294109888
662 -1.192738967189706 3.531967920578385 9.279147394246545
663 -2.821408933859418 1.271647659774928 9.509077970935312
664 -2.235109016965548 2.105083764969452 9.51698008954213
665 -1.553884331259859 2.051135523252454 9.663244100731234
666 0.6565482791893777 5.692449537425968 8.195423272836635
667 1.242345456495514 6.258002388814978 7.700258688402033
668 0.05882269599642598 5.010269708590409 8.654116785531444
669 1.035381954154039 4.873569508726129 8.670427005207248
670 -0.482082665671564 4.301956310865891 9.014475481294523
671 2.205513258197676 6.062451007700821 7.64083758806203
672 1.816105775152324 6.768312402291749 7.133842375497378
673 2.374871281987052 7.241232286513331 6.474916321216059
674 1.411439855280269 7.436952395276933 6.534491304249405
675 1.048172204941473 8.024907263079237 5.873857203555961
676 -2.083313568008296 8.604281487467251 4.650391882603107
677 -3.01556751105026 8.48100573017194 4.356477291469432
678 -1.1775064383379 8.628518345463867 4.915500966296953
679 -1.449881672630491 9.033622218230217 4.036274613262528
680 -0.2089034053146869 8.604803235448257 5.090552096429928
681 -5.471364158896206 -6.675488440551848 5.049953298873632
682 -4.753053716770643 -7.240395595409838 4.998514978217289
683 -3.954498731431979 -7.790302297732018 4.86550407389143
684 -3.145866975543196 -8.251142557410649 4.692778225046818
685 -4.671343153825586 -7.717024556970517 4.31579484293691
686 2.561687268340802 5.306803734867331 8.079331188831089
687 3.134164493647978 5.813567975411121 7.508624396121474
688 1.414312800909704 4.08402792777162 9.017784383448321
689 2.011174835450278 4.765786593279261 8.558180526757495
690 2.939126618787054 4.516125639984547 8.424140545041466
691 3.315265135550905 6.975268194572561 6.352531046345629
692 2.910599215678974 7.64390818755817 5.753179975098131
693 3.68777113854842 6.238964218122001 6.89025903102943
694 4.223499072240123 6.64164011916655 6.168522684911206
695 4.041626631827564 5.479515440619878 7.323944613724938
696 3.35892610490959 7.952614794199214 5.047131200676349
697 2.417375306519422 8.213661423803867 5.166436164567056
698 2.008635582297523 8.703019588473737 4.496980446941118
699 1.560472259187975 8.395974060570516 5.203128472614511
700 0.6395046508677451 8.514993613365966 5.204413277772561
701 5.094039388133635 6.365184716610224 5.790957281449649
702 4.713327550492806 7.09126788333274 5.24389771149086
703 4.939898289381087 7.378681039947992 4.599181557764581
704 4.073343347823225 7.655758572257307 4.979682184040767
705 3.584238233735542 8.233731771160912 4.399874703261869
706 5.427445173899302 5.462996757044272 6.379538017508865
707 5.925383069673483 5.920658003795283 5.462201413324276
708 4.866610144427281 5.055629763233013 7.124374597062538
709 5.699263747401996 4.614146477471765 6.799120900674165
710 4.312751595884287 4.630936317736603 7.743035741443125
711 6.75970775581306 5.215054034660771 5.206684402916043
712 6.426706922008546 6.115384689565886 4.615139026858302
713 7.021795233673085 6.058579414296312 3.740054435035796
714 6.188202722585761 6.764586808645707 3.993308449453743
715 5.439233449775447 7.377341236890775 3.998696756859013
716 4.796223473641943 7.939638691085658 3.736091252352066
717 6.22631563499357 -6.054754896217071 4.957109718391355
718 6.840254938130935 -5.348612607447508 4.960166888001746
719 7.346393911969219 -4.613589948878397 4.974463214638322
720 7.850883336412669 -3.810991709096706 4.882619484583458
721 7.323730403737893 -5.161368838306619 4.441085980739684
722 4.492175699883285 -8.317798405403757 3.261071475518565
723 4.76090177866017 -7.749507152342241 4.156796019742476
724 4.003964036127954 -8.167688298357042 4.154171380465108
725 3.134135760009211 -8.653541610339348 3.910679050491997
726 4.97139561534601 -7.300671349245041 4.68886164074299
727 5.659687706776345 -6.619799190763409 4.913877667965782
728 5.463785735472641 -7.462687650938483 3.802017682938356
729 0.6267781619300459 -4.906366544362227 8.691071077151001
730 -0.1889755607692142 -4.525946123038017 8.915161239640543
731 -0.925499688493622 -4.08514779638844 9.080474536512995
732 -1.767298198384284 -3.58307268603377 9.167237708524112
733 1.535430317984149 9.10387153931844 3.842131795527424
734 2.393984147825611 8.930547755830194 3.809744962697105
735 3.28648304094358 8.667742232873843 3.750903065402438
736 2.816505634279573 9.080366336834073 3.100684311722492
737 4.007445635429113 8.384874652961452 3.692459415241381
738 -0.7393323138188143 -9.274962915471415 3.664485045183471
739 0.07507058633210549 -9.456016152275451 3.252402640352749
740 -1.558070377530556 -8.990067447774084 4.092811256720072
741 -2.428425518036879 -8.641573588147903 4.407488561978567
742 1.178167464301977 3.539079217519689 9.278299397959762
743 2.149077741776239 3.424969762578391 9.146094630235664
744 0.6928040805669309 2.949144111534046 9.530087697149165
745 -0.2733966369162123 3.419521324638219 9.393195845358884
746 -0.02041581004300949 2.167506949773185 9.762248553350055
747 5.846481547137135 3.725742284577307 7.206767510326502
748 6.410529435532272 4.134921630057925 6.465874687113367
749 6.963070012390883 4.395177052975819 5.67433473418141
750 7.46054215855741 4.587803739970528 4.826216690524781
751 5.219654756569163 3.43516227399023 7.807359628810446
752 5.93647984571907 2.960495989676304 7.482891856527249
753 3.682716258796313 3.905124598894631 8.437274608800244
754 4.50371430102844 3.473595162153762 8.225004203292171
755 4.577778395088254 2.696661010401774 8.471833589043289
756 -3.178881971367192 8.79141254533984 3.550461219300662
757 -3.836673142549436 8.258314969438651 4.132816601639291
758 -4.479417243385661 7.722793250331616 4.50480694062372
759 -5.088566608691051 7.120599630529007 4.837721650800572
760 -4.645998761892 8.043492252386265 3.703637116443796
761 -0.7503026407026248 9.350759216413955 3.464151847711666
762 -1.655729717121293 9.328547803677825 3.19949292518972
763 -1.861140754177502 9.57375552121923 2.20892741235739
764 -2.561936281041731 9.257427730835493 2.781459023649293
765 -0.06186367327606879 9.267426545443399 3.756458187008049
766 0.3033487846901308 8.967326141423284 4.415318945237551
767 0.785613959702962 9.185535193727798 3.874113306436437
768 8.753266599857371 -2.547085072299724 4.110070737382665
769 9.128239396091919 -2.526058614311784 3.208469012581651
770 9.478582015174187 -2.270471601428413 2.23639032566401
771 9.038804569457495 2.809809241358775 3.225675740419229
772 8.579277701868639 3.086685810001568 4.107111494049623
773 9.461413622691966 2.345325230748914 2.231838215989565
774 8.106308437772089 3.834098871016135 4.425771046832158
775 7.911500692034727 4.658814214725047 3.962777676404505
776 7.570602706634322 5.446040802426607 3.609240119000901
777 7.338186964278997 6.098877230457212 2.992441913403893
778 1.42371997381399 -4.415069047876395 8.858904375747992
779 2.452787066956207 -3.782538722198886 8.926154626670904
780 3.247580733662913 -3.265269368011976 8.876442718379032
781 0.06703568093715054 -9.737769337474777 2.274061245353192
782 0.9440979707603631 -9.563434718429773 2.765754039667698
783 1.631117669243019 -9.267123238477184 3.385244752150032
784 2.423278465890255 -8.926687242405196 3.800260037554393
785 3.120262910014304 3.352167517485258 8.8897093488542
786 -3.153172630528077 -8.653325698771575 3.895825549619498
787 -3.851910578053415 -8.538603276429821 3.500719781191024
788 -4.520411519488572 -8.43179612913854 2.910445624147509
789 -4.949844475258879 -8.403273554511168 2.209984895605031
790 -4.539145746161347 -8.155173408439241 3.590167485423323
791 5.771974126716048 2.16573695204074 7.873620395668425
792 4.993405188765691 2.053595546360208 8.417164008903319
793 3.374733044512863 -2.492601831194516 9.077340634205521
794 -8.306719477798083 -4.46299177697238 3.328680807143705
795 -8.583878569466101 -3.101553916881902 4.086244242006972
796 -8.881229100830716 -2.173646289458555 4.049571763394336
797 -8.210861178324803 -3.945432430160643 4.124963230056155
798 -8.04889570691428 -3.423945478740676 4.846841781802682
799 -7.770587958937639 -4.785196862439704 4.088991777946077
800 -8.577246705411378 -1.726793749365838 4.842419054735012
801 -9.033102120678853 -1.317746955313088 4.082475846732016
802 -9.090534692199048 -0.4250827414831438 4.145055328076906
803 -9.383099433639542 -0.8697749629221471 3.346780024487283
804 -8.148229122464649 -2.111037649838144 5.399063086201607
805 -8.301155910297602 -1.256634536926312 5.432465388158048
806 -7.812634033998332 -2.88206804712058 5.536825193427864
807 -8.678099235393205 -0.005578306918716168 4.968959905569758
808 -8.251435251192394 -0.5286816543922899 5.62443881677884
809 -9.045181850355362 0.4421115424675898 4.241370377368481
810 -7.288306750083334 -5.556992308765691 4.000052649279591
811 7.27927538427578 -6.071122707108919 3.186474376972638
812 6.178752717510902 -6.912701604728944 3.746674709636471
813 7.34136355340812 -5.613814855701522 3.819615679959936
814 6.74079121747279 -6.342539483684877 3.786017255684405
815 6.247920276877991 -6.461759011627641 4.382825879432789
816 -9.009921969700452 2.730828084328461 3.371036053463695
817 -8.222682277392426 3.921599118548357 4.124143125360375
818 -7.754386334746521 4.785730551677693 4.119013918189055
819 -8.536776239945372 3.117350968837726 4.171998845420582
820 -7.979259679618507 3.427924136366992 4.957897848940309
821 -8.786183173001104 2.244547406203668 4.214853756867089
822 -7.208456079112744 5.685445446067323 3.964072531538099
823 -7.238093372402806 6.117407130676039 3.191760381033095
824 -7.131225883123241 6.604835894921675 2.349842591542542
825 -6.60352666524051 6.460191218933856 3.828755019097911
826 -8.952422884937066 1.361232850613119 4.24277852540841
827 -6.456237384326899 7.287502104803531 2.282391708209586
828 -6.037848012337487 7.432626258264963 2.881051593578713
829 -5.937778427350568 6.774146361116369 4.342088026038171
830 -5.958636208920572 7.196480603722507 3.564452475484336
831 -5.361224306931893 7.732416742685416 3.386296686381882
832 -5.760149690968373 -7.846446125290669 2.292151552700652
833 -5.95784254326214 -7.387096573185342 3.151970248611033
834 -6.696946117176478 -6.257347448287706 3.999564428164926
835 -6.085803265992312 -6.48363309746486 4.574439907255917
836 -6.078618685457271 -6.933505024527228 3.870000381352103
837 -5.333290062161441 -7.597776715176525 3.718844726413224
838 3.294481952940822 9.145917303769933 2.344906252784731
839 4.188498625000049 8.777671833915552 2.325716329318411
840 -1.066766891369461 1.796546187401074 9.779285771262266
841 4.501641716057395 8.378313564087133 3.088540704294733
842 8.329073231031517 -3.312586911348315 4.433205055812108
843 8.287976950832652 -3.91816986016845 3.994669324153656
844 7.844399627783365 -4.876153039129206 3.832561287001583
845 -2.36190066521706 -1.225186440121609 9.639519875729775
846 -2.987575802454268 -0.4822496485443676 9.531097843431709
847 -2.88557010252241 0.4249155030570533 9.565193777372761
848 -1.640409052480272 -1.90264959917101 9.679306929905424
849 -1.527965743728877 -0.9132874438544156 9.840285906968807
850 -1.667596233398679 -2.785741977260657 9.458264345982428
851 -2.185551427601944 0.6142703175552114 9.738893003533704
852 -1.697379970823413 0.3589010069093812 9.848354751017398
853 -1.635231363739551 1.204720701807791 9.791560979623128
854 -6.297130806481393 5.148973843001553 0
855 6.379665370388281 -5.23486324085498 0
856 5.271633338693047 6.388261382442508 0
857 -5.23637136070071 -6.380536964301641 0
858 -8.29981393912648 -0.9902507687397772 0
859 -0.8090472571066414 8.214394653031629 0
860 8.030954471946348 0.8467476381331007 0
861 0.7448116566617777 -8.355821418886615 0
862 2.289348424845224 7.726633978929357 0
863 4.038234029562929 -7.399722328566275 0
864 8.090811011736459 -2.538904462145911 0
865 -7.478511712215822 -3.97850764280623 0
866 -7.898720073201193 2.396050538948383 0
867 -3.892082775775515 7.423768944624076 0
868 7.133679161720625 3.870192212192716 0
869 -2.281099876851245 -7.482182846009279 0
870 8.529258544832942 -0.882726603308333 0
871 6.75123198522661 -1.095266442927805 0
872 6.040878593660917 1.012924586201521 0
873 4.74093846625575 -0.4027840532592464 0
874 4.227378194784137 1.522301054045606 0
875 2.852962769909489 0.1428117336611763 0
876 2.353426230144052 2.039390896391073 0
877 0.9694609611960345 0.657136709459925 0
878 1.468882942931433 -1.233786118476448 0
879 -0.4190919894718252 -0.7255096108203833 0
880 -0.9221560070533723 1.168538267979958 0
881 -2.31074729829008 -0.2149417073174043 0
882 0.08508259454423239 -2.620025367125722 0
883 -2.814406886797073 1.679492181661665 0
884 -1.425628301978563 3.063041728017748 0
885 1.967202153739224 -3.128673516136438 0
886 -4.203123789913739 0.2959309338776848 0
887 -3.699240655840936 -1.598578126385016 0
888 0.5908067604284462 -4.502881546229601 0
889 -1.302823061061257 -4.00191775760102 0
890 -3.295935033984007 3.551701979682315 0
891 -1.886936982440028 4.906681370746748 0
892 -0.03673680724265083 4.446613357779375 0
893 5.159126199549231 -2.326425101767374 0
894 3.728141374803991 3.389025121622044 0
895 2.399861960130668 -4.933813958524873 0
896 -5.529512220674011 -1.071073170163313 0
897 -0.8028728093864395 -5.8240869936838 0
898 -2.661475602111832 -5.281942982387298 0
899 -4.957367945197809 -2.926126382790539 0
900 -6.285415035367485 1.003762185820635 0
901 -4.659932331349379 2.212403058059866 0
902 -1.807042924584314 -2.109005042185435 0
903 -3.161128321098349 -3.437687300907236 0
904 0.4655644140196813 2.551677986578284 0
905 1.85067346335695 3.929010726720756 0
906 3.373762425813572 5.634018991816955 0
907 1.276734206009529 5.915227931284321 0
908 5.574250760036239 2.860798294165804 0
909 3.337003641087758 -1.76689383202768 0
910 -0.4963539617653545 6.267474345266081 0
911 3.72879543229673 -3.645996866188895 0
912 1.111351613799918 -6.511482198984438 0
913 -4.023286834111306 5.471560519092616 0
914 4.286824928884784 -5.475172835132532 0
915 -4.909538207358625 3.833020059262394 0
916 -4.624850960948244 -4.833802703138176 0
917 5.226895245647096 4.600728012457896 0
918 6.566142042954596 -3.271209424400559 0
919 -2.255970607050315 6.671190397591822 0
920 0.6574417279267522 7.41378178935706 0
921 2.378640788643425 -7.972208524953316 0
922 -8.283669089055104 -2.622945918000331 0
923 -6.561833816492937 -5.40486287982851 0
924 -4.046478855421221 -7.570429469581143 0
925 4.06345616863976 7.46048116026542 0
926 6.627222008644715 5.459062249856274 0
927 -5.367854111685926 6.686013448321852 0
928 -0.841381059366217 -8.542685256651646 0
929 -8.189564565768396 0.6589395511849787 0
930 -7.604149671737577 3.941604386454514 0
931 8.214394653031633 2.491809375839026 0
932 -6.275814354249276 3.089302345257892 0
933 5.466298894179491 -6.699104467888948 0
934 -2.511469775444271 8.279206304741432 0
935 -6.752676575618365 -2.311221931744006 0
936 5.221004548655372 -4.067988255885143 0
937 2.773476156724202 -6.475936284919452 0
938 7.780715871552072 -4.148501848591382 0
939 -0.3063173426527293 -7.271145227422684 0
940 -6.017684595832286 -3.974309297365941 0
941 0.8451647035881216 8.749462726503253 0
942 -6.930182953305383 -0.4757773372682941 0
943 -3.792268376631061 -6.273230451937512 0
944 6.882533660881762 2.244533470253653 0
945 9.015477235973172 0.4233738190665512 0
946 8.919403637989326 1.398825429147189 0
947 9.168555674432621 -1.416814911734811 0
948 9.264629272416471 -0.4413633016541674 0
949 8.280106508389643 -0.01798948258761612 0
950 9.01112372853197 2.221356298000153 0
951 8.726594989072254 3.159321849744957 0
952 8.122674562488989 1.669278506986064 0
953 8.186237243416748 3.848513267921803 0
954 7.724187642373042 4.712947271194363 0
955 7.674036907376127 3.181000794015871 0
956 7.470959065835089 5.507382290026143 0
957 6.849144910255102 6.265065030860868 0
958 6.880450585182672 4.664627231024495 0
959 6.17135057527927 6.729664597153985 0
960 5.413667834444546 7.351478752733975 0
961 5.949427673668879 5.923661816149391 0
962 4.809579249417901 7.887588641645429 0
963 3.945145246145341 8.349638242689139 0
964 4.667544753666403 6.924371271353962 0
965 3.058091374248074 8.482714652021109 0
966 2.120125822503269 8.767243391480829 0
967 3.176402296742491 7.593557569597387 0
968 1.398033961874717 9.278657765267777 0
969 0.4225823517940768 9.374731363251627 0
970 1.567256564216674 8.238048352716305 0
971 -0.4045236285533029 9.107197326515816 0
972 -1.379975238633941 9.01112372853197 0
973 0.01805872324074009 8.481928689767443 0
974 -2.231186497802756 9.043529554386872 0
975 -3.169152049547561 8.759000814927159 0
976 -1.660258516275455 8.246800478886531 0
977 -3.859458549713183 8.331282134868481 0
978 -4.723892552985747 7.869232533824778 0
979 -3.201776275609893 7.851487624682754 0
980 -5.461778220940952 7.500354785673665 0
981 -6.219460961775679 6.878540630093685 0
982 -4.62996844373072 7.054891196472965 0
983 -6.684099309173414 6.110020827433537 0
984 -7.305913464753406 5.352338086598813 0
985 -5.832492459083659 5.9174936456617 0
986 -7.959422897381498 4.748653358325294 0
987 -8.42147249842521 3.884219355052736 0
988 -6.950640239109485 4.545289114728034 0
989 -8.568757699157018 3.11144243129967 0
990 -8.853286438616742 2.173476879554865 0
991 -7.751434872469385 3.168827462701449 0
992 -8.998708684900343 1.304921385673163 0
993 -9.094782282884198 0.3294697755925249 0
994 -8.044142319484795 1.527495045066681 0
995 -9.14990696956324 -0.4951253843698531 0
996 -9.053833371579401 -1.470576994450489 0
997 -8.244689252447438 -0.1656556087773993 0
998 -9.045760946543712 -2.286924569080767 0
999 -8.761232207084001 -3.224890120825577 0
1000 -8.291741514090791 -1.806598343370055 0
1001 -8.35865351866436 -3.902670983228527 0
1002 -7.896603917620656 -4.767104986501099 0
1003 -7.881090400635463 -3.300726780403281 0
1004 -7.438264969759213 -5.480282605012238 0
1005 -6.816450814179229 -6.23796534584697 0
1006 -7.020172764354379 -4.69168526131737 0
1007 -6.153719586283115 -6.725802388083536 0
1008 -5.396036845448393 -7.347616543663529 0
1009 -5.899102588596824 -5.892699922065075 0
1010 -4.801090592808648 -7.94256279630328 0
1011 -3.936656589536083 -8.404612397346995 0
1012 -4.641425108060966 -6.975483216941393 0
1013 -3.053967100251095 -8.360489085561063 0
1014 -2.116001548506286 -8.645017825020787 0
1015 -3.163789366136234 -7.526306157795212 0
1016 -1.396142139763773 -9.175269030341971 0
1017 -0.4206905296831316 -9.271342628325822 0
1018 -1.561240468108732 -8.012434051330462 0
1019 0.3724058283308658 -9.177910709443308 0
1020 1.347857438411509 -9.081837111459464 0
1021 -0.04828470135221963 -8.449253337769131 0
1022 2.164772004402332 -8.890030664492814 0
1023 3.102737556147142 -8.605501925033099 0
1024 1.561726222652602 -8.164014971919965 0
1025 3.932534176606893 -8.31925882683958 0
1026 4.796968179879467 -7.85720922579587 0
1027 3.208437409103176 -7.685965426759795 0
1028 5.51100061218775 -7.506900295457207 0
1029 6.268683353022475 -6.885086139877219 0
1030 4.75226646187121 -7.049413398227611 0
1031 6.725366591126871 -6.152965526360235 0
1032 7.347180746706861 -5.395282785525509 0
1033 5.922982132283884 -5.966983854371964 0
1034 8.047705997288759 -4.852102089393711 0
1035 8.509755598332468 -3.987668086121143 0
1036 7.080190620970178 -4.691682544723181 0
1037 8.664803168424662 -3.182869392898407 0
1038 8.949331907884378 -2.244903841153599 0
1039 7.935763441644266 -3.343703155368647 0
1040 8.310034778284702 -1.710815532727121 0
1041 -5.160208820296349 5.310267181047085 0
1042 -4.466412520734965 4.652290289177504 0
1043 -5.603334506920008 4.490996951131972 0
1044 -4.695570472898616 6.078786983707232 0
1045 -5.59267628080395 3.461161202260143 0
1046 -6.286472580365334 4.119138094129722 0
1047 -6.939982012993426 3.515453365856203 0
1048 5.333245149636532 -5.355018037993756 0
1049 4.876561911532137 -6.08713865151074 0
1050 4.753914738770078 -4.771580545508837 0
1051 5.800334959521827 -4.651425748370062 0
1052 6.472903706671438 -4.25303633262777 0
1053 5.893573295804984 -3.669598840142851 0
1054 7.173428957253336 -3.709855636495971 0
1055 4.322697882253308 6.011140187129733 0
1056 5.249264292170071 5.4944946974502 0
1057 4.300328835730333 5.117373502137426 0
1058 3.718609297226667 6.547250076041188 0
1059 5.927058627145904 5.029895131157083 0
1060 -4.930611160824477 -5.607169833719908 0
1061 -5.593342388720591 -5.119332791483343 0
1062 -4.208559668789652 -5.553516577537843 0
1063 -4.514319868665885 -6.326883708119577 0
1064 -3.919373616026141 -6.921829960759328 0
1065 -7.526245257372422 -1.650736350241893 0
1066 -7.518172832336735 -2.467083924872169 0
1067 -7.55987375953689 0.09158110695834232 0
1068 -7.614998446215932 -0.7330140530040357 0
1069 -6.841429764461874 -1.393499634506149 0
1070 -0.6527006094359979 7.240934499148857 0
1071 -1.376162284407835 6.469332371428951 0
1072 -1.532508932078478 7.442792525311724 0
1073 -0.07580276458994462 7.814088221194346 0
1074 0.08054388308069882 6.84062806731157 0
1075 -2.383720191247292 7.475198351166625 0
1076 0.7513032157574369 8.081622257930157 0
1077 7.640245265029776 -0.9889965231180682 0
1078 7.391093228586477 -0.1242594023973531 0
1079 6.396055289443765 -0.04117092836314207 0
1080 7.035916532803633 0.9298361121673118 0
1081 6.461706127271341 1.628729028227587 0
1082 7.456744066414053 1.545640554193376 0
1083 7.548464156956697 2.36817142304634 0
1084 0.9280816352308481 -7.433651808935527 0
1085 1.744996201221671 -7.241845361968877 0
1086 0.2192471570045242 -7.813483323154649 0
1087 0.4025171355735946 -6.89131371320356 0
1088 -0.5738492010094731 -7.906915242037165 0
1089 2.831555425329398 6.680326485373158 0
1090 2.325248315911551 5.77462346155064 0
1091 1.783041315427376 6.820930955106839 0
1092 0.9670879669681405 6.66450486032069 0
1093 1.473395076385987 7.570207884143208 0
1094 4.162529479223856 -6.437447581849403 0
1095 3.405855093143565 -6.937829306742864 0
1096 3.530150542804492 -5.975554560025993 0
1097 2.576058472683814 -7.224072404936384 0
1098 7.421021498481537 -1.817085452536858 0
1099 7.328476527345529 -2.905056943273236 0
1100 6.658687014090603 -2.183237933664183 0
1101 -7.115594143917093 -3.144864787275118 0
1102 -6.748098154024055 -3.976408470086085 0
1103 -6.289759206162612 -4.689586088597226 0
1104 -6.385180585725325 -3.142765614554973 0
1105 -7.092067554284339 1.69990636238451 0
1106 -7.237489800567941 0.8313508685028062 0
1107 -7.087267213725234 2.742676442103138 0
1108 -6.280614694808381 2.046532265539263 0
1109 -3.95768480494341 6.447664731858346 0
1110 -3.074026691412915 7.047479671107951 0
1111 -3.139628720580811 6.071375458342217 0
1112 6.353964960878432 3.36549525317926 0
1113 5.400573002841668 3.73076315331185 0
1114 6.180287203683861 4.235460112325306 0
1115 7.008106411301192 3.057362841223185 0
1116 6.228392210458999 2.552665882209729 0
1117 -1.541986343118843 -6.65313491984654 0
1118 -2.471287739481539 -6.382062914198288 0
1119 -1.732174205749136 -5.553014988035549 0
1120 -0.5545950760195844 -6.547616110553242 0
1121 -1.293708609751988 -7.376664036715981 0
1122 -3.036684126741153 -6.877706648973396 0
1123 -3.226871989371446 -5.777586717162405 0
1124 5.746085225741179 -0.7490252480935258 0
1125 5.390908529958335 0.3050702664711373 0
1126 5.955179092387922 -1.710845772347589 0
1127 4.950032332902492 -1.36460457751331 0
1128 5.862634121251915 -2.798817263083967 0
1129 4.484158330519943 0.5597585003931798 0
1130 5.134128394222529 1.267612820123563 0
1131 4.900814477410188 2.191549674105705 0
1132 5.807564676848578 1.936861440183662 0
1133 3.796950618082619 -0.1299861597990351 0
1134 3.540170482346813 0.8325563938533911 0
1135 4.038971053671755 -1.084838942643463 0
1136 3.094983205498623 -0.8120410491832519 0
1137 4.248064920318495 -2.046659466897527 0
1138 2.60319450002677 1.091101315026124 0
1139 3.290402212464095 1.780845975218339 0
1140 3.040783802474021 2.714208009006558 0
1141 3.977759784794063 2.455663087833825 0
1142 4.651196067420116 3.124911707893924 0
1143 1.911211865552762 0.3999742215605515 0
1144 1.661443595670043 1.348263802925498 0
1145 2.160922856420461 -0.5454871924076361 0
1146 1.219171952063734 -0.2883247045082626 0
1147 2.402943292009596 -1.500339975252064 0
1148 0.7175126876078579 1.604407348019105 0
1149 1.409495322081867 2.295534441484678 0
1150 2.1020498467505 2.984200811555915 0
1151 2.789407419080471 3.659017924171401 0
1152 1.158118938688315 3.240344356649519 0
1153 0.5248954767298031 -0.9796478646484168 0
1154 0.2751844858621055 -0.03418645068022919 0
1155 -0.6706239982625988 0.2215143285797865 0
1156 0.02365247707133022 0.9128374887199406 0
1157 -0.2282957965168464 1.860108127279121 0
1158 0.7769827687378328 -1.926905742801086 0
1159 -0.1670046974637955 -1.672767488973053 0
1160 1.71804254833533 -2.181229817306443 0
1161 1.026142374141727 -2.874349441631079 0
1162 2.652102897413492 -2.447783674082059 0
1163 -1.364919643880953 -0.4702256590688947 0
1164 -1.616451652671726 0.4767982803312769 0
1165 -1.11306745702807 -1.417257326502909 0
1166 -2.058895111437197 -1.161973374751419 0
1167 -0.8609801650200417 -2.364515204655579 0
1168 -2.562577092543577 0.7322752371721304 0
1169 -1.868281446925224 1.424015224820812 0
1170 -2.120017594387818 2.371266954839706 0
1171 -1.173892154515968 2.115789997998853 0
1172 -0.4800319439794407 2.807359857298016 0
1173 -3.256935544101909 0.04049461328014026 0
1174 -3.508765338355406 0.9877115577696749 0
1175 -3.004993977065508 -0.906759916851211 0
1176 -3.951182222877337 -0.6513235962536648 0
1177 -2.753141790212625 -1.853791584285226 0
1178 1.279004457083836 -3.815777531183019 0
1179 0.3379446774863393 -3.561453456677661 0
1180 -0.3560081503164056 -4.25239965191531 0
1181 -0.6088702332585125 -3.31097156236337 0
1182 -1.554932992822785 -3.055461399893227 0
1183 -3.05517096039054 2.615597080671989 0
1184 -2.360781667981286 3.307371853850032 0
1185 -4.431528060631559 1.254166995968776 0
1186 -3.737169609073226 1.945947619860766 0
1187 -3.977933682666693 2.882052518871092 0
1188 -2.591436008212018 4.229191675214532 0
1189 -1.656282642209295 3.984861549382249 0
1190 -0.9618368948413405 4.676647364263061 0
1191 -0.7311825546106068 3.75482754289856 0
1192 0.2144138033885152 3.49914567217883 0
1193 2.183532056934947 -4.031243737330655 0
1194 1.495334360279557 -4.718347752377237 0
1195 2.847998793017977 -3.387335191162666 0
1196 3.0643286962137 -4.289905412356884 0
1197 3.532899536692245 -2.706445349108288 0
1198 -4.614376438257473 -1.334825648274165 0
1199 -4.866318005293875 -0.3875711181428141 0
1200 -5.907463628020748 -0.0336554921713379 0
1201 -5.244269412640612 0.6498465598491592 0
1202 -5.472673683358432 1.608082621940252 0
1203 -4.328304300519372 -2.262352254587778 0
1204 -5.24344008293591 -1.998599776476926 0
1205 -3.430184488469642 -2.518132713646125 0
1206 -4.059248133148079 -3.181906841848887 0
1207 -2.484085622841331 -2.773346171546336 0
1208 -0.1060330244789967 -5.1634842699567 0
1209 -1.052847935223848 -4.91300237564241 0
1210 1.755606786965293 -5.722648078754656 0
1211 0.8510791871141823 -5.507181872607019 0
1212 0.1542394022067395 -6.167784596334119 0
1213 -1.982149331586545 -4.641930369994158 0
1214 -2.911301961605091 -4.359815141647267 0
1215 -2.231975691079803 -3.719802529254128 0
1216 -3.659610934047656 4.511631249387467 0
1217 -2.955111908275667 5.189120944919683 0
1218 -4.784735269354002 3.022711558661129 0
1219 -4.102736620671315 3.692361019472354 0
1220 -1.191645472102692 5.587077858006413 0
1221 -0.2665453845040027 5.357043851522729 0
1222 -2.071453794745171 5.788935884169284 0
1223 0.9069683280571503 4.187812042250066 0
1224 0.619998699383439 5.180920644531849 0
1225 1.563703834683238 4.922119329002538 0
1226 0.3901901221220871 6.091351138275201 0
1227 4.443960815922981 -2.986210983978134 0
1228 5.190065374102304 -3.197206678826259 0
1229 4.47489999047605 -3.856992561037019 0
1230 2.612217944585261 4.781514859268857 0
1231 3.550951900308782 4.5115220567195 0
1232 4.477518310225545 3.99487656703997 0
1233 4.007810180590756 -4.560584850660714 0
1234 3.343343444507726 -5.204493396828703 0
1235 2.586669058427436 -5.704875121722162 0
1236 1.942413885262059 -6.493709241951946 0
1237 -5.855022260408086 -2.618674157267272 0
1238 -6.141094398146188 -1.691147550953659 0
1239 -6.229847586989697 -0.7734252537158035 0
1240 -6.607798994336434 0.2639924242761715 0
1241 -3.643163281530038 -5.057872842762737 0
1242 -3.892989641023297 -4.135745002022706 0
1243 -4.791109453073027 -3.879964542964357 0
1244 -5.321267778390265 -4.404056000252059 0
1245 -5.487526270515048 -3.45021784007824 0
1246 -5.467873342799328 2.650852701658879 0
1247 -1.359545486440569 0.3263743938037207 4.881256609436281
1248 3.055365458257783 1.210197802162479 4.396303259645762
1249 1.581250787223968 -3.001720421397725 4.444151561288961
1250 0.117370729393919 4.1489185201108 4.149281945738593
1251 -2.152898047482992 -4.214976257628031 3.870065912721368
1252 -4.922178164199535 -0.5399841906732346 3.750948541572138
1253 -4.203887468378128 3.112173179811005 3.586592358808039
1254 4.930167996832385 -1.819122722957904 3.606367704687335
1255 3.462082152735681 4.471816938283978 3.285468821809958
1256 3.839186565233713 -4.748621901813208 3.057070075306016
1257 0.6085755562753149 -5.915480792057245 3.215301938629885
1258 1.134985802626949 -0.471532196108885 6.255459135461312
1259 0.6139692700314404 6.624507283857046 2.767568787045425
1260 -5.210527614092037 -3.73042302518915 2.946582304186685
1261 -2.402482094878081 5.698133840616564 3.021496681039409
1262 -0.9613592043238597 -2.483622796150331 6.174178054846977
1263 0.8857908999251913 -0.3763757995991002 2.897502926727237
1264 1.251888114190193 2.527864755487553 6.446353477381398
1265 5.767112397584151 2.283897793381083 3.123519246034716
1266 -2.172753987988817 3.093216620427 5.852437316959053
1267 -2.325275913867018 -1.49639529496862 2.810540066396207
1268 -1.573509766996534 2.270665820038377 2.765987286061293
1269 -3.488210568117217 -1.108833497664513 6.178950519676246
1270 1.432529153326863 2.380417881492096 2.543744471870744
1271 -3.169908926462548 -6.261031422493547 2.559463246839068
1272 4.32051928797968 -0.614763354432117 5.96918233983906
1273 -6.468261563276348 1.619951513022008 2.760926831338801
1274 0.09804270524273173 -4.889572559334519 5.640672667648023
1275 -4.307559285583253 1.430747646663835 5.708827249139391
1276 -0.06189025691195438 -3.496666192230236 2.464504917226293
1277 -1.90702034036796 0.4812935329821116 7.342910813411348
1278 -6.909831274017584 -1.400114764282392 2.386781687601498
1279 3.917569599883893 -3.169004143118473 5.600149179468657
1280 4.539298331544907 3.149639876688232 5.21595389544636
1281 2.880955352633918 -2.538992632666653 2.345747571457886
1282 2.209438457513798 4.647418929731255 5.46850515192016
1283 3.563986681105242 -0.1442669561420622 2.369352416539067
1284 5.881661441830764 -3.649489016972115 2.308397366474666
1285 2.497427054765555 -5.208068591587287 5.082883433128782
1286 6.828827294911198 -0.1640717340331638 2.561697228704687
1287 1.338021678123067 -3.023637095985093 6.904263833140893
1288 2.620279175459108 6.644893311406111 3.007177728729027
1289 -4.153621811002508 -3.413258049627504 5.264341980857437
1290 -4.794894504028152 5.243454349335096 2.3849772925889
1291 -1.620955536578282 5.396006367329371 5.303332283338976
1292 3.330379007679461 1.404836319368599 6.754905617158567
1293 -3.684869244277826 1.052025386552462 2.305387028334396
1294 5.687204996459053 4.569994284606553 2.365307214023937
1295 2.690238347473241 -6.726719165450446 2.372992324902293
1296 0.7228672072543019 1.316920647268061 4.500299244031335
1297 -1.059517271041655 -7.284513935733004 2.243562720776242
1298 -1.313831106202729 -6.296154375531382 4.45505539430441
1299 2.795420377688218 -1.063873261134556 4.320837938297644
1300 0.869733635138087 4.504338470704337 2.058656572425186
1301 3.687176939502713 2.143057286286653 2.149047802337345
1302 6.085681883603456 0.5271398636561337 4.762830567032062
1303 -0.4261458691877538 -1.869746116500323 4.03410703094403
1304 0.6627818028300745 6.153710183763688 4.939423884469086
1305 -6.263358814389964 -2.0980326044467 4.526347698419737
1306 5.304305290706097 -5.730227949565757 1.879387262912369
1307 -6.547049267379814 3.809838127129505 2.142720250245818
1308 -1.096280062335445 0.2078118923849249 2.021066019617869
1309 -0.3286964423728558 4.121575304195727 6.637756447213969
1310 -1.362314075447305 7.455180601143785 2.054626594480645
1311 -3.837057173290694 -5.439424225683485 4.441505415171331
1312 -2.276263142914281 -4.281036020375881 6.094136608636383
1313 -4.374308452306784 -1.878669663170627 2.083164698875466
1314 -3.736941257542426 5.00842556690951 4.681982080781724
1315 1.874074427357226 -4.483996614421336 2.093275786053213
1316 -5.195077951997722 -5.698714336063615 2.051558069956282
1317 -5.693672296296898 -0.4342184466616151 5.741971176332965
1318 -1.565008761901916 -4.956259470684398 1.924129416873332
1319 7.443581135923149 -2.173453458522345 2.034855803076326
1320 -7.018244373174218 -3.434511784965907 1.956499413809822
1321 -6.959680420507943 -0.02652793129791409 3.994641548110166
1322 -2.866047696636473 3.832812572442763 2.078428959530206
1323 -5.953408719328815 2.453406628943074 4.708931532470963
1324 -3.24976309961158 -3.679775643718135 2.131847743851326
1325 6.092090399370839 -3.325111091943245 4.309384651590531
1326 -0.5806866826771111 2.172638318399061 7.527771768115903
1327 -0.9387128661850337 7.033358768373723 4.028596750070172
1328 -2.481439319092875 -2.263011901006447 4.752081524600603
1329 1.618731019837656 1.074836300873829 7.885296442986461
1330 0.9363230831523454 -7.738515460081837 1.962353543942451
1331 -2.906700783470335 1.522488279921538 4.1751634766016
1332 3.052529492094703 -1.841904620871635 7.090331828292872
1333 -0.3768017996763628 -1.052851033253804 7.745234128011917
1334 -2.024831542446778 3.889028321049085 3.958065969116684
1335 4.631580756528199 6.320846593851454 1.896431888246369
1336 7.492302505500087 1.774772483159688 1.984839465482172
1337 -5.462558433739162 0.03668739565375989 1.794554028899035
1338 1.964044688552277 2.921999304351893 4.426923648618565
1339 -3.676925598242703 6.908468615996504 1.970336710989026
1340 -0.7817106111165083 5.574457130661783 1.833425679666991
1341 6.704390599605865 -1.413369519732842 4.467939179582057
1342 -2.538646391622296 -2.377449095692954 7.428531078679704
1343 -0.2631061091260893 -1.609218749856757 1.799845610906281
1344 -7.887394934286427 0.3560595211373794 2.001327332481443
1345 1.69717250341102 8.051099067970188 1.623670040863144
1346 -4.518862848465567 3.459002680150663 5.753597397181808
1347 -0.1122798419068103 -0.07257890115258217 5.568357872448797
1348 0.9289265049406252 0.422694225579588 5.377879189746324
1349 -0.3183391395931336 0.8216475205358909 4.690777926733809
1350 -0.9701160845588401 1.249506356101391 6.204514188776092
1351 0.07109026228859538 1.744779482833561 6.014035506073618
1352 0.2771495599749187 0.8505530611450878 6.891615451788608
1353 5.044647098190808 -2.072773912362639 1.803183852343667
1354 5.993976747230215 -1.245248417900269 1.280848614352344
1355 5.879497645871791 -0.9915972284955339 3.084032466696011
1356 6.186874566377767 -1.996288090740124 2.82061175388183
1357 7.136204215417173 -1.168762596277754 2.298276515890507
1358 6.301353667736191 -2.249939280144859 1.017427901538163
1359 4.835553231544067 -1.110953388108575 1.803183852343667
1360 5.784882880583474 -0.2834278936462051 1.280848614352344
1361 -1.633282913404265 0.4038339633929162 6.112083711423814
1362 -0.3860172688705056 0.004880668436613306 6.79918497443633
1363 -1.243853511522536 1.326965925690586 7.435341290763626
1364 1.200995057261449 1.51877729547601 1.271872235935372
1365 1.159160026626027 1.002021040946498 2.72062369929899
1366 0.9276259305606129 0.1403804549304124 1.448751463363618
1367 2.266723821150638 0.2564348766589314 1.184676208269534
1368 2.224888790515217 -0.2603213778705812 2.633427671633152
1369 2.498257917216052 1.118075462675017 2.456548444204905
1370 2.142745961618176 1.261614807576636 1.271872235935372
1371 3.208474725507365 -0.0007276112404429602 1.184676208269534
1372 0.7418514525847637 5.564422877280691 2.413112679735305
1373 1.745006405298598 5.574615891055224 2.532917150577107
1374 1.617124222745274 6.634700297631579 2.887373257887226
1375 0.6383755364307575 6.389108733810367 3.853496335757256
1376 1.641530489144591 6.3993017475849 3.973300806599056
1377 0.7662577189840807 5.329024327234013 3.499040228447136
1378 -6.548752474644083 4.908357144127736 3.363137227299903
1379 -5.375468367878971 3.461005653470255 2.864656304526928
1380 -5.37717157514324 4.559524670468487 4.085073281581014
1381 -6.251932200618583 4.23014139503452 4.646242868412476
1382 -5.078648093853472 2.782789904377039 4.147761945639501
1383 -6.250228993354314 3.13162237803629 3.42582589135839
1384 -4.845174988435621 3.730916097926292 4.695456806626344
1385 -3.970414362960277 4.060299373360258 4.134287219794881
1386 -4.127902053003996 4.233714123530087 5.217789738981766
1387 -4.361375158421847 3.285587929980834 4.670094877994924
1388 -5.236135783897191 2.956204654546868 5.231264464826386
1389 -5.672675092968252 5.625165255230532 3.484265748471445
1390 -4.49939098620314 4.177813764573051 2.985784825698469
1391 -5.670971885703983 4.526646238232301 2.263848771417359
1392 4.665549539344696 1.06981541861951 2.746435831286892
1393 4.802432637383079 0.4343288150297294 1.184676208269534
1394 5.903995495622534 1.648411189791302 1.561759623017358
1395 6.297969846247675 1.05991302967396 2.842608237369701
1396 6.434852944286058 0.4244264260841786 1.280848614352344
1397 5.19640698800822 -0.154169345087613 2.465524822621878
1398 -4.24964912779064 1.959315584001521 7.220182743283164
1399 -3.240156636786035 2.261982133545417 5.780632283049222
1400 -3.182246478993422 2.790550070883103 7.291987777192995
1401 -3.049379655182993 1.484588527160659 8.037224525419143
1402 -2.039887164178388 1.787255076704556 6.597674065185201
1403 -3.107289812975607 0.9560205898229734 6.52586903127537
1404 4.020040776091575 -2.432708867217013 1.172873785728943
1405 3.905561674733151 -2.179057677812279 2.97605763807261
1406 4.361556440327236 -1.235346028954718 1.184676208269534
1407 4.247077338968813 -0.981694839549983 2.987860060613201
1408 3.22247101686958 -1.341629794404358 2.357549993998477
1409 4.731520944744496 -5.473031386834653 4.265503156379141
1410 3.878378082558803 -3.95881302246584 4.328609627387337
1411 4.770712462069585 -4.683222507487285 5.537042708460461
1412 5.857972861813058 -4.761275981899671 4.891660444521399
1413 5.004829999627366 -3.247057617530859 4.954766915529594
1414 4.965638482302277 -4.036866496878226 3.683227363448274
1415 -4.431909899863754 2.662288118935436 1.793296179404019
1416 -4.556712837868377 3.4725966195367 1.793296179404019
1417 -5.603490799364597 3.011120592594686 1.071360125122909
1418 -5.728293737369219 3.821429093195949 1.071360125122909
1419 -3.140861825320052 -0.1068048984347569 4.31610257550421
1420 -3.623727039033276 -1.018189742820927 3.280744303984172
1421 -1.842410700153794 -0.5850104505824498 3.845898337916244
1422 -1.920492402766722 -0.9683187536013633 4.816669067018442
1423 -2.403357616479946 -1.879703597987534 3.781310795498405
1424 -3.701808741646205 -1.401498045839841 4.25151503308637
1425 -5.564096947312864 1.916177285540937 1.380463415669401
1426 -5.336074515827239 2.366062346416506 3.17375959507342
1427 -6.507655415328081 2.714894820075757 2.45182354079231
1428 4.864027766581815 1.577990936244087 1.074523901168672
1429 4.727144668543432 2.213477539833868 2.63628352418603
1430 3.625581810303977 0.9993951650722953 2.259200109438206
1431 -2.423878027278893 -0.3912295519303961 5.530103564556264
1432 -4.205194366158375 -0.8244088441688737 4.964949530624192
1433 -2.984824943605046 -1.68592269933548 5.465516022138424
1434 4.152462573680496 -0.2735255047006543 1.184676208269534
1435 -0.7249433903672576 2.20506863384753 5.176368280495193
1436 -0.4253212798711162 1.793793233653219 3.633143265046314
1437 -1.873131877492676 2.681941220232688 4.309212301510173
1438 -2.098792765217797 3.491122470738042 4.905251643037868
1439 -1.799170654721656 3.079847070543731 3.362026627588988
1440 -0.6509821675962378 2.602974484158573 4.229182606574009
1441 -3.914439473834935 0.4912520446241516 3.963056009086869
1442 -2.615988348668676 0.01304649247645873 3.492851771498904
1443 -2.133123134955452 0.9244313368626292 4.528210043018941
1444 0.4201189683241104 2.73291958368943 4.324790594884965
1445 -1.027691629297449 3.6210675702689 5.000859631348823
1446 -0.9537304065264293 4.018973420579942 4.053673957427638
1447 -3.197455675793776 0.2068273911285125 5.177056998138923
1448 -3.944378356327977 2.082099283181734 2.945989693571217
1449 -4.172400787813602 1.632214222306164 1.152693514167198
1450 -5.076565403777087 1.335988449787235 2.533156929836599
1451 0.9873776607222473 1.922392701377807 5.473326360706366
1452 1.193436958408571 1.028166279689334 6.350906306421355
1453 0.3356007157565408 2.350251536943307 6.987062622748651
1454 -5.14369846972539 5.507650864017739 4.632768142567857
1455 -5.53465926518696 4.732939420638315 5.168575800767899
1456 -1.250725215180836 3.607395962311363 6.245096882086511
1457 -0.1056628564894684 4.135246912153264 5.393519196476281
1458 0.197085382440723 2.719247975731894 5.569027845622651
1459 -0.7280695188013077 3.209792170074588 3.457634615899943
1460 -1.466527626718552 1.298520106921049 3.823621947748787
1461 -1.766149737214693 1.70979550711536 5.366846963197667
1462 0.8043290535897466 0.4702724238344804 3.698901085379286
1463 1.01038835127607 -0.4239539978539926 4.576481031094275
1464 0.3544199667195974 -1.170639156304604 5.144783083202672
1465 0.2298225153687188 -1.123060958049712 3.465804978835633
1466 0.1483606690332741 -0.2764127346161311 4.267203137487682
1467 -0.4604329368993122 2.810540687957276 6.149395397170226
1468 0.4615958359086685 3.32472002984164 6.542054962297684
1469 -0.3518880659292237 3.387502145371357 2.412321929243239
1470 -0.2779473334202379 3.783690099361042 1.029328286212593
1471 -1.499569034487549 2.666853774028063 1.382993643030646
1472 -1.177610189056521 3.92256147535008 2.299706482864142
1473 -1.103669456547536 4.318749429339766 0.9167128398334954
1474 0.04401151201078934 5.03939780068306 1.946041126046088
1475 -0.5539726764884265 2.411171903308331 1.382993643030646
1476 0.6676490245788842 3.52800822864131 1.029328286212593
1477 -2.257151280669236 2.918324261816336 7.589659761118154
1478 -2.124284456858807 1.612362718093892 8.334896509344301
1479 -3.762990013992926 3.022607815251315 1.039214479765103
1480 -3.534967582507301 3.472492876126884 2.832510659169122
1481 -3.887792951997549 3.832916315852578 1.039214479765103
1482 4.776401608947703 1.531737196223871 7.202709554558917
1483 3.934838669612184 2.277238098028415 5.985429756302463
1484 5.380861270880426 2.404138974883688 6.433233693702814
1485 6.1540530469097 1.092888968367638 6.206672029495666
1486 5.312490107574181 1.838389870172183 4.989392231239211
1487 4.708030445641459 0.9659880915123664 5.758868092095314
1488 3.041180664097395 5.558355124845045 3.146323275269492
1489 2.165907893936884 4.488077704494158 2.672062697117572
1490 2.062431977782877 5.312763561023833 4.112446353139521
1491 0.493552182266003 4.326628495407569 3.103969259081889
1492 1.7897264410648 4.310367729197389 3.717375383774276
1493 0.3900762661119968 5.151314351937244 4.54435291510384
1494 1.163404593453858 4.398168724921027 4.808893548829376
1495 2.835760305124739 4.559617934007616 4.376986986865059
1496 1.436110130171936 5.400564556747471 5.203964518194622
1497 4.060641189510417 -5.702754731721692 5.278409835290525
1498 3.168306809999634 -4.978345246700247 4.069976754217399
1499 3.207498327324724 -4.18853636735288 5.341516306298719
1500 5.301081747267952 -3.25487840700085 6.122557699381676
1501 4.119044443931786 -1.891883748775295 5.784665759653858
1502 5.502556591315846 -1.977758012657671 6.307074279566877
1503 6.694492247128938 -2.377061095308034 5.556452699438376
1504 5.512454943792772 -1.01406643708248 5.218560759710559
1505 5.310980099744879 -2.291186831425658 5.034044179525357
1506 1.840605638806705 -0.7201245303668281 3.609170432512441
1507 1.965203090157583 -0.7677027286217205 5.288148536879478
1508 1.184637254250232 -1.46680968881744 4.177472484620838
1509 0.6846294217920559 3.338391637799176 5.297817711559995
1510 -0.868173643058466 -0.3632383197250417 6.313245368724099
1511 -1.141911070022161 -0.2857787501358462 7.544072470711633
1512 0.3790920014752929 -0.7621916146813446 7.000346631736615
1513 4.625343642406032 -1.21694303869501 4.787775022263197
1514 3.687942373118732 0.2977172238651811 5.182742799742411
1515 3.992766727545084 -0.3044624603977123 4.001335482166549
1516 3.862794187260302 -1.44149799204623 3.963602821492489
1517 2.925392917973001 0.07316227051396162 4.358570598971703
1518 3.557969832833949 -0.8393183077833366 5.145010139068352
1519 0.3533091307590233 -5.402526675695882 4.427987303138954
1520 0.5245766970465271 -6.608932978416596 5.546822971547305
1521 0.7798431225628187 -7.121887094777959 4.334137607038236
1522 1.553001305520435 -5.561774691822266 4.149092685879333
1523 1.724268871807939 -6.76818099454298 5.267928354287684
1524 1.297734880004143 -5.048820575460903 5.361778050388402
1525 1.892977691735457 2.209904388941584 1.271872235935372
1526 5.313732425138856 -5.310654519847525 3.732555438270781
1527 6.440184342207418 -4.598899114912543 4.358712726413038
1528 3.309676069681513 0.5329654230102085 3.382827838092415
1529 3.17970352939673 -0.6040701086383091 3.345095177418356
1530 -0.0704903068348357 2.325541850765236 2.654865878966018
1531 0.9490467836732721 2.46604793403519 1.271872235935372
1532 1.151131394232475 3.442378176098216 2.301200522147965
1533 5.405914719331575 -2.734305869965009 2.957382535581
1534 5.520393820689998 -2.987957059369744 1.154198683237333
1535 6.662621288876957 -2.91147123774723 2.171626584775495
1536 -0.478744241176737 0.5598936425726282 7.63650294806391
1537 -0.315357824157882 1.379744939481604 1.010533009808935
1538 -1.33489491466599 1.239238856211651 2.393526652839581
1539 0.1681245454957088 1.29411488693851 2.282405245744306
1540 4.753392685667661 -5.879060775818552 3.693323620413132
1541 5.485952048403853 -6.369863799694826 3.104482214216308
1542 6.046291787875047 -5.801457543723799 3.143714032073957
1543 4.571745927969905 -5.239424925689482 2.468228669109193
1544 -0.8928456778141615 -0.7716858613483013 4.457681820190156
1545 5.286330505099986 -1.154861509694089 6.793719535420104
1546 6.478266160913078 -1.554164592344452 6.043097955291603
1547 3.108979496860838 -2.152943232347166 1.172873785728943
1548 3.4504951610965 -0.9555803940848712 1.184676208269534
1549 -1.376720335332964 2.63292746941303 6.690104542537478
1550 -4.265917880785289 5.125939958122303 3.533479686685312
1551 -1.247832887024953 1.719602044009168 1.382993643030646
1552 -1.009218034694409 0.6881750801824416 1.010533009808935
1553 3.270069854706101 1.142934509973915 1.074523901168672
1554 2.559853046414788 2.261737583889374 2.346396137104044
1555 3.020301584823383 2.091224091338863 1.074523901168672
1556 3.647265818883322 5.907117108241902 4.444574853251694
1557 4.017978103660095 5.174358636690206 4.97971353071312
1558 3.391656256049154 5.262159632413844 6.071231695768221
1559 3.020943971272381 5.99491810396554 5.536093018306795
1560 -0.06340955056970543 0.4324743009224249 1.010533009808935
1561 2.841955384739552 4.841111879007366 6.689590187798032
1562 3.374368394529352 3.898529403209743 5.34222952368326
1563 4.006885321755107 4.092222352485854 6.563314559561133
1564 3.402425659822383 3.219820573826038 7.332790420417236
1565 2.769908732596629 3.026127624549927 6.111705384539363
1566 1.75914379247126 0.1265236930667525 4.410568591164489
1567 1.566145861667235 -7.228452642473209 3.881135318304242
1568 2.510571610912355 -6.874746542238229 4.81492606555369
1569 6.388342147011426 -3.332931881413235 5.477175435442613
1570 6.398240499488352 -2.369240305838043 4.388661915586294
1571 -0.4454807865290333 -4.8468082145067 7.177601331379918
1572 -0.431658249540564 -3.686597677742425 5.9074253612475
1573 -0.9751817413123289 -3.643833332914606 7.444354024979395
1574 0.1745086999111343 -3.913840482831987 7.809396914126353
1575 0.1883312368996036 -2.753629946067712 6.539220943993936
1576 0.7180321916828993 -3.956604827659806 6.272468250394459
1577 4.57052367093062 0.8686688329093065 4.579566913338912
1578 4.824834282354349 0.1914364537570358 3.566091491785565
1579 5.50792494021792 -0.6459914296508851 4.184599135859699
1580 -4.852216355693388 4.538237204298745 1.19248864629445
1581 2.414858816486453 5.646156120568683 4.237841440324593
1582 0.08681329915154445 -1.477577496129608 6.214818595154145
1583 -1.160452345382214 -1.078624201173305 5.527717332141629
1584 -0.6937525367558067 -2.176684456325327 5.104142542895504
1585 5.203100585791568 -0.04381174538799165 5.366006453435562
1586 -3.830471100332312 4.538133460888929 2.231703126059553
1587 5.084855661052092 -2.431981904037267 6.609202955234903
1588 3.226364330245036 6.993655294802969 4.305429306711229
1589 -3.897884926850235 0.1609570744996611 5.943888884407818
1590 -4.601645959641913 1.044714530639407 7.201767439632373
1591 -4.191971600908895 -0.2250760415247667 7.4368290749008
1592 -2.697615454242588 -0.3137699823412006 6.760930666543796
1593 -3.401376487034266 0.5699874737985455 8.01880922176835
1594 -2.145837999307518 3.447927150230255 1.039214479765103
1595 -2.219778731816504 3.05173919624057 2.422208122795749
1596 -1.823879153876491 4.703634851552273 1.955927319598598
1597 5.926397140593804 1.405518828518608 3.943174906533389
1598 6.457254589257327 0.181534064811485 3.662263897868375
1599 4.411238927920968 1.747047797771781 3.759911252840239
1600 5.271471749097813 0.521937359323513 6.809847915899164
1601 3.825449147829571 0.395036482468241 6.362043978498813
1602 0.4650800013235209 -5.97709876491559 6.33454516475579
1603 1.664772176084933 -6.136346781041974 6.055650547496169
1604 1.649406951874278 -6.321099978753846 2.794147131766088
1605 2.606977257266198 -7.634071829169809 3.459980511440446
1606 2.593832701119398 -5.967393878518866 3.727937879015537
1607 -4.30352370423868 0.2560205979396135 3.028167784953267
1608 -4.81913898180332 1.752716007747768 3.507159280402679
1609 -5.437793441764175 0.9567112191349196 4.22994003702155
1610 -4.430054751399575 1.987947454432306 4.442047504536282
1611 -3.29578501387408 1.287256833237 3.240275252467998
1612 4.381308397232341 -3.094240824819384 2.327072468966276
1613 -3.908145104394865 1.254929798899616 7.505336240176501
1614 -2.707875631787219 0.7802027420587538 8.322378022312479
1615 -3.555294125924231 2.317330729866272 3.88087791770482
1616 3.895682437944689 0.6890170489517718 1.184676208269534
1617 3.957277567143425 1.832679170166129 1.074523901168672
1618 -1.461117628013382 2.458035110802366 8.427326986696578
1619 4.860424003532239 -4.199055459392662 2.682733720890341
1620 6.334969863437381 -4.761088077426979 3.358219083855105
1621 5.592983366268431 -4.689858483268936 2.093892314693517
1622 0.4164984139477181 4.475475914241856 1.029328286212593
1623 -0.4092237091795796 5.010535244220579 0.9167128398334954
1624 -0.6690805020001113 -1.768236914702068 6.959706091429448
1625 -0.1813602086762034 -7.312223886515027 4.954014334875499
1626 -0.3526277749637073 -6.105817583794313 3.835178666467147
1627 -0.6078942004799989 -5.59286346743295 5.047864030976217
1628 -2.066159419225666 -1.802700168577028 1.405270033198103
1629 -2.787519506739299 -2.588085469343378 2.471193905123767
1630 -2.528403012097947 -2.894390342951785 1.065923871925663
1631 -1.035074516855202 -1.859111896021096 0.8999228054531406
1632 -1.756434604368835 -2.644497196787446 1.965846677378804
1633 -1.294191011496554 -1.552807022412688 2.305192838651244
1634 -1.02742767112013 -4.552274408481275 4.755369290184696
1635 0.01807622416538868 -4.193119375782378 4.052588792437158
1636 -1.107394152197473 -3.855821224929134 3.16728541497383
1637 -1.289521958335373 -3.042361187064177 3.952086471832699
1638 -0.2440180630498541 -2.68320615436528 3.249305974085162
1639 -0.164051581972511 -3.379659337917421 4.837389849296027
1640 4.000690242140294 3.810728407486105 4.250711358628159
1641 4.556586193064708 4.513270105892333 5.944956067531321
1642 5.986875920600802 -3.48730005445768 3.308891009032598
1643 -3.27545847045715 2.442418979497612 2.191907993932301
1644 -5.130484002456035 1.942077137803454 5.208879390805177
1645 -4.614868724891394 0.4453817279953003 4.729887895355764
1646 -3.607130034526794 1.476617963292687 4.941995362870496
1647 -5.695219863737941 0.5399836611743868 3.25593768645547
1648 -6.210835141302582 2.036679070982541 3.734929181904882
1649 2.656377808046315 4.200413832502367 1.642734410904979
1650 2.447305653031272 3.426117409888037 2.914606646840351
1651 1.641601308341906 3.154714304106426 1.271872235935372
1652 2.768925201429831 3.036034006503705 1.074523901168672
1653 3.574629546119197 3.307437112285315 2.717258312073652
1654 1.948506690734318 6.280060621345216 1.503588864364513
1655 0.9453517380204846 6.269867607570683 1.383784393522713
1656 1.073233920573808 5.209783200994329 1.029328286212593
1657 -3.345808418227192 3.276109650288831 5.803017357070431
1658 -4.355300909231796 2.973443100744935 7.242567817304373
1659 -4.41321106702441 2.444875163407249 5.7312123231606
1660 4.505320394202696 5.62162945003559 4.05939899378996
1661 5.04392848360731 4.960540919237717 5.024641530608162
1662 -3.936732710979747 -8.184615402607646 1.408480464505838
1663 -4.360218881558655 -8.148361688161661 0.7081494867474541
1664 -3.49844774650041 -7.529916379063848 2.688212087925372
1665 -3.921933917079318 -7.493662664617863 1.987881110166988
1666 -3.608193890941885 -6.915730446037345 1.279731623419534
1667 4.535230671759535 -6.312650336035619 3.15577931435534
1668 4.039825275659542 -6.144732501427997 4.036230718361114
1669 1.360203549247518 4.216674598712546 1.029328286212593
1670 2.99702080063634 6.139456151611533 1.503588864364513
1671 3.417922289274626 5.052917965050467 1.642734410904979
1672 2.12174803047583 5.069178731260646 1.029328286212593
1673 1.358118294925458 -1.736626308753305 5.349805348375137
1674 2.188335582456093 -2.032796841266141 4.382494749793302
1675 0.5775524590181071 -2.435733268949024 4.239129296116495
1676 -0.105244581205127 -0.08428195360708762 2.459284473172553
1677 -2.539727385729576 2.307852450174269 5.013800396780327
1678 -2.240105275233435 1.896577049979958 3.470575381331447
1679 -1.655826678261767 -3.588220917974186 2.298176330538809
1680 -1.193583085389486 -2.496530743599428 2.63752249181125
1681 -0.1624981830190219 -2.552942471043496 2.132175264066287
1682 1.177336921428312 -0.8050809590377743 1.448751463363618
1683 1.883373126279555 -1.457684216132876 2.621625249092562
1684 2.174919147782675 -1.886389375571551 1.172873785728943
1685 2.516434812018337 -0.6890265373092553 1.184676208269534
1686 0.3099457914500542 -2.742671608774028 5.309164808067969
1687 1.435309567013924 1.801350528180691 7.165824960183929
1688 1.376858411232302 0.3016520523824719 7.070377789223887
1689 0.5190221685802726 1.623737309636445 7.706534105551182
1690 2.247615643930519 6.748063730981757 5.271552384581259
1691 0.3656699997126797 5.386712901983923 3.458425366392009
1692 6.083398504308516 3.44993679133149 5.242223096141827
1693 5.153205364564529 2.716768835034657 4.169736570740538
1694 6.697305537328138 3.017065749677916 4.196005771436005
1695 6.85659028033779 2.138686784815441 5.015661431934678
1696 6.790029640068904 -0.6296690884804845 1.280848614352344
1697 7.09740656057488 -1.634359950725075 1.017427901538163
1698 -4.263965131654646 -2.645963856399066 3.673753339866451
1699 -4.648243308253159 -1.209326926921931 2.917056620223802
1700 -4.537899987601021 -1.976621120150369 4.507645261214788
1701 -3.317530565047691 -2.838134975316976 5.00821175272902
1702 -3.427873885699829 -2.070840782088538 3.417623111738035
1703 4.530095556944543 -4.408305078849176 1.528535037653008
1704 3.783990998765221 -4.197309384001052 1.528535037653008
1705 5.262654919680735 -4.899108102725449 0.9396936314561847
1706 4.516550361501413 -4.688112407877326 0.9396936314561847
1707 5.535338108298335 3.192079817482174 6.031388435405393
1708 6.30852988432761 1.880829810966125 5.804826771198244
1709 -1.61881117361907 -3.382329408263106 6.13415733174168
1710 -1.63263371060754 -4.54253994502738 7.404333301874098
1711 -1.089110218835775 -4.5853042898552 5.867404638142203
1712 2.535158637959118 -6.311160914115662 5.640194887309454
1713 1.236503740375008 -1.747584646046989 6.579861484301103
1714 1.459636232673517 -3.012678758691409 5.674207697214927
1715 -3.005072579072422 -0.2221849542080794 2.557963547365302
1716 -2.997808271283953 0.4185418396175287 1.152693514167198
1717 -2.318011606078549 -0.8556685011430123 1.405270033198103
1718 -3.349792183086901 -1.687532479069624 2.446852382635837
1719 -3.342527875298432 -1.046805685244016 1.041582349437733
1720 -4.029588848292305 -0.4133221383090829 2.194275863604931
1721 0.7596802651560068 -3.249193306813981 3.454328239257626
1722 0.4119503215066185 -1.936520995914668 2.681003921976765
1723 1.23352084357458 -1.689048110498413 3.670827244008099
1724 2.231103069928943 -2.770356527032189 3.394949566373423
1725 1.409532547860982 -3.017829412448445 2.405126244342089
1726 4.574643574597367 4.520905611445265 2.825388017916947
1727 4.707673185631522 3.979509703114299 1.182653607011969
1728 3.595111763769836 3.930421029953011 1.642734410904979
1729 4.04683145463194 5.396331766067716 2.590950355028163
1730 4.179861065666095 4.854935857736749 0.9482159441231844
1731 5.159392876493626 5.445420439229004 2.130869551135153
1732 -3.05404322169476 -8.140492090821715 1.408480464505838
1733 -2.725504401656897 -6.871607134251413 1.279731623419534
1734 0.8396467462333499 -3.945646490366122 5.042412114468492
1735 -0.3321699408612946 4.861687825386292 2.991353812702792
1736 4.03975308582494 -4.750546375406946 6.062854763025607
1737 3.329681813265772 -5.770078599641353 5.804221889855669
1738 0.311342395399551 -0.9927972747279283 2.348674268816759
1739 1.308924621753914 -2.074105691261705 2.072796591182084
1740 3.192872232968622 1.307517060765539 5.575604438402165
1741 3.797331894901345 2.179918839425356 4.806128577546061
1742 -0.4546915625249834 3.147106811297394 7.082764107664936
1743 5.267790034495727 -6.803453359911892 2.566937908158517
1744 2.424078753186571 -2.833833074401545 1.172873785728943
1745 0.952655948413635 -3.312669854183337 1.232252458613146
1746 0.8520480223065675 -2.368946132996597 0.8999228054531406
1747 -4.230145356851809 -3.705099334453643 2.539215024019005
1748 -3.812035775959182 -2.779222653444381 2.107506221363396
1749 -4.792418033199411 -2.804546344179889 2.514873501531075
1750 -3.845983466592456 -2.996717463097799 3.849331914393644
1751 -2.865601209352227 -2.971393772362291 3.441964634225965
1752 -4.682074712547273 -3.571840537408327 4.105462142522061
1753 -3.701692455307044 -3.546516846672819 3.698094862354381
1754 -5.294702464998736 0.1122314839766821 7.21833940322916
1755 -4.590941432207057 -0.7715259721630641 5.960460848004606
1756 -5.000615790940076 0.49826460000111 5.725399212736178
1757 0.3676523984313462 -5.229464219144148 6.96087289688402
1758 0.9876418848715138 -4.296496487469435 7.592668479630454
1759 4.08441890556441 6.708167636596657 3.920253447249495
1760 -3.603232092082874 -0.9185264749138684 7.716685177170411
1761 -2.812636978208245 -0.1234629595905561 8.298665324037962
1762 -1.403271076781643 4.731742725855434 2.895745824391837
1763 4.703987078172863 -4.029321353456618 6.189281448345728
1764 5.791247477916336 -4.107374827869004 5.543899184406665
1765 -1.557128625903426 -3.349299526889181 5.022121983784173
1766 -7.091541180219515 4.012392203461333 3.517031119970862
1767 -6.794720906194016 3.334176454368118 4.800136761083435
1768 7.89690008326355 4.294438272778715 0.8270916430735031
1769 7.173663000632764 4.644339308985634 2.009745250085472
1770 6.410442079089838 4.220093248399635 1.182653607011969
1771 7.312990833610356 2.822482347676202 0.992419732741086
1772 6.58975375097957 3.17238338388312 2.175073339753054
1773 8.076211755153281 3.246728408262201 1.819511375814589
1774 -0.7721612456038385 -5.065228524842638 3.542683925675626
1775 0.2733426496816803 -4.706073492143741 2.839903427928089
1776 0.6209646100806467 0.01099263381001236 7.815265285499189
1777 2.085078371149189 6.259601506108112 5.657888974627316
1778 1.311750043807328 7.012747133124329 5.393348340901779
1779 4.423868798358138 -2.494063433038188 4.603258442077996
1780 4.384677281033049 -3.283872312385556 3.331718889996676
1781 3.360070958933815 -3.64380726723993 2.701408823381951
1782 3.399262476258905 -2.853998387892563 3.972948375463271
1783 -1.433915911481586 -4.479088614142709 0.9620647084366662
1784 -0.8134495094069349 -4.226462831457317 2.194317167049813
1785 -0.6823566589866059 -3.749291974915628 1.232252458613146
1786 -2.276293080336419 -3.840846700659577 1.065923871925663
1787 -2.407385930756748 -4.318017557201267 2.027988580362329
1788 0.6028884169026719 -1.421502434166602 0.8999228054531406
1789 5.551332995243069 -3.858738636428629 1.154198683237333
1790 4.805228437063747 -3.647742941580505 1.154198683237333
1791 2.74941019355393 -3.085362282258099 5.022150370378808
1792 2.71021867622884 -3.875171161605467 3.750610818297488
1793 3.254673300826179 -5.062136341759542 6.405876955890463
1794 3.964744573385348 -4.042604117525135 6.6645098290604
1795 2.62779563900348 -3.096320619551783 6.252206506304775
1796 2.674970612504935 -3.969920593958446 7.316567155896518
1797 1.917724366444311 -4.11585284378619 5.993573633134837
1798 3.304875392465324 -3.092494749427774 1.172873785728943
1799 5.457050121053074 4.585361148532225 1.182653607011969
1800 4.929238001087647 5.460787303154675 0.9482159441231844
1801 5.630727878247646 3.715396289386178 1.182653607011969
1802 5.727158697021602 3.426946038993818 2.744413230029326
1803 5.670681578810195 2.572348043773443 1.561759623017358
1804 6.533276632768163 2.317785388662746 0.992419732741086
1805 6.629707451542119 2.029335138270385 2.554179355758444
1806 -0.3532552018280913 -6.355982989896788 5.90914093554779
1807 -1.059192107550822 -7.059273897995219 5.316332298875984
1808 -3.820916189559862 -2.261045773646008 5.721646250266842
1809 -4.918166798917507 -3.237486354090823 6.450963014661958
1810 -4.585461177474861 -2.085274078109328 6.908267284071362
1811 -5.688192041564701 -1.747966552607879 6.689777612399721
1812 -4.923647053649702 -1.92373824814456 5.503156578595201
1813 6.455890096170224 4.976465305024073 3.352302758101648
1814 5.617881816064383 5.670718123196878 3.599318189896951
1815 5.957337516552915 4.782595230561046 4.193742782907924
1816 -3.363447272037922 -8.526664225877099 0.84999979851695
1817 1.815794832280516 3.244155978015527 7.657471454394363
1818 1.438411535243596 4.028508343881008 7.309375011463008
1819 1.917186706905398 5.088285431002859 6.820450848732388
1820 1.730663285851995 3.587641842609404 5.957429314650779
1821 2.294570003942318 4.303933065137379 7.168547291663744
1822 2.243947305792323 1.795307841827288 3.470023865758253
1823 1.970578179091487 0.4169110012816896 3.646903093186499
1824 1.906355559494409 -0.9760813190812152 7.887916555239105
1825 2.148228168099763 -0.2028970705898583 8.70283520900168
1826 2.865127404228287 -1.66126753146259 8.305352901654885
1827 2.335630255966179 -0.3835341599989029 7.487814135639667
1828 2.093757647360825 -1.15671840849026 6.672895481877092
1829 4.915697523713042 2.905717052052865 6.636269509114623
1830 4.31123786178032 2.033315273393049 7.405745369970727
1831 2.469256625699572 -5.654473366874081 6.310406563677873
1832 1.26956445093816 -5.495225350747697 6.589301180937494
1833 1.889553937378328 -4.562257619072984 7.22109676368393
1834 -4.255723376980691 2.27146041323742 4.647709803973715
1835 -5.208490312696236 -2.755645327037102 4.895344839638588
1836 -5.973035300611235 -2.579873631500421 6.081965873443108
1837 -5.978515555343431 -1.266125525554157 5.134159437376351
1838 1.077698180290582 1.848669264380078 3.522021857951039
1839 -0.1867064275405718 0.762366269826493 3.260682631824602
1840 2.72278267174428 0.537418150436914 8.562045884049663
1841 2.474555013758558 1.239836310121214 7.320101030072514
1842 3.578606665665183 0.7024181596842991 7.996850471135716
1843 3.439681907872804 -0.9209523104358178 8.164563576702868
1844 3.191454249887082 -0.2185341507515178 6.922618722725719
1845 3.368945520425462 -6.374455846315037 5.049137397272498
1846 7.187418083190924 2.009652976706671 0.992419732741086
1847 -0.8666876971436888 -8.082531981566252 3.39564076900327
1848 -0.2254708573831702 -6.599997363895125 2.729432329703063
1849 -0.03264128348520362 -7.398015409728371 3.881510377930092
1850 0.1312324799533116 -8.309532743740668 3.255036180586375
1851 0.7724493197138301 -6.826998126069541 2.588827741286168
1852 -0.06159709394465501 -7.511514697907421 2.102958132359346
1853 5.817279298219125 -1.616246121345373 4.037153442134696
1854 1.883621525057602 7.746850238280003 3.760970401907235
1855 0.8804665723437686 7.73665722450547 3.641165931065434
1856 0.9048728387430856 7.501258674458791 4.727093479777265
1857 2.095175630442366 0.3693328030267972 5.325881197553537
1858 2.232682405153205 0.4666520616298571 6.505182376309939
1859 1.889116332756043 1.26355922471527 4.448301251838549
1860 2.026623107466881 1.36087848331833 5.627602430594951
1861 1.094913171749641 -4.458600606727485 3.829726749959423
1862 3.465351166779306 -7.133781133246616 3.694191843159253
1863 3.264712456353477 -5.737670533631827 2.715031200104154
1864 -1.783984110418045 3.745981795015538 7.36199374131058
1865 -0.9879504577621923 3.285692644001569 8.199660966889006
1866 0.7778989920937683 -7.573792285632815 3.469842519745937
1867 0.9417727555322836 -8.485309619645111 2.84336832240222
1868 -2.224784886220538 -1.796228146907422 6.176564287261611
1869 -1.43418977234591 -1.00116463158411 6.758544434129163
1870 3.371271198880248 1.676627544224566 3.272675530991553
1871 -3.012258284853977 -1.547486710676818 1.405270033198103
1872 -4.03677455407386 -1.738623894777822 1.041582349437733
1873 -2.736443029765293 3.65193687096724 7.150537979845981
1874 0.2644582517582459 -3.999773869229919 1.232252458613146
1875 0.5996911583518805 -5.209181169143423 1.607650969314942
1876 -0.4782166028133003 -5.435870131370821 2.569715677751609
1877 -0.4871010007367347 -4.729570508457 0.9620647084366662
1878 0.8599635850376166 -6.213481495520842 1.607650969314942
1879 0.02591717137913152 -6.897998067358721 1.121781360388121
1880 1.023837348476132 -7.124998829533137 0.9811767719712255
1881 -2.406860561919147 1.001890906451825 5.759037145006474
1882 3.960756562879299 -7.301698967854238 2.813740439153478
1883 2.291133560934827 1.966350537428076 6.600629547269982
1884 -0.9938446147242258 -7.588352201465439 4.501387105767355
1885 5.511129198101612 -2.572116907450575 3.957876178138933
1886 1.781259321484214 -3.803892868737174 7.754375357094413
1887 8.318340049471752 -0.08203586701658312 2.25630022443298
1888 7.67904291987207 -0.5233991686707484 1.280848614352344
1889 9.168555674432625 -0.4413633016541677 0.9754516100806367
1890 8.625716969977727 -1.086726729261174 1.9928795116188
1891 7.986419840378046 -1.528090030915339 1.017427901538163
1892 3.707659157153352 2.766041203954348 1.074523901168672
1893 9.169011315417041 -1.129763067595341 0.6878535734774487
1894 8.626172610962143 -1.775126495202346 1.705281475015612
1895 1.232440593892836 -4.493439080325468 1.046637893026607
1896 1.241324991816271 -5.199738703239291 2.654288862341549
1897 0.906092085222636 -3.990331403325786 2.278890351639753
1898 -5.944152649954637 -4.757293166170031 3.815871994615667
1899 -5.415699748409873 -4.598710678389208 4.974751832951043
1900 -5.257417429553966 -5.611793766417199 4.563333550107989
1901 -3.995339492146601 -4.426341137655495 4.852923698014385
1902 -4.523792393691366 -4.584923625436318 3.694043859679008
1903 -4.43653667786386 -1.15748885594442 7.259261492161695
1904 -5.5392675419537 -0.8201813304429708 7.040771820490055
1905 1.73001962510575 -8.139969976485505 3.254661120960526
1906 6.887729205735674 -0.7066847598664221 5.769503495723762
1907 7.171327628089678 -1.545943566317073 5.350036488114954
1908 4.825888224882205 3.667655294874773 6.361066614003069
1909 4.221428562949482 2.795253516214957 7.130542474859173
1910 1.486953354710274 6.983163499627254 0.8118350204315719
1911 2.158725839435064 7.34799618968815 2.315423884796085
1912 1.15557088672123 7.337803175913617 2.195619413954284
1913 5.695793549922582 -0.3073816772160594 6.520125075852263
1914 6.578374847734469 0.263569931828066 5.916949189448765
1915 -2.480757782752934 -8.482540914091167 0.84999979851695
1916 2.737619758974811 7.567815021897515 3.726008220835518
1917 1.758871072660294 7.322223458076303 4.692131298705547
1918 2.545050153801955 -5.83026656198766 1.186496162451146
1919 3.11952426268219 -4.841217930169041 1.528535037653008
1920 2.136968193743947 -4.708905286473104 1.046637893026607
1921 2.85663049629547 -4.616309258117273 2.575172930679615
1922 2.282156387415234 -5.605357889935892 2.233134055477753
1923 1.813280715312793 -7.232617312766141 2.167672934422372
1924 4.938110809087855 -0.3073816772160592 7.141939231432254
1925 4.443040668937746 0.7024181596842989 7.534800870092007
1926 3.997271819089669 -6.228473557508101 2.126189793907331
1927 2.153626786223988 1.869031278825016 5.42132836851358
1928 4.630713849769476 2.501927790226228 1.074523901168672
1929 4.687190967980882 3.356525785446603 2.257177508180641
1930 0.6481192569620715 4.825363618235095 7.405076496379293
1931 0.9403710075704709 4.384497116963491 6.053130799567064
1932 -0.9086472515296337 -2.911563306761574 7.780570917719091
1933 0.2410431896938297 -3.181570456678955 8.145613806866049
1934 -3.909497460003667 3.834829900829072 7.101118019957359
1935 -6.423850795746091 -3.988683071257613 3.90418850683288
1936 -5.895397894201326 -3.83010058347679 5.063068345168256
1937 4.341259389107771 -8.048792340003617 0.8333381199757233
1938 3.364236188518085 -7.06322074700836 1.186496162451146
1939 3.667261548062927 -7.712290758445702 2.01983428242687
1940 4.974295019679355 -7.214045150503358 1.773031751431908
1941 4.671269660134513 -6.564975139066016 0.9396936314561847
1942 0.01159616881613901 -3.058345779677979 1.232252458613146
1943 -0.08901175729092847 -2.114622058491239 0.8999228054531406
1944 1.492713020578572 -5.497739406702888 1.046637893026607
1945 5.383384184095842 4.072418026601886 5.619066123619135
1946 -2.445439619541625 3.860920446745924 3.018247464323445
1947 -0.3446259891569216 -1.73948243317854 2.916976320925156
1948 -3.833438218393305 6.585146344079538 3.538862881785408
1949 -3.069711676210253 5.353279703763038 3.851739380910566
1950 -4.500667799725479 6.240292207226011 4.369105581656566
1951 -4.470659970075617 7.190313731769508 3.013282896760217
1952 -3.706933427892564 5.958447091453007 3.326159395885375
1953 -3.039703846560392 6.303301228306534 2.495916696014217
1954 5.978247681882646 -6.25196737858894 2.510144467713235
1955 4.79556510979544 -5.602700392349144 0.9396936314561847
1956 0.774949941360391 3.264668200801448 3.346513208804669
1957 -1.763825334961547 -3.590746482685918 8.071530536895757
1958 -2.407454767268288 -3.329242558034418 6.761333843658043
1959 -1.750002797973078 -2.430535945921643 6.80135456676334
1960 -6.950266395895055 -3.172487860886388 4.694071203949406
1961 -5.736943214241 -2.914227814817925 3.736465001303211
1962 -3.028746560804088 6.80179162386036 3.967614437104842
1963 -3.695976142136262 6.456937487006833 4.797857136976
1964 4.073676805815293 -0.307381677216059 7.603988832475962
1965 3.686524390037191 -1.228333987651876 6.529757084065966
1966 5.090069696098956 6.546144277819328 3.364880527008166
1967 -0.09714862655556228 -5.869783892870522 1.607650969314942
1968 -1.183940785644177 -5.390173232184098 0.9620647084366662
1969 6.472249050736009 -4.059254802552402 4.896399794609406
1970 -2.936161094614834 5.52303270857424 6.187296011942992
1971 -1.896854762283549 4.244611493878185 5.577884800149015
1972 -3.212060320320101 4.371637835123055 6.461848528753031
1973 -3.994153955096906 5.32924230836431 5.876620910664366
1974 -2.954847622765622 4.050821093668254 5.267209698870388
1975 -2.678948397060354 5.202215967119441 4.99265718206035
1976 4.002671591170886 5.977432792834204 0.9482159441231844
1977 -8.669220302390364 2.620417318307264 0.8364926364501906
1978 -7.953991047427943 2.232367805344076 2.216956052119591
1979 -7.18349081823877 2.008001025985196 1.380463415669401
1980 -7.222884670290503 3.102944333038944 1.071360125122909
1981 -7.993384899479675 3.327311112397825 1.907852761573099
1982 3.866968886993702 -3.365708685894041 7.064595252947534
1983 2.577194926113289 -3.293025162327351 7.716652579783652
1984 3.434448833099107 -2.702158924770622 7.809686577359641
1985 2.195275585108885 -2.432770858428364 6.997297830716882
1986 3.485049545989297 -2.505454381995054 6.345240503880764
1987 0.7556751456140531 6.542104487407 6.049101486128447
1988 1.529003472955915 5.788958860390784 6.313642119853984
1989 0.2599360230125881 5.526037047623021 6.898267767500888
1990 0.1670426802286094 5.137642743979708 5.788590165841527
1991 1.920638290548225 -3.806335065278887 1.046637893026607
1992 2.377514889995572 -3.511494623543995 2.219511678755549
1993 3.356494988786055 -2.116438702126514 4.960493558883151
1994 2.838187865161068 -1.801432946900604 3.333292754877765
1995 -1.186674188622193 -6.790334155632193 3.349309057540326
1996 4.113237635523809 2.646348581487442 3.682500848891852
1997 2.713063420643979 3.696908121317936 3.856196235214262
1998 3.251671510048592 3.035819590520063 4.821438772032463
1999 2.825610814027495 2.532528295319273 3.287985725477955
2000 -3.6659683124864 7.406959011550329 3.442034452079651
2001 2.801434929826978 -4.064996740305116 1.046637893026607
2002 -2.224538033196887 4.460423736580433 6.82676594186267
2003 -1.948638807491619 5.611818610031619 6.552213425052631
2004 2.50970507340503 2.066098553257186 4.411613454132164
2005 -1.73336457684286 -5.255565316579706 4.162560653512889
2006 4.063005747059249 -5.11189736847287 1.528535037653008
2007 3.488531638179012 -6.100946000291489 1.186496162451146
2008 1.040707708973098 3.535458912231347 4.288102797178579
2009 2.086741573033037 3.784709117041574 4.947714400269362
2010 3.625929965993653 6.482869952628782 2.451804808487698
2011 -6.558105065815676 -1.852054360454579 5.814896963837184
2012 -6.273261806769143 -1.020147281562037 6.422708702793798
2013 -6.372037958762812 2.35462692913995 1.380463415669401
2014 -6.411431810814545 3.449570236193698 1.071360125122909
2015 -5.06124538254427 1.124545226856813 0.8972770144495177
2016 -5.965409998507755 0.828319454337884 2.277740430118918
2017 -4.573713839008493 0.5443563911031107 2.049970528616716
2018 -2.925162307558585 -7.871965202333301 2.129731421936484
2019 -6.483107250403539 6.488957805879387 0.8180596803981386
2020 -5.812294641063703 7.170374826236375 0.7513785084466595
2021 -6.196627446574652 5.767678256386009 2.010548326692589
2022 -5.525814837234816 6.449095276742997 1.94386715474111
2023 -5.081374307857039 5.964733898828474 1.19248864629445
2024 1.416889161845182 3.713168887528115 3.242790110521875
2025 2.727752545303314 -0.5431477752705011 6.112320737650187
2026 -1.227912774388007 0.2670931430943228 3.451161314527075
2027 -1.710777988101232 -0.6442917012918477 2.415803043007038
2028 -2.00149042290289 0.8651500861532313 3.098114748109735
2029 7.097799657738983 4.225834838422167 2.953234179972594
2030 8.000348412259502 2.828223937698735 2.763000305701712
2031 -0.8619553376100646 4.260161136899901 7.754653306438038
2032 -1.302509260388907 4.974603078464797 7.219425506990127
2033 6.766590549580502 1.393848534680604 0.992419732741086
2034 7.160564900205642 0.8053503745632621 2.273268347093429
2035 -5.029644422968341 6.357806598438804 3.220603187560154
2036 -4.235910051135427 6.0759614826658 2.177657001788963
2037 2.85504027902515 2.68264175995605 7.811747524282948
2038 3.581265881675421 2.058960855809381 7.792024501041618
2039 -7.89305750374381 1.376055030042882 1.000663666240722
2040 -8.663557732932983 1.600421809401762 1.837156302690912
2041 -7.177828248781388 0.9880055170796938 2.381127081910122
2042 -2.390574653306635 0.6299186394686933 2.163226523976133
2043 -1.703513680312763 -0.003564907466239664 1.010533009808935
2044 -0.9311950402140474 -6.554300464708402 1.121781360388121
2045 -7.596910007818389 2.604125032390983 3.037927080269538
2046 -7.636303859870122 3.699068339444731 2.728823789723045
2047 -2.443251918789964 -8.041657635683578 2.530261824893959
2048 -2.114713098752102 -6.772772679113276 2.401512983807655
2049 -1.869966479848139 -8.383706458953029 1.971781158905071
2050 -3.931187707656854 -6.366616248233489 4.986488322186556
2051 -3.846625642226789 -6.836037651365444 4.303612713720438
2052 -3.123987204422883 -6.822238411816168 4.812305810851944
2053 -2.585012608682806 -7.264402726289392 4.310387703286978
2054 -2.241870016332639 -6.278592899012464 3.507259320571739
2055 -3.513051518812715 -7.246841249770474 3.362591629554306
2056 -3.503483049876621 -5.850227824088516 3.500484331005199
2057 -2.575444139746712 -5.867789300607433 4.44828040473787
2058 6.395036241604661 -0.4431148280383543 4.615384873307059
2059 -4.934518429846905 -7.212504121402897 1.733928521725595
2060 -4.620778403709472 -6.634571902822379 1.025779034978141
2061 -4.182493439230135 -5.979872879278581 2.305510658397675
2062 -5.873310179957546 3.787888449471663 5.524640118869467
2063 -5.156037244525922 4.290686475075457 6.046973051224889
2064 2.316890139659336 -2.42181252113468 5.767241694790917
2065 2.923974934891461 -1.452888941003095 5.705584883295257
2066 -2.637983281654189 6.650727887216764 5.108532238254625
2067 -2.011718815728181 5.547070103972968 4.162414482189192
2068 -2.296861946457565 7.469404087738939 4.471164471620224
2069 -1.670597480531557 6.365746304495143 3.525046715554791
2070 -1.279834201381658 6.214682567851547 4.665964516704574
2071 7.698428074967347 1.049037320773674 3.597720175042141
2072 7.326855369313476 1.394643119618323 4.698286844205828
2073 8.030165680261792 2.0184594293701 3.309291293430883
2074 6.788992194551771 1.150956173407911 3.373835016257117
2075 -2.798299457780421 -7.635323364229951 3.078203734358907
2076 -1.870260547650512 -7.652884840748868 4.025999808091578
2077 -4.110679089227401 -2.719581877123548 7.533057563573092
2078 -3.013428479869757 -1.743141296678734 6.803740799177975
2079 -3.346134101312402 -2.895353572660229 6.346436529768571
2080 3.45614637719027 7.286112177172033 3.66784635678693
2081 -1.8623741708789 -7.250603486740117 4.819080800418483
2082 -5.393182316075426 0.8401084396178231 6.661080354902387
2083 -6.086238821432248 -0.09237460704490205 6.677652318499174
2084 2.487795714010486 5.594181197446629 6.254354006647441
2085 -3.474501877726258 -2.639176885051576 1.065923871925663
2086 6.851969307301364 1.111049764305172 5.507486144627571
2087 1.263801631726005 7.961296603335185 2.955694307544974
2088 2.266956584439839 7.971489617109718 3.075498778386775
2089 -4.385114750558476 4.554530864984886 6.412428568864408
2090 -3.249638065537449 1.365758784107063 1.152693514167198
2091 -2.840227291716773 2.756152377052214 1.039214479765103
2092 4.598377498227447 -3.16521070035002 6.741382826604953
2093 -2.465766162958556 2.705758300485311 4.066614722859142
2094 -1.120124450809173 -6.359023561480576 6.032164460656908
2095 -0.4141875450864428 -5.655732653382145 6.624973097328715
2096 -1.601340469164949 -5.351464383902826 6.851705067822895
2097 -1.795047124558505 -5.288595197953631 5.274596001470396
2098 -7.339483585844622 3.020852590351516 4.011929430835618
2099 0.975253292018111 -3.618597610409368 7.976255869577177
2100 -0.2368772932576889 -0.02500070289768974 3.889379768081759
2101 2.039338920994761 -4.104894506492506 4.763517497208872
2102 1.727662607290597 -3.742858517909531 3.268713673671087
2103 2.185750741061391 -4.846032603004311 3.588079609590998
2104 2.454813800152166 7.185763645167734 1.503588864364513
2105 1.993260464128122 7.888866523449773 0.8118350204315719
2106 -1.932726317375196 -6.666572453302346 5.543021319549807
2107 -2.413942335730972 -5.659013275724596 6.362561926715792
2108 -8.870100007105464 -1.917210426557401 0.8351358099880928
2109 -8.862027582069775 -2.733558001187678 0.8351358099880928
2110 -7.596750181536344 -2.011530341141361 1.193390843800749
2111 -8.175108674551016 -2.122142424328708 2.028526653788842
2112 -7.604822606572032 -1.195182766511084 1.193390843800749
2113 -2.239086980675005 -2.855685776298325 3.340302989558787
2114 -2.701330573547286 -3.947375950673083 3.000956828286347
2115 -2.222833365995128 -0.9480777813554213 7.385720946045526
2116 7.643671506725595 5.088873291610494 0.8270916430735031
2117 7.1180589507728 5.873492238495043 0.8010520202384765
2118 6.157213502551883 5.014528267231413 1.182653607011969
2119 6.648050444679969 5.428958255870183 1.983705627250445
2120 -0.2903433413385552 1.08631915919953 8.763885884057952
2121 0.8093655099188285 0.5374181504369144 8.942648221493231
2122 -0.1884008998381811 -0.5264255166269021 8.872617064005958
2123 4.614597275159916 3.377857365832531 3.204494033922336
2124 5.11325166400198 3.859817080647392 3.790630554735149
2125 4.799852342275341 -1.888090306006842 6.925899406790155
2126 -0.6829173068471923 -7.277829581577844 1.121781360388121
2127 0.3150028702498081 -7.504830343752261 0.9811767719712255
2128 -0.2175467386213713 6.632746539261126 5.941642742496283
2129 -0.7132858612228364 5.616679099477146 6.790809023868725
2130 -1.721399261708367 -2.373317348578389 5.463129789723791
2131 -3.481088651546804 -6.26713093721553 1.279731623419534
2132 -4.493673164314391 -5.985972394000564 1.025779034978141
2133 -1.312263016471785 -6.120386703208702 2.083846068824787
2134 -0.6163685492058852 -2.196177425313311 8.566098954301561
2135 0.480609939223352 -2.038244064619448 7.324748980576405
2136 -4.909964456472983 -5.266258519600895 1.025779034978141
2137 -3.897379943705396 -5.547417062815861 1.279731623419534
2138 -3.937307030279912 -4.256789173428155 1.065923871925663
2139 -3.209836013037064 -4.970403533105841 2.345655495345197
2140 -4.222420525804651 -4.689244989890875 2.091702906903804
2141 -3.08099136531024 3.692257276062539 1.039214479765103
2142 8.919403637989326 0.4233738190665491 0.9754516100806367
2143 7.429890883428773 0.3413379520499684 1.280848614352344
2144 -5.307925230248216 -0.4871013186674248 4.746459858952552
2145 -5.823540507812856 1.009594091140729 5.225451354401964
2146 1.90079498063658 -6.619100682217442 1.186496162451146
2147 -5.940929292353738 -0.2832560609855743 3.872795044841152
2148 -6.32667635840242 -0.2303731889797646 4.868306362221566
2149 -6.456544569918378 1.21343934882258 4.351786540290565
2150 -5.202802783044879 -4.714568680626383 2.499070187071483
2151 -5.936427818907479 -5.741438821607264 3.368359877500465
2152 -4.516067562644208 -5.56906928087355 3.246531742563807
2153 -3.598688299453116 5.47079409497583 2.703236986814154
2154 7.137753358301533 3.082786592809432 3.332340195977983
2155 5.629401382586456 5.889954421853863 0.9482159441231844
2156 6.120238324714542 6.304384410492633 1.749267964361661
2157 -1.306827444862117 -0.6429476315348979 8.744530924094537
2158 -2.071936715207916 0.12412465158306 8.543369266794253
2159 -2.387749740835084 -1.305246662754473 8.586179399428431
2160 -1.45772409564933 -1.715150064473379 7.586882603345811
2161 -7.844365893411118 1.735468186471358 3.080226921649568
2162 -8.553932578916157 1.103522190529044 2.700427172220889
2163 -0.4715955114346719 8.458667223957768 2.631369129094399
2164 -0.3741724027079322 7.039843942500415 2.411097690763035
2165 0.5165461613047007 8.043330565314399 2.987840225376789
2166 -0.2597949068035363 8.247756307572736 3.618354206889162
2167 -0.1623717980767966 6.828933026115385 3.398082768557799
2168 -1.150513470816169 7.244269684758754 3.041611672275409
2169 -5.083947779644923 -3.328274703989845 1.473291152093342
2170 -4.91768928752014 -4.282112864163663 1.473291152093342
2171 -5.614106104962161 -3.852366161277545 1.473291152093342
2172 -3.128450003835414 -1.552834273928089 8.341475456672139
2173 -2.214580595198636 -4.248006139001956 4.982101260678876
2174 -2.37346097054206 7.332793572066016 3.387473084374736
2175 -1.641576356195536 8.000406035944597 3.891023118890117
2176 1.159742295763771 -1.274862756113538 7.982574445786357
2177 2.118514140497648 -1.960048968494913 8.400010792202137
2178 -1.743103630069975 -8.14706462084968 2.920253471327494
2179 1.784817119999472 0.5374181504369142 8.846574623509381
2180 1.542944511394118 -0.2357660980544428 8.031655969746808
2181 0.7870507102424624 -0.5264255166269023 8.77654346602211
2182 -5.054513809741922 -4.122863176578683 5.840768493687968
2183 -0.4106710683955573 5.591138644242261 4.088939347904383
2184 -1.142555682742081 4.923526180363682 3.585389313389001
2185 -1.592096352997294 5.636295485639174 2.4274611803532
2186 -0.8602117386507711 6.303907949517753 2.931011214868581
2187 -4.665838198752296 -2.402398022980583 1.041582349437733
2188 -5.563492513962574 -2.094945797457317 1.041582349437733
2189 -6.885460474396291 -2.872866858354957 0.978249706904911
2190 -5.696276412740501 -2.656590724068267 2.019832056342644
2191 -5.987806159186013 -3.180319083878223 0.978249706904911
2192 -0.4790868668741035 5.77485827554653 5.12137808390403
2193 -1.359415408325549 6.253894631043968 6.123596941931228
2194 -0.9748259894755686 4.758790835762549 5.970544365276472
2195 7.167570626303823 2.273022084480798 3.878631183707155
2196 -2.469171833531466 -4.037030814365107 7.477821175369472
2197 -2.600363457885473 -3.085237352023643 8.145018410391133
2198 -3.15325992924275 -3.814117153627767 4.567203946789403
2199 -2.317168683287933 -3.238994079317239 4.311073718660985
2200 -0.08387067054253394 6.099482207259415 2.300497233356208
2201 -1.858953404692454 -4.585617864156214 2.89709766479735
2202 2.731857252098722 -6.60132772518495 1.186496162451146
2203 -5.642069863162185 -1.63939221372651 2.234973193238482
2204 -6.831253924817974 -1.855668348013199 1.193390843800749
2205 -6.964037823595901 -2.417313274624149 2.17164055070566
2206 -4.765076449064352 5.065397918454881 5.511165393024847
2207 1.26126023351183 -2.550915206051642 8.306976794626149
2208 -1.853376960826672 8.211316952329627 2.904038041095354
2209 -1.882398085162693 6.576657220880175 2.538061637760027
2210 -3.010682722224371 7.937960959755987 2.861893099349544
2211 -2.519619836845004 7.181824608570144 2.012481652734836
2212 -0.3234351641376032 4.961196034010863 7.388561572801522
2213 -4.652586954177501 -5.811361746107984 5.043274166857877
2214 -4.896231490886015 -5.135946264606674 5.429350210844916
2215 4.74002558854512 -0.9512558193392773 7.219001844431142
2216 4.106030690602632 -1.564826452559036 7.779576588658048
2217 -7.650956731114661 -3.028728851483119 0.978249706904911
2218 -8.229315224129332 -3.139340934670466 1.813385516893004
2219 7.535635888182734 -4.940311827075519 0.8474798324779795
2220 8.236161138764629 -4.39713113094372 0.8474798324779795
2221 6.831188656691419 -3.898995432781749 1.154198683237333
2222 7.286633923903976 -4.147624715134086 2.001678515715312
2223 6.130663406109523 -4.442176128913548 1.154198683237333
2224 -2.62918950563718 1.661345603295419 2.535687157197844
2225 -2.193958326896804 1.975079000850021 1.382993643030646
2226 -1.955343474566259 0.943652037023295 1.010533009808935
2227 6.86165697246058 -4.482029575344431 2.75605934467001
2228 6.572978896898245 -5.522399041641251 2.541554292888863
2229 0.05880765413304295 6.445990814561563 1.383784393522713
2230 0.6357054989790962 7.019144536607053 1.383784393522713
2231 -0.9293340186063297 6.861327473204932 1.027313297240323
2232 -0.3524361737602764 7.434481195250422 1.027313297240323
2233 -3.194339350919178 -6.238207378378398 5.536246329983267
2234 -3.056660158102487 -4.860230123029683 5.267821011903857
2235 6.495843796732773 3.833417059411338 3.731408774107037
2236 -5.166427177624746 -7.592682228871698 0.7896594521091367
2237 -5.76137343026449 -6.997735976231948 0.7896594521091367
2238 -5.740726725912996 -6.656824662112935 1.815438487087278
2239 -5.215724656349217 -6.039625650182629 1.025779034978141
2240 0.3531774260349726 -0.4760410201984158 0.8999228054531406
2241 -1.419937227851121 -1.628897362487111 8.591501900688243
2242 -2.500859523824087 -2.291196393706686 8.433150376022137
2243 8.136090926177697 -0.8946634277026463 2.71102347191798
2244 8.443467846683674 -1.899354289947237 2.447602759103799
2245 -4.103565522404694 -3.302951013254337 1.065923871925663
2246 -1.697290845178852 -2.858476456532886 8.407747429635453
2247 1.05814777799449 8.75662645737097 2.415890852285648
2248 0.1674292139818575 7.753139834556986 1.839148317671895
2249 -3.776734476040087 -1.851087662850533 7.469779257124582
2250 -3.301952387792626 -2.485395461864754 8.094569536626311
2251 -4.63951897843101 -6.283644867792769 4.433125778746425
2252 -5.318529367784524 -6.413289922982834 3.238152106138901
2253 -6.713970991892145 0.796711790862047 3.377784189724484
2254 4.461797167724815 7.124088818394704 3.112473436545601
2255 0.4038484946121155 -1.565522174685998 8.727461942061659
2256 -6.522112939177056 -4.505290003246518 3.112888187746093
2257 -6.514388108129899 -5.489435658683751 2.665376070630892
2258 -1.375710891527386 -1.683070705734472 3.422323548670119
2259 -3.543410136451137 -4.55959993470081 3.286676579511329
2260 -6.586595044203774 -1.749073684364546 3.456564693010618
2261 -7.4844205037108 -2.851980975365027 3.937379133547902
2262 -7.807656733524611 -2.503022055282873 2.867596128138783
2263 -7.861863283102927 -3.520220565624631 2.652454991242944
2264 -6.640801593782091 -2.766272194706303 3.24142355611478
2265 -0.7517924035921812 4.772462443720086 4.726307114538784
2266 -5.65459809473726 -3.288474931600735 5.746204123797725
2267 -6.709466596430987 -2.630862209010333 5.377206982578876
2268 -1.711107071214989 6.775339300236208 5.401974679127195
2269 -1.369985736018365 7.594015500758385 4.764606912492793
2270 -1.157120191586816 8.529892922615929 2.335498529718357
2271 0.3726230978423468 8.827852156029131 2.120020252909605
2272 -6.406667341499425 -5.97542802914192 1.873258867456344
2273 -7.425971318718148 -4.357334383134897 2.617846742557661
2274 -7.318250552087672 -4.843326753593066 1.825729539383114
2275 -6.10666116258597 -4.566613060514761 2.004028741883052
2276 -6.947745597801273 5.720438003219238 0.8180596803981386
2277 -5.546012655254772 5.196214096168324 1.19248864629445
2278 -8.521935101658556 3.393194242060329 0.8364926364501906
2279 -8.147878038857343 4.293682399875293 0.8474798324781645
2280 -7.61932783667846 4.227799270212788 1.918839957601073
2281 -7.075599469558695 3.87572125679201 1.071360125122909
2282 -1.67030857394645 -7.383348390871141 1.121781360388121
2283 3.99783727605225 1.41906732212514 7.741529841442568
2284 4.165857444332852 -2.501660939226601 7.48647415101706
2285 -2.012760531138956 0.9692259886692578 8.503345408540044
2286 -5.932347324368024 -6.19290013496521 2.66887784756292
2287 -5.606381273915003 -4.836511816714777 1.025779034978141
2288 -2.91569226428719 -5.771487202440422 1.279731623419534
2289 -2.955619350861706 -4.480859313052717 1.065923871925663
2290 -1.439419934052323 -5.62620692310789 3.189592405588871
2291 -7.651134726954625 -1.986029806258194 3.588807357391823
2292 -7.327898497140815 -2.334988726340348 4.658590362800942
2293 -0.9524059410191683 8.237530033891458 3.169010669486559
2294 -0.7406053363880327 8.026619117506426 4.155995747281322
2295 1.764112374054425 1.975024405636371 8.635381612645411
2296 2.725441887754519 1.893960846561995 8.357219913955564
2297 1.999216285104248 2.517641750708665 8.376942937196896
2298 -3.205445710354965 -3.558731472312685 1.065923871925663
2299 -6.10938231143565 -3.465250453988281 5.471771352469119
2300 6.991530179258656 -5.754833499357442 0.8389312330044653
2301 6.742528214979897 -4.962146387416009 1.993129916241798
2302 -0.7612129657615996 -0.8309671120576991 3.02758652528095
2303 -7.365785302723884 2.117715358526312 3.874305441883743
2304 -7.108358880750117 2.534442916486845 4.848307792449825
2305 -7.090045273747032 -5.828502301024368 0.8474798324782028
2306 -5.87845588424533 -5.551788607946063 1.025779034978141
2307 -6.790039094833578 -4.419687332397208 0.978249706904911
2308 -0.3410990492989573 -1.16736418033857 0.8999228054531406
2309 -1.453792594140314 -2.066379008753385 4.393094277772317
2310 -3.681712830787514 -3.972699641408591 3.408324108454027
2311 6.453850139417564 -6.00251585371283 1.77862486446065
2312 5.841985330547189 -5.482545595210368 0.9396936314561847
2313 -6.114385993633127 -3.582467405077529 2.451540858998253
2314 -0.7829645850936734 -2.805568253728888 0.8999228054531406
2315 -2.994977610386843 -4.827200241655758 4.15578566394635
2316 1.714467386668625 6.347326824462845 5.989813372921904
2317 -2.376492339538251 4.369746971594756 1.039214479765103
2318 -1.334323796778268 5.240569250704265 0.9167128398334954
2319 -2.32390390737673 6.203304478627356 5.880040988718612
2320 -3.381896767858803 6.009514078417426 5.569365887439986
2321 7.612148503737611 -3.160977653556864 1.017427901538163
2322 8.067593770950168 -3.409606935909201 1.864907734016142
2323 -2.144709538659054 5.302407605681656 1.510748340519704
2324 -2.329226350964198 6.184662119104193 1.510748340519704
2325 -2.966448102646509 6.789829506794163 0.9851683554945129
2326 -2.781931290341365 5.907574993371625 0.9851683554945129
2327 -4.177762904474205 -7.136592569902769 2.772612258152368
2328 -5.190347417241792 -6.855434026687803 2.518659669710975
2329 -5.900345930352696 1.481787041464229 6.075570533505202
2330 -6.593402435709518 0.5493039948015042 6.092142497101989
2331 2.647211848115869 2.163417811860247 5.590914632888566
2332 -6.376838299321917 1.311856849421322 1.380463415669401
2333 -5.873986734553323 0.5202247907371976 0.8972770144495177
2334 -6.517964484503252 -3.704410541165924 0.978249706904911
2335 -4.817525568954135 3.684280912309732 6.702369397286385
2336 -9.058223073370353 -0.9785523255543801 0.821420365978818
2337 -8.363231740815905 -1.183484323325687 2.014811209779567
2338 8.650077654766196 0.8873862415798428 1.967871342821723
2339 7.761628488723217 1.310760060646394 0.992419732741086
2340 -0.8637602844673556 1.560571624334609 8.708203593170719
2341 -1.52692711331278 0.7148992316261351 8.615773115818442
2342 -0.7618178429669815 -0.05217305149182278 8.816934773118726
2343 3.48568950890056 -8.410151614383043 0.8138359756062172
2344 2.811691667855716 -8.073650032825128 2.000332138057364
2345 -7.803731587343503 -1.134393770683074 3.62220778455664
2346 -7.480495357529692 -1.483352690765227 4.69199078996576
2347 2.655892888440808 -8.696394712576563 0.8138359756062172
2348 2.534439568058333 -7.349463845201881 1.186496162451146
2349 6.77705945102051 5.021687648107089 2.610393595939764
2350 -5.093447564705416 1.768116470667308 6.759549400359359
2351 -5.199099346146573 2.782243987410722 6.781934474380567
2352 -8.097871848340642 -1.57743874356035 2.828370833369203
2353 0.8435501536605657 3.347939241671644 7.762952391499885
2354 8.033811310012034 -0.08203586701658305 3.194265776177789
2355 7.662238604358164 0.2635699318280658 4.294832445341477
2356 3.157654729001313 7.714522885789701 3.018961489126977
2357 3.635612667710682 7.675537716426347 2.305320222946706
2358 4.163305519535858 7.552499527012372 2.463588568885648
2359 4.641263458245227 7.513514357649019 1.749947302705377
2360 -7.828656160588682 -0.4476003541908347 4.426137714810975
2361 -6.934755847262764 -0.7133213477901529 3.190711617855833
2362 -6.611519617448954 -1.062280267872307 4.260494623264952
2363 1.343455947903289 2.119459975809977 4.463611446324951
2364 1.607966401371235 2.724932029919723 5.436638562999981
2365 1.69828692093957 2.651208592921995 3.485334060244655
2366 -6.723270647225476 1.993116532603849 5.575622675170988
2367 3.460464590686712 7.023740286390405 0.9482159441231844
2368 -5.700057271920802 6.053349107109981 2.714572076725172
2369 -7.072704828250483 5.050870145283214 1.889419805521047
2370 -6.576134653596633 5.336540996007185 2.59344355555363
2371 -7.173592540473729 4.56077224945899 2.72542003257798
2372 1.177307115668886 7.732440428663624 0.8118350204315719
2373 0.05325787537904145 4.144794516025732 7.858653876416171
2374 8.068584685352114 -1.919735359910882 3.343686168000013
2375 7.761207764846139 -0.9150444976662916 3.607106880814194
2376 6.766608947258531 -0.7887206268830032 3.514818204143372
2377 7.698989417193472 -1.539693390516131 4.56022785625288
2378 7.073985867764507 -1.793411489127594 3.251397491329191
2379 2.497863141538899 -7.98737306859177 2.699665230077023
2380 1.620905509378451 -8.493271215907466 2.494345839597102
2381 1.805403248415795 8.674592495391757 2.383744934453834
2382 -0.1379655316774796 6.593534476068705 4.484010317269629
2383 -4.305944855016937 -6.6944484661978 3.492104694580293
2384 -7.22640649781504 0.7531492524833546 5.218477682990589
2385 0.1041255042355315 7.941082966763808 4.271679912577808
2386 -4.966830384342091 7.281602410073701 1.736546863941173
2387 -4.522389854964314 6.797241032159178 0.9851683554945129
2388 -4.19003260902969 -3.890136402417407 6.602887495505199
2389 -3.382544899339584 -3.372231925450132 7.684982044416333
2390 -7.327709175287181 -3.840727451145991 3.409147061644448
2391 6.966871451230617 -4.319840612829995 3.756552987227943
2392 6.223032045557676 5.626156271784229 2.737038246067417
2393 5.695219925592249 6.50158242640668 2.502600583178633
2394 4.347518462583979 6.890663877058437 0.9482159441231844
2395 -2.213656818662429 4.793581080832825 3.489781325078046
2396 -1.822893539512529 4.642517344189228 4.63069912622783
2397 -2.634264895757277 4.765473206529664 2.549962820284807
2398 -3.271486647439588 5.370640594219633 2.024382835259616
2399 8.36554891530648 0.8873862415798429 2.905836894566532
2400 -6.06017944405481 -2.565268894735771 2.666681995894092
2401 -5.318833633348374 -1.988351133808663 3.304756198647602
2402 6.22390174239268 -3.460349220686337 1.154198683237333
2403 7.004861589438873 -2.722331441461452 1.017427901538163
2404 -7.530536780839154 1.238754971747205 3.901781300151891
2405 -8.090075322026916 0.9122284643113974 3.69708428003525
2406 -7.776246209454952 0.4155152495872437 4.518638658537573
2407 -1.349593702293532 1.814898381377732 8.595775885892323
2408 -1.92305431937658 -6.219221158346839 0.9620647084366662
2409 -2.367458844182232 -5.608645446588973 2.2417963318562
2410 6.946569502163945 -3.867095995883175 4.374131797931909
2411 -4.409090669069728 5.357507434213856 1.19248864629445
2412 -3.44466726537389 4.652186545767689 1.039214479765103
2413 -3.850106216177005 6.19001456754456 0.9851683554945129
2414 -5.112376522485295 6.597731344838619 2.541766191916872
2415 -4.55339206959257 7.430238478169323 2.334445901116935
2416 -0.9068756228262789 -9.207662718923654 0.6295776507831201
2417 -0.9504491652039362 -7.913599596192325 1.121781360388121
2418 -1.015943728663998 -8.578577058464333 1.751359011171241
2419 -0.01802355156699764 -8.805577820638749 1.610754422754346
2420 0.04747101189306419 -8.140600358366742 0.9811767719712255
2421 -7.601255030429365 5.116753274945719 0.8180596803981386
2422 -0.03746777438383464 9.0235696108521 0.833398801133008
2423 -0.8988826706311791 9.050037314780223 0.5691590181400599
2424 -1.085680666276973 7.834787627087707 1.027313297240323
2425 -1.175516079801511 8.670430288836302 1.596472315380383
2426 -0.3141011835541664 8.643962584908177 1.860712098373331
2427 -7.611494731339681 1.294475636366351 4.491162800269426
2428 -8.152078397918959 -2.594637253902107 2.613229696473365
2429 -5.192368298969348 -0.2516483975097373 2.772751285235587
2430 -8.085059102376235 -4.312134051184593 0.8474795471361241
2431 -7.626720154514793 -5.025311669695732 0.8474795471361241
2432 -7.854925432855433 -4.040136122264431 1.825729254041035
2433 -7.24837804269502 -3.706509713886069 0.978249706904911
2434 -4.016313344281697 -5.710003452691122 5.635054512267028
2435 -3.23591632909349 -5.130809350037319 6.461370108999554
2436 -6.219671747345798 -1.235593967222852 1.193390843800749
2437 -4.951910336490398 -1.47487141666697 1.041582349437733
2438 4.951490213552611 7.112365364619267 2.508741583724861
2439 -0.6390322864409315 5.920965737963932 0.9167128398334954
2440 -1.072012343281907 6.514818865902784 1.944026137073818
2441 1.215642105874996 8.941921818321379 1.64523382156458
2442 0.4440626231521893 8.132746860500909 0.8118350204315719
2443 -1.518840609083412 6.122823764126803 0.9167128398334954
2444 -6.422090036930603 4.479405985065529 1.071360125122909
2445 -2.45545430166943 -4.895985773638089 7.005863351937236
2446 -0.1137792648122815 -9.114230800041138 0.6295776507831201
2447 0.8405673699070615 -8.047168439484226 0.9811767719712255
2448 -1.286926703708084 -0.9120802285870804 0.8999228054531406
2449 -5.592768489294749 -1.319008397559967 4.138648119995938
2450 -5.916004719108559 -0.9700494774778131 3.068865114586818
2451 -7.086404984826956 0.6799108534790074 1.000663666240722
2452 -3.832910180235117 7.728139715550848 2.645262392367462
2453 -5.916372281578197 2.279445961806927 6.259601542025145
2454 -8.122796421585821 -0.8906453270681109 3.632300763623537
2455 5.778223506463184 -6.674242340283432 1.787173463934351
2456 -0.7576860259036353 -0.2588488592177292 1.010533009808935
2457 -0.6796930857307674 -0.7007034287359157 1.910455815262075
2458 6.767835767646995 -2.749282275232795 3.172120227333428
2459 0.2475117974465103 5.744842530973052 0.9167128398334954
2460 -2.113242182006874 -5.119101226535848 0.9620647084366662
2461 -7.273110358865387 1.655482529707738 4.875783650717971
2462 -3.114359505412453 3.500600750430045 3.772329163962361
2463 -3.188320728183473 3.102694900119002 4.719514837883546
2464 -3.271847195456172 3.674015500599874 4.855831683149246
2465 -1.80914234124881 7.063185499367803 1.027313297240323
2466 -4.305370195262695 5.86148815514265 5.132088061544289
2467 -8.852013570950326 -0.3053971806158018 1.82208403221954
2468 -8.093604436706453 -0.3170956238011989 1.000663666240722
2469 -7.398613104152005 -0.5220276215725062 2.194054510041471
2470 7.300294247457884 -3.525141964293091 2.915938236358221
2471 8.081254094504077 -2.787124185068206 2.779167454659051
2472 -1.76089837401042 -9.012792119412349 0.84999979851695
2473 7.405508726227922 -3.362953001778656 3.916431878916153
2474 7.711658826345435 -2.407082215673454 3.995709142911917
2475 -3.712781815967951 2.4907454800361 4.964380436891704
2476 -7.423537677397185 0.1647657949197326 2.997984440295805
2477 -2.378851231003578 -3.272023960691164 5.423109066618493
2478 -2.880886399994602 4.448726943979297 4.320024024949204
2479 -8.157594490475695 -0.6889781897928758 2.891828023284322
2480 -8.182519063720875 -0.002184773300637077 3.695757953538656
2481 -3.251353274985576 -4.324025387791595 7.017784809394673
2482 -3.214942476958394 -3.847147035001692 5.67923929474691
2483 -1.018294073128925 7.072570831566143 5.486229175296827
2484 3.205016279902911 -7.712005430470702 2.808242765765073
2485 -3.30149447708945 4.420619069676137 3.380205520155965
2486 -8.855926126368409 1.679203695380466 0.8331125549305747
2487 -8.850263556911028 0.6592081864749642 1.833776221171296
2488 0.3947131027140038 7.131487847846627 5.394766388408166
2489 -0.4060342317935502 7.571312140151644 4.939352821208709
2490 -2.888698617687331 2.691419499924691 3.176289822434666
2491 -1.936891925445788 7.867193452942608 1.027313297240323
2492 -2.057088188743944 8.45147922868156 1.917081167268718
2493 -2.631666038742427 8.863492080480384 0.889767870028395
2494 -3.094197686843486 7.593837460368968 0.9851683554945129
2495 -3.214393950141643 8.17812323610792 1.874936225522908
2496 -4.174595663137604 -4.696920364663131 6.046472795110081
2497 1.854899619938274 -7.107225872500645 0.9811767719712255
2498 1.657481935897885 -7.855361992517576 0.9811767719712255
2499 -2.66140348697277 -5.238003840060789 3.214764579780218
2500 1.934734035695268 -8.579548180140824 1.795012747577443
2501 7.85334857926586 2.133290929499357 0.992419732741086
2502 -6.71221361825932 -0.3090683500317933 6.041222256394216
2503 -7.345217680364842 -0.1052230923499428 5.167557442282817
2504 5.438651244690526 6.974108666765948 1.786991187444694
2505 -4.268921594535762 8.057687675300649 0.8474798324779513
2506 -3.578615094370139 8.485406355359327 0.8474798324779513
2507 -4.161343005769355 7.800037510986863 1.832648187972464
2508 -3.784504187009109 7.16611878031029 0.9851683554945129
2509 3.095612072368875 1.549897992159019 8.092924069120599
2510 2.239788078447973 1.384897982911634 8.658119482034547
2511 -8.586653678475065 -0.6993516008504642 2.635643655809175
2512 -8.646376320610118 0.1891089529170097 2.699100845724295
2513 -4.918433443022973 -0.9209911337584338 1.938859363887251
2514 0.7896382059635468 9.29110364758791 0.833398801133008
2515 1.271168603499571 8.400280897236721 0.8118350204315719
2516 0.838036335737443 -9.076101160433439 0.8893360087174125
2517 0.9337920489827268 -8.76744818103105 1.870512780688638
2518 -2.510042855357586 -2.320230498349701 6.090306301640154
2519 8.391208708856823 -3.592332437720984 0.8474798324779795
2520 7.767196073829805 -2.356178960334128 1.017427901538163
2521 -8.487637790795876 -3.634353188781643 0.8474795471361241
2522 -6.389670927810016 2.909212175248552 5.598047603977088
2523 -5.672397992378392 3.412010200852346 6.120380536332511
2524 0.1787753569602266 1.925577965648551 8.670572373197462
2525 1.27848420821761 1.376676956885936 8.849334710632743
2526 -9.001348372652011 0.8106482014987639 0.8331125549305747
2527 -8.038479750027411 0.507499536161179 1.000663666240722
2528 2.857014686977776 -2.396321262323598 8.133454380505022
2529 1.654950901728267 -8.884294713466788 0.8893360087174125
2530 -1.750093929799994 9.082443140635124 0.5691590181400599
2531 6.534846941154261 -6.486954112874425 0.8389312330044653
2532 5.859220308199881 -7.158680599445027 0.8474798324781661
2533 5.385302092442794 -6.214666208727353 0.9396936314561847
2534 1.999760779991959 -2.987187499880327 8.040420382929032
2535 -0.928687209595513 -8.433354849135084 2.49518482801533
2536 0.06923296750148739 -8.6603556113095 2.354580239598435
2537 -6.772689659793697 -1.035397835443894 5.85730070087457
2538 -7.405693721899219 -0.8315525777620429 4.983635886763171
2539 6.974535604066879 -3.258391290654338 4.804271805387407
2540 7.280685704184391 -2.302520504549137 4.88354906938317
2541 8.91359243712748 1.133467994588754 0.7100941755222036
2542 8.644266453904349 1.597480417102047 1.70251390826329
2543 -7.05753291884023 -1.867304914336436 5.249488961917956
2544 2.696101392977269 8.41762576407174 2.327207645194035
2545 -0.07273724477308621 3.170326023127398 8.303661536867139
2546 -5.006807262490967 7.688809927149537 0.8474798324779513
2547 3.557956429868262 -1.929106659677666 8.001156680519017
2548 7.200189003314455 0.2635699318280659 5.159266448614041
2549 6.436471870748783 6.543216494768357 0.8387752433215099
2550 -3.943996517095782 0.6739781602150732 1.152693514167198
2551 -4.83284111182645 0.1663091647657223 0.8972770144495177
2552 7.971592962359368 -0.7066847598664223 4.147386751616474
2553 0.6644035227970408 2.523925414398987 8.456619275210132
2554 -5.496035327206586 -0.5171928872547765 0.8972770144495177
2555 -6.186194853878373 -0.6817136843143159 2.090667858250267
2556 -4.580899544790048 -0.7809453653656281 0.8972770144495177
2557 8.949787548868798 -1.95785199701413 0.6878535734774487
2558 -2.363068541500132 -4.196973385795816 0.9620647084366662
2559 -6.920007113661484 -0.9379460507753429 1.193390843800749
2560 -6.424104658160603 -6.509898933995382 0.7896594521091367
2561 8.461622513290326 1.734866074057812 2.422842301271712
2562 8.453322938628901 2.375621041593277 1.784689825379558
2563 5.758677535772949 7.007816061061474 0.8387752433215099
2564 -7.408788943795905 -0.05985890806545735 1.000663666240722
2565 5.055291821416052 -7.698483409664954 0.8333381199757233
2566 4.357201164301008 8.083331640856002 0.8017313585821928
2567 5.154588950746306 7.54392594997293 0.8387752433215099
2568 8.764070296549724 -2.718136387902991 0.7971930800831228
2569 8.440455358643069 -2.535410886091208 1.814620981621286
2570 -6.196370693522272 -0.2195449708072671 0.8972770144495177
2571 -6.674976684012794 0.1963734583955696 1.897940680690239
2572 -0.5904946554733721 -1.318740595495764 8.793039548658696
2573 -0.07177669028379763 9.317571351516037 0.5691590181400599
2574 7.509543361315659 -0.7066847598664222 5.011820754889038
2575 -6.211119427123553 0.005079732177922902 2.894597788504601
2576 4.951607047610622 6.35455398814698 0.9482159441231844
2577 8.437257828919055 3.60524685460187 0.8270916430735031
2578 -9.00309838669131 -0.1539571655920021 0.821420365978818
2579 -0.7797593624181824 2.401987739740703 8.562790774185213
2580 3.466148060855529 8.449249981281927 0.8206031944739098
2581 2.283006228241159 8.744558935134311 1.632438214905482
2582 8.814369012394675 2.734139487932945 0.792270092638472
2583 9.005312527670121 1.955998863441716 0.7100941755222036
2584 2.579094188958261 8.582326390613893 0.8206031944739098
2585 1.824037861786167 8.929475936001243 0.8118350204315719
2586 5.997291217115465 3.639546984948311 4.572848798913313
2587 0.8995074338468639 3.066542759471282 8.198180599761617
2588 2.88031433602539 7.755790114117804 0.8118350204315719
2589 3.174059331686638 8.378640594708386 1.613566379013765
2590 -3.692054950059381 -0.2732763699162772 1.152693514167198
2591 3.164376629969609 7.185972830910821 1.760050964554756
$EndNodes
$Elements
14128
1 2 2 2 1 1 263 3
2 2 2 2 1 263 264 3
3 2 2 2 1 263 249 264
4 2 2 2 1 3 264 4
5 2 2 2 1 4 265 3
6 2 2 2 1 265 266 3
7 2 2 2 1 265 250 266
8 2 2 2 1 3 266 1
9 2 2 2 1 19 267 18
10 2 2 2 1 267 263 18
11 2 2 2 1 267 249 263
12 2 2 2 1 18 263 1
13 2 2 2 1 1 266 80
14 2 2 2 1 266 268 80
15 2 2 2 1 266 250 268
16 2 2 2 1 80 268 79
17 2 2 2 1 2 269 17
18 2 2 2 1 269 270 17
19 2 2 2 1 269 88 270
20 2 2 2 1 17 270 16
21 2 2 2 1 16 271 17
22 2 2 2 1 271 272 17
23 2 2 2 1 271 194 272
24 2 2 2 1 17 272 2
25 2 2 2 1 2 273 269
26 2 2 2 1 273 274 269
27 2 2 2 1 273 234 274
28 2 2 2 1 269 274 88
29 2 2 2 1 194 275 272
30 2 2 2 1 275 276 272
31 2 2 2 1 275 233 276
32 2 2 2 1 272 276 2
33 2 2 2 1 233 277 276
34 2 2 2 1 277 273 276
35 2 2 2 1 277 234 273
36 2 2 2 1 276 273 2
37 2 2 2 1 6 278 5
38 2 2 2 1 278 279 5
39 2 2 2 1 278 152 279
40 2 2 2 1 5 279 4
41 2 2 2 1 4 280 5
42 2 2 2 1 280 281 5
43 2 2 2 1 280 153 281
44 2 2 2 1 5 281 6
45 2 2 2 1 152 282 279
46 2 2 2 1 282 265 279
47 2 2 2 1 282 250 265
48 2 2 2 1 279 265 4
49 2 2 2 1 4 264 280
50 2 2 2 1 264 283 280
51 2 2 2 1 264 249 283
52 2 2 2 1 280 283 153
53 2 2 2 1 6 284 7
54 2 2 2 1 284 285 7
55 2 2 2 1 284 166 285
56 2 2 2 1 7 285 8
57 2 2 2 1 8 286 7
58 2 2 2 1 286 287 7
59 2 2 2 1 286 198 287
60 2 2 2 1 7 287 6
61 2 2 2 1 6 287 278
62 2 2 2 1 287 288 278
63 2 2 2 1 287 198 288
64 2 2 2 1 278 288 152
65 2 2 2 1 153 289 281
66 2 2 2 1 289 284 281
67 2 2 2 1 289 166 284
68 2 2 2 1 281 284 6
69 2 2 2 1 10 290 9
70 2 2 2 1 290 291 9
71 2 2 2 1 290 90 291
72 2 2 2 1 9 291 8
73 2 2 2 1 8 292 9
74 2 2 2 1 292 293 9
75 2 2 2 1 292 93 293
76 2 2 2 1 9 293 10
77 2 2 2 1 90 294 291
78 2 2 2 1 294 286 291
79 2 2 2 1 294 198 286
80 2 2 2 1 291 286 8
81 2 2 2 1 8 285 292
82 2 2 2 1 285 295 292
83 2 2 2 1 285 166 295
84 2 2 2 1 292 295 93
85 2 2 2 1 12 296 11
86 2 2 2 1 296 297 11
87 2 2 2 1 296 89 297
88 2 2 2 1 11 297 10
89 2 2 2 1 10 298 11
90 2 2 2 1 298 299 11
91 2 2 2 1 298 164 299
92 2 2 2 1 11 299 12
93 2 2 2 1 89 300 297
94 2 2 2 1 300 290 297
95 2 2 2 1 300 90 290
96 2 2 2 1 297 290 10
97 2 2 2 1 93 301 293
98 2 2 2 1 301 298 293
99 2 2 2 1 301 164 298
100 2 2 2 1 293 298 10
101 2 2 2 1 12 302 13
102 2 2 2 1 302 303 13
103 2 2 2 1 302 163 303
104 2 2 2 1 13 303 14
105 2 2 2 1 14 304 13
106 2 2 2 1 304 305 13
107 2 2 2 1 304 260 305
108 2 2 2 1 13 305 12
109 2 2 2 1 12 305 296
110 2 2 2 1 305 306 296
111 2 2 2 1 305 260 306
112 2 2 2 1 296 306 89
113 2 2 2 1 12 299 302
114 2 2 2 1 299 307 302
115 2 2 2 1 299 164 307
116 2 2 2 1 302 307 163
117 2 2 2 1 14 308 15
118 2 2 2 1 308 309 15
119 2 2 2 1 308 84 309
120 2 2 2 1 15 309 16
121 2 2 2 1 16 310 15
122 2 2 2 1 310 311 15
123 2 2 2 1 310 168 311
124 2 2 2 1 15 311 14
125 2 2 2 1 14 303 308
126 2 2 2 1 303 312 308
127 2 2 2 1 303 163 312
128 2 2 2 1 308 312 84
129 2 2 2 1 168 313 311
130 2 2 2 1 313 314 311
131 2 2 2 1 313 169 314
132 2 2 2 1 311 314 14
133 2 2 2 1 169 315 314
134 2 2 2 1 315 304 314
135 2 2 2 1 315 260 304
136 2 2 2 1 314 304 14
137 2 2 2 1 84 316 309
138 2 2 2 1 316 271 309
139 2 2 2 1 316 194 271
140 2 2 2 1 309 271 16
141 2 2 2 1 88 317 270
142 2 2 2 1 317 310 270
143 2 2 2 1 317 168 310
144 2 2 2 1 270 310 16
145 2 2 2 1 21 318 20
146 2 2 2 1 318 319 20
147 2 2 2 1 318 224 319
148 2 2 2 1 20 319 19
149 2 2 2 1 224 320 319
150 2 2 2 1 320 267 319
151 2 2 2 1 320 249 267
152 2 2 2 1 319 267 19
153 2 2 2 1 23 321 22
154 2 2 2 1 321 322 22
155 2 2 2 1 321 97 322
156 2 2 2 1 22 322 21
157 2 2 2 1 97 323 322
158 2 2 2 1 323 318 322
159 2 2 2 1 323 224 318
160 2 2 2 1 322 318 21
161 2 2 2 1 25 324 24
162 2 2 2 1 324 325 24
163 2 2 2 1 324 191 325
164 2 2 2 1 24 325 23
165 2 2 2 1 23 325 321
166 2 2 2 1 325 326 321
167 2 2 2 1 325 191 326
168 2 2 2 1 321 326 97
169 2 2 2 1 27 327 26
170 2 2 2 1 327 328 26
171 2 2 2 1 327 91 328
172 2 2 2 1 26 328 25
173 2 2 2 1 91 329 328
174 2 2 2 1 329 324 328
175 2 2 2 1 329 191 324
176 2 2 2 1 328 324 25
177 2 2 2 1 29 330 28
178 2 2 2 1 330 331 28
179 2 2 2 1 330 196 331
180 2 2 2 1 28 331 27
181 2 2 2 1 27 331 327
182 2 2 2 1 331 332 327
183 2 2 2 1 331 196 332
184 2 2 2 1 327 332 91
185 2 2 2 1 31 333 30
186 2 2 2 1 333 334 30
187 2 2 2 1 333 192 334
188 2 2 2 1 30 334 29
189 2 2 2 1 192 335 334
190 2 2 2 1 335 330 334
191 2 2 2 1 335 196 330
192 2 2 2 1 334 330 29
193 2 2 2 1 33 336 32
194 2 2 2 1 336 337 32
195 2 2 2 1 336 85 337
196 2 2 2 1 32 337 31
197 2 2 2 1 85 338 337
198 2 2 2 1 338 333 337
199 2 2 2 1 338 192 333
200 2 2 2 1 337 333 31
201 2 2 2 1 35 339 34
202 2 2 2 1 339 340 34
203 2 2 2 1 339 254 340
204 2 2 2 1 34 340 33
205 2 2 2 1 33 340 336
206 2 2 2 1 340 341 336
207 2 2 2 1 340 254 341
208 2 2 2 1 336 341 85
209 2 2 2 1 37 342 36
210 2 2 2 1 342 343 36
211 2 2 2 1 342 180 343
212 2 2 2 1 36 343 35
213 2 2 2 1 180 344 343
214 2 2 2 1 344 339 343
215 2 2 2 1 344 254 339
216 2 2 2 1 343 339 35
217 2 2 2 1 39 345 38
218 2 2 2 1 345 346 38
219 2 2 2 1 345 81 346
220 2 2 2 1 38 346 37
221 2 2 2 1 81 347 346
222 2 2 2 1 347 342 346
223 2 2 2 1 347 180 342
224 2 2 2 1 346 342 37
225 2 2 2 1 41 348 40
226 2 2 2 1 348 349 40
227 2 2 2 1 348 195 349
228 2 2 2 1 40 349 39
229 2 2 2 1 39 349 345
230 2 2 2 1 349 350 345
231 2 2 2 1 349 195 350
232 2 2 2 1 345 350 81
233 2 2 2 1 43 351 42
234 2 2 2 1 351 352 42
235 2 2 2 1 351 187 352
236 2 2 2 1 42 352 41
237 2 2 2 1 187 353 352
238 2 2 2 1 353 348 352
239 2 2 2 1 353 195 348
240 2 2 2 1 352 348 41
241 2 2 2 1 45 354 44
242 2 2 2 1 354 355 44
243 2 2 2 1 354 94 355
244 2 2 2 1 44 355 43
245 2 2 2 1 94 356 355
246 2 2 2 1 356 351 355
247 2 2 2 1 356 187 351
248 2 2 2 1 355 351 43
249 2 2 2 1 47 357 46
250 2 2 2 1 357 358 46
251 2 2 2 1 357 181 358
252 2 2 2 1 46 358 45
253 2 2 2 1 45 358 354
254 2 2 2 1 358 359 354
255 2 2 2 1 358 181 359
256 2 2 2 1 354 359 94
257 2 2 2 1 49 360 48
258 2 2 2 1 360 361 48
259 2 2 2 1 360 82 361
260 2 2 2 1 48 361 47
261 2 2 2 1 82 362 361
262 2 2 2 1 362 357 361
263 2 2 2 1 362 181 357
264 2 2 2 1 361 357 47
265 2 2 2 1 51 363 50
266 2 2 2 1 363 364 50
267 2 2 2 1 363 214 364
268 2 2 2 1 50 364 49
269 2 2 2 1 49 364 360
270 2 2 2 1 364 365 360
271 2 2 2 1 364 214 365
272 2 2 2 1 360 365 82
273 2 2 2 1 53 366 52
274 2 2 2 1 366 367 52
275 2 2 2 1 366 96 367
276 2 2 2 1 52 367 51
277 2 2 2 1 96 368 367
278 2 2 2 1 368 363 367
279 2 2 2 1 368 214 363
280 2 2 2 1 367 363 51
281 2 2 2 1 55 369 54
282 2 2 2 1 369 370 54
283 2 2 2 1 369 172 370
284 2 2 2 1 54 370 53
285 2 2 2 1 53 370 366
286 2 2 2 1 370 371 366
287 2 2 2 1 370 172 371
288 2 2 2 1 366 371 96
289 2 2 2 1 57 372 56
290 2 2 2 1 372 373 56
291 2 2 2 1 372 83 373
292 2 2 2 1 56 373 55
293 2 2 2 1 83 374 373
294 2 2 2 1 374 369 373
295 2 2 2 1 374 172 369
296 2 2 2 1 373 369 55
297 2 2 2 1 59 375 58
298 2 2 2 1 375 376 58
299 2 2 2 1 375 189 376
300 2 2 2 1 58 376 57
301 2 2 2 1 57 376 372
302 2 2 2 1 376 377 372
303 2 2 2 1 376 189 377
304 2 2 2 1 372 377 83
305 2 2 2 1 61 378 60
306 2 2 2 1 378 379 60
307 2 2 2 1 378 238 379
308 2 2 2 1 60 379 59
309 2 2 2 1 59 379 375
310 2 2 2 1 379 380 375
311 2 2 2 1 379 238 380
312 2 2 2 1 375 380 189
313 2 2 2 1 63 381 62
314 2 2 2 1 381 382 62
315 2 2 2 1 381 86 382
316 2 2 2 1 62 382 61
317 2 2 2 1 86 383 382
318 2 2 2 1 383 378 382
319 2 2 2 1 383 238 378
320 2 2 2 1 382 378 61
321 2 2 2 1 65 384 64
322 2 2 2 1 384 385 64
323 2 2 2 1 384 243 385
324 2 2 2 1 64 385 63
325 2 2 2 1 63 385 381
326 2 2 2 1 385 386 381
327 2 2 2 1 385 243 386
328 2 2 2 1 381 386 86
329 2 2 2 1 67 387 66
330 2 2 2 1 387 388 66
331 2 2 2 1 387 193 388
332 2 2 2 1 66 388 65
333 2 2 2 1 193 389 388
334 2 2 2 1 389 384 388
335 2 2 2 1 389 243 384
336 2 2 2 1 388 384 65
337 2 2 2 1 69 390 68
338 2 2 2 1 390 391 68
339 2 2 2 1 390 87 391
340 2 2 2 1 68 391 67
341 2 2 2 1 87 392 391
342 2 2 2 1 392 387 391
343 2 2 2 1 392 193 387
344 2 2 2 1 391 387 67
345 2 2 2 1 71 393 70
346 2 2 2 1 393 394 70
347 2 2 2 1 393 170 394
348 2 2 2 1 70 394 69
349 2 2 2 1 69 394 390
350 2 2 2 1 394 395 390
351 2 2 2 1 394 170 395
352 2 2 2 1 390 395 87
353 2 2 2 1 73 396 72
354 2 2 2 1 396 397 72
355 2 2 2 1 396 95 397
356 2 2 2 1 72 397 71
357 2 2 2 1 95 398 397
358 2 2 2 1 398 393 397
359 2 2 2 1 398 170 393
360 2 2 2 1 397 393 71
361 2 2 2 1 75 399 74
362 2 2 2 1 399 400 74
363 2 2 2 1 399 178 400
364 2 2 2 1 74 400 73
365 2 2 2 1 73 400 396
366 2 2 2 1 400 401 396
367 2 2 2 1 400 178 401
368 2 2 2 1 396 401 95
369 2 2 2 1 77 402 76
370 2 2 2 1 402 403 76
371 2 2 2 1 402 105 403
372 2 2 2 1 76 403 75
373 2 2 2 1 105 404 403
374 2 2 2 1 404 399 403
375 2 2 2 1 404 178 399
376 2 2 2 1 403 399 75
377 2 2 2 1 79 405 78
378 2 2 2 1 405 406 78
379 2 2 2 1 405 223 406
380 2 2 2 1 78 406 77
381 2 2 2 1 77 406 402
382 2 2 2 1 406 407 402
383 2 2 2 1 406 223 407
384 2 2 2 1 402 407 105
385 2 2 2 1 79 268 405
386 2 2 2 1 268 408 405
387 2 2 2 1 268 250 408
388 2 2 2 1 405 408 223
389 2 2 2 1 81 409 347
390 2 2 2 1 409 410 347
391 2 2 2 1 409 242 410
392 2 2 2 1 347 410 180
393 2 2 2 1 195 411 350
394 2 2 2 1 411 412 350
395 2 2 2 1 411 262 412
396 2 2 2 1 350 412 81
397 2 2 2 1 81 412 409
398 2 2 2 1 412 413 409
399 2 2 2 1 412 262 413
400 2 2 2 1 409 413 242
401 2 2 2 1 82 414 362
402 2 2 2 1 414 415 362
403 2 2 2 1 414 218 415
404 2 2 2 1 362 415 181
405 2 2 2 1 214 416 365
406 2 2 2 1 416 417 365
407 2 2 2 1 416 226 417
408 2 2 2 1 365 417 82
409 2 2 2 1 82 417 414
410 2 2 2 1 417 418 414
411 2 2 2 1 417 226 418
412 2 2 2 1 414 418 218
413 2 2 2 1 83 419 374
414 2 2 2 1 419 420 374
415 2 2 2 1 419 219 420
416 2 2 2 1 374 420 172
417 2 2 2 1 189 421 377
418 2 2 2 1 421 422 377
419 2 2 2 1 421 190 422
420 2 2 2 1 377 422 83
421 2 2 2 1 190 423 422
422 2 2 2 1 423 419 422
423 2 2 2 1 423 219 419
424 2 2 2 1 422 419 83
425 2 2 2 1 163 424 312
426 2 2 2 1 424 425 312
427 2 2 2 1 424 235 425
428 2 2 2 1 312 425 84
429 2 2 2 1 84 426 316
430 2 2 2 1 426 427 316
431 2 2 2 1 426 230 427
432 2 2 2 1 316 427 194
433 2 2 2 1 84 425 426
434 2 2 2 1 425 428 426
435 2 2 2 1 425 235 428
436 2 2 2 1 426 428 230
437 2 2 2 1 159 429 431
438 2 2 2 1 429 430 431
439 2 2 2 1 429 247 430
440 2 2 2 1 431 430 85
441 2 2 2 1 85 341 431
442 2 2 2 1 341 432 431
443 2 2 2 1 341 254 432
444 2 2 2 1 431 432 159
445 2 2 2 1 85 433 338
446 2 2 2 1 433 434 338
447 2 2 2 1 433 228 434
448 2 2 2 1 338 434 192
449 2 2 2 1 85 430 433
450 2 2 2 1 430 435 433
451 2 2 2 1 430 247 435
452 2 2 2 1 433 435 228
453 2 2 2 1 157 436 438
454 2 2 2 1 436 437 438
455 2 2 2 1 436 161 437
456 2 2 2 1 438 437 86
457 2 2 2 1 86 386 438
458 2 2 2 1 386 439 438
459 2 2 2 1 386 243 439
460 2 2 2 1 438 439 157
461 2 2 2 1 161 440 437
462 2 2 2 1 440 441 437
463 2 2 2 1 440 162 441
464 2 2 2 1 437 441 86
465 2 2 2 1 162 442 441
466 2 2 2 1 442 383 441
467 2 2 2 1 442 238 383
468 2 2 2 1 441 383 86
469 2 2 2 1 170 443 395
470 2 2 2 1 443 444 395
471 2 2 2 1 443 171 444
472 2 2 2 1 395 444 87
473 2 2 2 1 171 445 444
474 2 2 2 1 445 446 444
475 2 2 2 1 445 257 446
476 2 2 2 1 444 446 87
477 2 2 2 1 87 446 392
478 2 2 2 1 446 447 392
479 2 2 2 1 446 257 447
480 2 2 2 1 392 447 193
481 2 2 2 1 88 448 317
482 2 2 2 1 448 449 317
483 2 2 2 1 448 237 449
484 2 2 2 1 317 449 168
485 2 2 2 1 207 450 451
486 2 2 2 1 450 448 451
487 2 2 2 1 450 237 448
488 2 2 2 1 451 448 88
489 2 2 2 1 88 452 451
490 2 2 2 1 452 453 451
491 2 2 2 1 452 239 453
492 2 2 2 1 451 453 207
493 2 2 2 1 234 454 274
494 2 2 2 1 454 452 274
495 2 2 2 1 454 239 452
496 2 2 2 1 274 452 88
497 2 2 2 1 89 455 300
498 2 2 2 1 455 456 300
499 2 2 2 1 455 92 456
500 2 2 2 1 300 456 90
501 2 2 2 1 89 457 455
502 2 2 2 1 457 458 455
503 2 2 2 1 457 98 458
504 2 2 2 1 455 458 92
505 2 2 2 1 89 306 457
506 2 2 2 1 306 459 457
507 2 2 2 1 306 260 459
508 2 2 2 1 457 459 98
509 2 2 2 1 92 460 456
510 2 2 2 1 460 461 456
511 2 2 2 1 460 222 461
512 2 2 2 1 456 461 90
513 2 2 2 1 90 461 294
514 2 2 2 1 461 462 294
515 2 2 2 1 461 222 462
516 2 2 2 1 294 462 198
517 2 2 2 1 91 463 329
518 2 2 2 1 463 464 329
519 2 2 2 1 463 227 464
520 2 2 2 1 329 464 191
521 2 2 2 1 196 465 332
522 2 2 2 1 465 466 332
523 2 2 2 1 465 197 466
524 2 2 2 1 332 466 91
525 2 2 2 1 197 467 466
526 2 2 2 1 467 463 466
527 2 2 2 1 467 227 463
528 2 2 2 1 466 463 91
529 2 2 2 1 98 468 458
530 2 2 2 1 468 469 458
531 2 2 2 1 468 99 469
532 2 2 2 1 458 469 92
533 2 2 2 1 99 470 469
534 2 2 2 1 470 471 469
535 2 2 2 1 470 141 471
536 2 2 2 1 469 471 92
537 2 2 2 1 141 472 471
538 2 2 2 1 472 460 471
539 2 2 2 1 472 222 460
540 2 2 2 1 471 460 92
541 2 2 2 1 158 473 475
542 2 2 2 1 473 474 475
543 2 2 2 1 473 165 474
544 2 2 2 1 475 474 93
545 2 2 2 1 93 295 475
546 2 2 2 1 295 476 475
547 2 2 2 1 295 166 476
548 2 2 2 1 475 476 158
549 2 2 2 1 93 474 301
550 2 2 2 1 474 477 301
551 2 2 2 1 474 165 477
552 2 2 2 1 301 477 164
553 2 2 2 1 181 478 359
554 2 2 2 1 478 479 359
555 2 2 2 1 478 182 479
556 2 2 2 1 359 479 94
557 2 2 2 1 182 480 479
558 2 2 2 1 480 481 479
559 2 2 2 1 480 183 481
560 2 2 2 1 479 481 94
561 2 2 2 1 183 482 481
562 2 2 2 1 482 356 481
563 2 2 2 1 482 187 356
564 2 2 2 1 481 356 94
565 2 2 2 1 95 483 398
566 2 2 2 1 483 484 398
567 2 2 2 1 483 220 484
568 2 2 2 1 398 484 170
569 2 2 2 1 178 485 401
570 2 2 2 1 485 486 401
571 2 2 2 1 485 179 486
572 2 2 2 1 401 486 95
573 2 2 2 1 179 487 486
574 2 2 2 1 487 483 486
575 2 2 2 1 487 220 483
576 2 2 2 1 486 483 95
577 2 2 2 1 172 488 371
578 2 2 2 1 488 489 371
579 2 2 2 1 488 173 489
580 2 2 2 1 371 489 96
581 2 2 2 1 173 490 489
582 2 2 2 1 490 491 489
583 2 2 2 1 490 174 491
584 2 2 2 1 489 491 96
585 2 2 2 1 174 492 491
586 2 2 2 1 492 368 491
587 2 2 2 1 492 214 368
588 2 2 2 1 491 368 96
589 2 2 2 1 167 493 494
590 2 2 2 1 493 323 494
591 2 2 2 1 493 224 323
592 2 2 2 1 494 323 97
593 2 2 2 1 97 495 494
594 2 2 2 1 495 496 494
595 2 2 2 1 495 241 496
596 2 2 2 1 494 496 167
597 2 2 2 1 191 497 326
598 2 2 2 1 497 495 326
599 2 2 2 1 497 241 495
600 2 2 2 1 326 495 97
601 2 2 2 1 98 498 468
602 2 2 2 1 498 499 468
603 2 2 2 1 498 100 499
604 2 2 2 1 468 499 99
605 2 2 2 1 98 500 498
606 2 2 2 1 500 501 498
607 2 2 2 1 500 255 501
608 2 2 2 1 498 501 100
609 2 2 2 1 169 502 503
610 2 2 2 1 502 500 503
611 2 2 2 1 502 255 500
612 2 2 2 1 503 500 98
613 2 2 2 1 98 459 503
614 2 2 2 1 459 315 503
615 2 2 2 1 459 260 315
616 2 2 2 1 503 315 169
617 2 2 2 1 100 504 499
618 2 2 2 1 504 505 499
619 2 2 2 1 504 101 505
620 2 2 2 1 499 505 99
621 2 2 2 1 101 506 505
622 2 2 2 1 506 507 505
623 2 2 2 1 506 213 507
624 2 2 2 1 505 507 99
625 2 2 2 1 99 507 470
626 2 2 2 1 507 508 470
627 2 2 2 1 507 213 508
628 2 2 2 1 470 508 141
629 2 2 2 1 100 509 504
630 2 2 2 1 509 510 504
631 2 2 2 1 509 102 510
632 2 2 2 1 504 510 101
633 2 2 2 1 100 511 509
634 2 2 2 1 511 512 509
635 2 2 2 1 511 155 512
636 2 2 2 1 509 512 102
637 2 2 2 1 100 501 511
638 2 2 2 1 501 513 511
639 2 2 2 1 501 255 513
640 2 2 2 1 511 513 155
641 2 2 2 1 102 514 510
642 2 2 2 1 514 515 510
643 2 2 2 1 514 103 515
644 2 2 2 1 510 515 101
645 2 2 2 1 103 516 515
646 2 2 2 1 516 517 515
647 2 2 2 1 516 142 517
648 2 2 2 1 515 517 101
649 2 2 2 1 142 518 517
650 2 2 2 1 518 506 517
651 2 2 2 1 518 213 506
652 2 2 2 1 517 506 101
653 2 2 2 1 102 519 514
654 2 2 2 1 519 520 514
655 2 2 2 1 519 104 520
656 2 2 2 1 514 520 103
657 2 2 2 1 102 521 519
658 2 2 2 1 521 522 519
659 2 2 2 1 521 206 522
660 2 2 2 1 519 522 104
661 2 2 2 1 155 523 512
662 2 2 2 1 523 521 512
663 2 2 2 1 523 206 521
664 2 2 2 1 512 521 102
665 2 2 2 1 104 524 520
666 2 2 2 1 524 525 520
667 2 2 2 1 524 106 525
668 2 2 2 1 520 525 103
669 2 2 2 1 106 526 525
670 2 2 2 1 526 527 525
671 2 2 2 1 526 229 527
672 2 2 2 1 525 527 103
673 2 2 2 1 103 527 516
674 2 2 2 1 527 528 516
675 2 2 2 1 527 229 528
676 2 2 2 1 516 528 142
677 2 2 2 1 104 529 524
678 2 2 2 1 529 530 524
679 2 2 2 1 529 107 530
680 2 2 2 1 524 530 106
681 2 2 2 1 104 531 529
682 2 2 2 1 531 532 529
683 2 2 2 1 531 108 532
684 2 2 2 1 529 532 107
685 2 2 2 1 104 522 531
686 2 2 2 1 522 533 531
687 2 2 2 1 522 206 533
688 2 2 2 1 531 533 108
689 2 2 2 1 105 534 404
690 2 2 2 1 534 535 404
691 2 2 2 1 534 221 535
692 2 2 2 1 404 535 178
693 2 2 2 1 199 536 537
694 2 2 2 1 536 534 537
695 2 2 2 1 536 221 534
696 2 2 2 1 537 534 105
697 2 2 2 1 105 407 537
698 2 2 2 1 407 538 537
699 2 2 2 1 407 223 538
700 2 2 2 1 537 538 199
701 2 2 2 1 107 539 530
702 2 2 2 1 539 540 530
703 2 2 2 1 539 145 540
704 2 2 2 1 530 540 106
705 2 2 2 1 145 541 540
706 2 2 2 1 541 542 540
707 2 2 2 1 541 156 542
708 2 2 2 1 540 542 106
709 2 2 2 1 156 543 542
710 2 2 2 1 543 526 542
711 2 2 2 1 543 229 526
712 2 2 2 1 542 526 106
713 2 2 2 1 108 544 532
714 2 2 2 1 544 545 532
715 2 2 2 1 544 109 545
716 2 2 2 1 532 545 107
717 2 2 2 1 109 546 545
718 2 2 2 1 546 547 545
719 2 2 2 1 546 211 547
720 2 2 2 1 545 547 107
721 2 2 2 1 107 547 539
722 2 2 2 1 547 548 539
723 2 2 2 1 547 211 548
724 2 2 2 1 539 548 145
725 2 2 2 1 108 549 544
726 2 2 2 1 549 550 544
727 2 2 2 1 549 110 550
728 2 2 2 1 544 550 109
729 2 2 2 1 108 551 549
730 2 2 2 1 551 552 549
731 2 2 2 1 551 143 552
732 2 2 2 1 549 552 110
733 2 2 2 1 108 533 551
734 2 2 2 1 533 553 551
735 2 2 2 1 533 206 553
736 2 2 2 1 551 553 143
737 2 2 2 1 110 554 550
738 2 2 2 1 554 555 550
739 2 2 2 1 554 111 555
740 2 2 2 1 550 555 109
741 2 2 2 1 111 556 555
742 2 2 2 1 556 557 555
743 2 2 2 1 556 134 557
744 2 2 2 1 555 557 109
745 2 2 2 1 134 558 557
746 2 2 2 1 558 546 557
747 2 2 2 1 558 211 546
748 2 2 2 1 557 546 109
749 2 2 2 1 110 559 554
750 2 2 2 1 559 560 554
751 2 2 2 1 559 112 560
752 2 2 2 1 554 560 111
753 2 2 2 1 110 561 559
754 2 2 2 1 561 562 559
755 2 2 2 1 561 209 562
756 2 2 2 1 559 562 112
757 2 2 2 1 143 563 552
758 2 2 2 1 563 561 552
759 2 2 2 1 563 209 561
760 2 2 2 1 552 561 110
761 2 2 2 1 112 564 560
762 2 2 2 1 564 565 560
763 2 2 2 1 564 113 565
764 2 2 2 1 560 565 111
765 2 2 2 1 113 566 565
766 2 2 2 1 566 567 565
767 2 2 2 1 566 208 567
768 2 2 2 1 565 567 111
769 2 2 2 1 111 567 556
770 2 2 2 1 567 568 556
771 2 2 2 1 567 208 568
772 2 2 2 1 556 568 134
773 2 2 2 1 112 569 564
774 2 2 2 1 569 570 564
775 2 2 2 1 569 114 570
776 2 2 2 1 564 570 113
777 2 2 2 1 112 571 569
778 2 2 2 1 571 572 569
779 2 2 2 1 571 115 572
780 2 2 2 1 569 572 114
781 2 2 2 1 112 562 571
782 2 2 2 1 562 573 571
783 2 2 2 1 562 209 573
784 2 2 2 1 571 573 115
785 2 2 2 1 114 574 570
786 2 2 2 1 574 575 570
787 2 2 2 1 574 216 575
788 2 2 2 1 570 575 113
789 2 2 2 1 113 575 577
790 2 2 2 1 575 576 577
791 2 2 2 1 575 216 576
792 2 2 2 1 577 576 177
793 2 2 2 1 177 578 577
794 2 2 2 1 578 579 577
795 2 2 2 1 578 240 579
796 2 2 2 1 577 579 113
797 2 2 2 1 113 579 566
798 2 2 2 1 579 580 566
799 2 2 2 1 579 240 580
800 2 2 2 1 566 580 208
801 2 2 2 1 115 581 572
802 2 2 2 1 581 582 572
803 2 2 2 1 581 116 582
804 2 2 2 1 572 582 114
805 2 2 2 1 116 583 582
806 2 2 2 1 583 584 582
807 2 2 2 1 583 117 584
808 2 2 2 1 582 584 114
809 2 2 2 1 117 585 584
810 2 2 2 1 585 574 584
811 2 2 2 1 585 216 574
812 2 2 2 1 584 574 114
813 2 2 2 1 115 586 581
814 2 2 2 1 586 587 581
815 2 2 2 1 586 202 587
816 2 2 2 1 581 587 116
817 2 2 2 1 115 588 586
818 2 2 2 1 588 589 586
819 2 2 2 1 588 203 589
820 2 2 2 1 586 589 202
821 2 2 2 1 115 573 588
822 2 2 2 1 573 590 588
823 2 2 2 1 573 209 590
824 2 2 2 1 588 590 203
825 2 2 2 1 116 591 583
826 2 2 2 1 591 592 583
827 2 2 2 1 591 118 592
828 2 2 2 1 583 592 117
829 2 2 2 1 116 593 591
830 2 2 2 1 593 594 591
831 2 2 2 1 593 119 594
832 2 2 2 1 591 594 118
833 2 2 2 1 116 587 593
834 2 2 2 1 587 595 593
835 2 2 2 1 587 202 595
836 2 2 2 1 593 595 119
837 2 2 2 1 118 596 592
838 2 2 2 1 596 597 592
839 2 2 2 1 596 215 597
840 2 2 2 1 592 597 117
841 2 2 2 1 215 598 597
842 2 2 2 1 598 599 597
843 2 2 2 1 598 252 599
844 2 2 2 1 597 599 117
845 2 2 2 1 117 599 585
846 2 2 2 1 599 600 585
847 2 2 2 1 599 252 600
848 2 2 2 1 585 600 216
849 2 2 2 1 119 601 594
850 2 2 2 1 601 602 594
851 2 2 2 1 601 120 602
852 2 2 2 1 594 602 118
853 2 2 2 1 120 603 602
854 2 2 2 1 603 604 602
855 2 2 2 1 603 128 604
856 2 2 2 1 602 604 118
857 2 2 2 1 128 605 604
858 2 2 2 1 605 596 604
859 2 2 2 1 605 215 596
860 2 2 2 1 604 596 118
861 2 2 2 1 119 606 601
862 2 2 2 1 606 607 601
863 2 2 2 1 606 121 607
864 2 2 2 1 601 607 120
865 2 2 2 1 119 608 606
866 2 2 2 1 608 609 606
867 2 2 2 1 608 217 609
868 2 2 2 1 606 609 121
869 2 2 2 1 202 610 595
870 2 2 2 1 610 608 595
871 2 2 2 1 610 217 608
872 2 2 2 1 595 608 119
873 2 2 2 1 121 611 607
874 2 2 2 1 611 612 607
875 2 2 2 1 611 122 612
876 2 2 2 1 607 612 120
877 2 2 2 1 122 613 612
878 2 2 2 1 613 614 612
879 2 2 2 1 613 185 614
880 2 2 2 1 612 614 120
881 2 2 2 1 120 614 603
882 2 2 2 1 614 615 603
883 2 2 2 1 614 185 615
884 2 2 2 1 603 615 128
885 2 2 2 1 121 616 611
886 2 2 2 1 616 617 611
887 2 2 2 1 616 123 617
888 2 2 2 1 611 617 122
889 2 2 2 1 121 618 616
890 2 2 2 1 618 619 616
891 2 2 2 1 618 130 619
892 2 2 2 1 616 619 123
893 2 2 2 1 121 609 618
894 2 2 2 1 609 620 618
895 2 2 2 1 609 217 620
896 2 2 2 1 618 620 130
897 2 2 2 1 123 621 617
898 2 2 2 1 621 622 617
899 2 2 2 1 621 124 622
900 2 2 2 1 617 622 122
901 2 2 2 1 124 623 622
902 2 2 2 1 623 624 622
903 2 2 2 1 623 129 624
904 2 2 2 1 622 624 122
905 2 2 2 1 129 625 624
906 2 2 2 1 625 613 624
907 2 2 2 1 625 185 613
908 2 2 2 1 624 613 122
909 2 2 2 1 123 626 621
910 2 2 2 1 626 627 621
911 2 2 2 1 626 125 627
912 2 2 2 1 621 627 124
913 2 2 2 1 123 628 626
914 2 2 2 1 628 629 626
915 2 2 2 1 628 205 629
916 2 2 2 1 626 629 125
917 2 2 2 1 130 630 619
918 2 2 2 1 630 628 619
919 2 2 2 1 630 205 628
920 2 2 2 1 619 628 123
921 2 2 2 1 125 631 627
922 2 2 2 1 631 632 627
923 2 2 2 1 631 126 632
924 2 2 2 1 627 632 124
925 2 2 2 1 126 633 632
926 2 2 2 1 633 634 632
927 2 2 2 1 633 201 634
928 2 2 2 1 632 634 124
929 2 2 2 1 124 634 623
930 2 2 2 1 634 635 623
931 2 2 2 1 634 201 635
932 2 2 2 1 623 635 129
933 2 2 2 1 125 636 631
934 2 2 2 1 636 637 631
935 2 2 2 1 636 127 637
936 2 2 2 1 631 637 126
937 2 2 2 1 125 638 636
938 2 2 2 1 638 639 636
939 2 2 2 1 638 131 639
940 2 2 2 1 636 639 127
941 2 2 2 1 125 629 638
942 2 2 2 1 629 640 638
943 2 2 2 1 629 205 640
944 2 2 2 1 638 640 131
945 2 2 2 1 127 641 637
946 2 2 2 1 641 642 637
947 2 2 2 1 641 133 642
948 2 2 2 1 637 642 126
949 2 2 2 1 133 643 642
950 2 2 2 1 643 644 642
951 2 2 2 1 643 149 644
952 2 2 2 1 642 644 126
953 2 2 2 1 149 645 644
954 2 2 2 1 645 633 644
955 2 2 2 1 645 201 633
956 2 2 2 1 644 633 126
957 2 2 2 1 131 646 639
958 2 2 2 1 646 647 639
959 2 2 2 1 646 132 647
960 2 2 2 1 639 647 127
961 2 2 2 1 132 648 647
962 2 2 2 1 648 649 647
963 2 2 2 1 648 212 649
964 2 2 2 1 647 649 127
965 2 2 2 1 127 649 641
966 2 2 2 1 649 650 641
967 2 2 2 1 649 212 650
968 2 2 2 1 641 650 133
969 2 2 2 1 185 651 615
970 2 2 2 1 651 652 615
971 2 2 2 1 651 186 652
972 2 2 2 1 615 652 128
973 2 2 2 1 186 653 652
974 2 2 2 1 653 654 652
975 2 2 2 1 653 245 654
976 2 2 2 1 652 654 128
977 2 2 2 1 128 654 605
978 2 2 2 1 654 655 605
979 2 2 2 1 654 245 655
980 2 2 2 1 605 655 215
981 2 2 2 1 184 656 657
982 2 2 2 1 656 625 657
983 2 2 2 1 656 185 625
984 2 2 2 1 657 625 129
985 2 2 2 1 129 658 657
986 2 2 2 1 658 659 657
987 2 2 2 1 658 200 659
988 2 2 2 1 657 659 184
989 2 2 2 1 129 635 658
990 2 2 2 1 635 660 658
991 2 2 2 1 635 201 660
992 2 2 2 1 658 660 200
993 2 2 2 1 130 661 630
994 2 2 2 1 661 662 630
995 2 2 2 1 661 231 662
996 2 2 2 1 630 662 205
997 2 2 2 1 217 663 620
998 2 2 2 1 663 664 620
999 2 2 2 1 663 256 664
1000 2 2 2 1 620 664 130
1001 2 2 2 1 130 664 661
1002 2 2 2 1 664 665 661
1003 2 2 2 1 664 256 665
1004 2 2 2 1 661 665 231
1005 2 2 2 1 131 666 646
1006 2 2 2 1 666 667 646
1007 2 2 2 1 666 135 667
1008 2 2 2 1 646 667 132
1009 2 2 2 1 131 668 666
1010 2 2 2 1 668 669 666
1011 2 2 2 1 668 146 669
1012 2 2 2 1 666 669 135
1013 2 2 2 1 131 640 668
1014 2 2 2 1 640 670 668
1015 2 2 2 1 640 205 670
1016 2 2 2 1 668 670 146
1017 2 2 2 1 135 671 667
1018 2 2 2 1 671 672 667
1019 2 2 2 1 671 136 672
1020 2 2 2 1 667 672 132
1021 2 2 2 1 136 673 672
1022 2 2 2 1 673 674 672
1023 2 2 2 1 673 137 674
1024 2 2 2 1 672 674 132
1025 2 2 2 1 137 675 674
1026 2 2 2 1 675 648 674
1027 2 2 2 1 675 212 648
1028 2 2 2 1 674 648 132
1029 2 2 2 1 133 676 643
1030 2 2 2 1 676 677 643
1031 2 2 2 1 676 150 677
1032 2 2 2 1 643 677 149
1033 2 2 2 1 133 678 676
1034 2 2 2 1 678 679 676
1035 2 2 2 1 678 151 679
1036 2 2 2 1 676 679 150
1037 2 2 2 1 133 650 678
1038 2 2 2 1 650 680 678
1039 2 2 2 1 650 212 680
1040 2 2 2 1 678 680 151
1041 2 2 2 1 208 681 568
1042 2 2 2 1 681 682 568
1043 2 2 2 1 681 232 682
1044 2 2 2 1 568 682 134
1045 2 2 2 1 134 683 558
1046 2 2 2 1 683 684 558
1047 2 2 2 1 683 251 684
1048 2 2 2 1 558 684 211
1049 2 2 2 1 232 685 682
1050 2 2 2 1 685 683 682
1051 2 2 2 1 685 251 683
1052 2 2 2 1 682 683 134
1053 2 2 2 1 135 686 671
1054 2 2 2 1 686 687 671
1055 2 2 2 1 686 210 687
1056 2 2 2 1 671 687 136
1057 2 2 2 1 146 688 669
1058 2 2 2 1 688 689 669
1059 2 2 2 1 688 160 689
1060 2 2 2 1 669 689 135
1061 2 2 2 1 160 690 689
1062 2 2 2 1 690 686 689
1063 2 2 2 1 690 210 686
1064 2 2 2 1 689 686 135
1065 2 2 2 1 136 691 673
1066 2 2 2 1 691 692 673
1067 2 2 2 1 691 138 692
1068 2 2 2 1 673 692 137
1069 2 2 2 1 136 693 691
1070 2 2 2 1 693 694 691
1071 2 2 2 1 693 139 694
1072 2 2 2 1 691 694 138
1073 2 2 2 1 136 687 693
1074 2 2 2 1 687 695 693
1075 2 2 2 1 687 210 695
1076 2 2 2 1 693 695 139
1077 2 2 2 1 138 696 692
1078 2 2 2 1 696 697 692
1079 2 2 2 1 696 144 697
1080 2 2 2 1 692 697 137
1081 2 2 2 1 144 698 697
1082 2 2 2 1 698 699 697
1083 2 2 2 1 698 236 699
1084 2 2 2 1 697 699 137
1085 2 2 2 1 137 699 675
1086 2 2 2 1 699 700 675
1087 2 2 2 1 699 236 700
1088 2 2 2 1 675 700 212
1089 2 2 2 1 139 701 694
1090 2 2 2 1 701 702 694
1091 2 2 2 1 701 140 702
1092 2 2 2 1 694 702 138
1093 2 2 2 1 140 703 702
1094 2 2 2 1 703 704 702
1095 2 2 2 1 703 259 704
1096 2 2 2 1 702 704 138
1097 2 2 2 1 138 704 696
1098 2 2 2 1 704 705 696
1099 2 2 2 1 704 259 705
1100 2 2 2 1 696 705 144
1101 2 2 2 1 139 706 701
1102 2 2 2 1 706 707 701
1103 2 2 2 1 706 147 707
1104 2 2 2 1 701 707 140
1105 2 2 2 1 139 708 706
1106 2 2 2 1 708 709 706
1107 2 2 2 1 708 148 709
1108 2 2 2 1 706 709 147
1109 2 2 2 1 139 695 708
1110 2 2 2 1 695 710 708
1111 2 2 2 1 695 210 710
1112 2 2 2 1 708 710 148
1113 2 2 2 1 147 711 707
1114 2 2 2 1 711 712 707
1115 2 2 2 1 711 154 712
1116 2 2 2 1 707 712 140
1117 2 2 2 1 154 713 712
1118 2 2 2 1 713 714 712
1119 2 2 2 1 713 227 714
1120 2 2 2 1 712 714 140
1121 2 2 2 1 140 714 715
1122 2 2 2 1 714 467 715
1123 2 2 2 1 714 227 467
1124 2 2 2 1 715 467 197
1125 2 2 2 1 197 716 715
1126 2 2 2 1 716 703 715
1127 2 2 2 1 716 259 703
1128 2 2 2 1 715 703 140
1129 2 2 2 1 213 717 508
1130 2 2 2 1 717 718 508
1131 2 2 2 1 717 261 718
1132 2 2 2 1 508 718 141
1133 2 2 2 1 141 719 472
1134 2 2 2 1 719 720 472
1135 2 2 2 1 719 253 720
1136 2 2 2 1 472 720 222
1137 2 2 2 1 141 718 719
1138 2 2 2 1 718 721 719
1139 2 2 2 1 718 261 721
1140 2 2 2 1 719 721 253
1141 2 2 2 1 171 722 724
1142 2 2 2 1 722 723 724
1143 2 2 2 1 722 220 723
1144 2 2 2 1 724 723 142
1145 2 2 2 1 142 528 724
1146 2 2 2 1 528 725 724
1147 2 2 2 1 528 229 725
1148 2 2 2 1 724 725 171
1149 2 2 2 1 142 726 518
1150 2 2 2 1 726 727 518
1151 2 2 2 1 726 258 727
1152 2 2 2 1 518 727 213
1153 2 2 2 1 220 728 723
1154 2 2 2 1 728 726 723
1155 2 2 2 1 728 258 726
1156 2 2 2 1 723 726 142
1157 2 2 2 1 206 729 553
1158 2 2 2 1 729 730 553
1159 2 2 2 1 729 207 730
1160 2 2 2 1 553 730 143
1161 2 2 2 1 207 453 730
1162 2 2 2 1 453 731 730
1163 2 2 2 1 453 239 731
1164 2 2 2 1 730 731 143
1165 2 2 2 1 143 731 563
1166 2 2 2 1 731 732 563
1167 2 2 2 1 731 239 732
1168 2 2 2 1 563 732 209
1169 2 2 2 1 228 733 734
1170 2 2 2 1 733 698 734
1171 2 2 2 1 733 236 698
1172 2 2 2 1 734 698 144
1173 2 2 2 1 144 735 734
1174 2 2 2 1 735 736 734
1175 2 2 2 1 735 244 736
1176 2 2 2 1 734 736 228
1177 2 2 2 1 144 705 735
1178 2 2 2 1 705 737 735
1179 2 2 2 1 705 259 737
1180 2 2 2 1 735 737 244
1181 2 2 2 1 145 738 541
1182 2 2 2 1 738 739 541
1183 2 2 2 1 738 157 739
1184 2 2 2 1 541 739 156
1185 2 2 2 1 145 740 738
1186 2 2 2 1 740 436 738
1187 2 2 2 1 740 161 436
1188 2 2 2 1 738 436 157
1189 2 2 2 1 145 548 740
1190 2 2 2 1 548 741 740
1191 2 2 2 1 548 211 741
1192 2 2 2 1 740 741 161
1193 2 2 2 1 146 742 688
1194 2 2 2 1 742 743 688
1195 2 2 2 1 742 230 743
1196 2 2 2 1 688 743 160
1197 2 2 2 1 194 427 744
1198 2 2 2 1 427 742 744
1199 2 2 2 1 427 230 742
1200 2 2 2 1 744 742 146
1201 2 2 2 1 146 745 744
1202 2 2 2 1 745 746 744
1203 2 2 2 1 745 231 746
1204 2 2 2 1 744 746 194
1205 2 2 2 1 205 662 670
1206 2 2 2 1 662 745 670
1207 2 2 2 1 662 231 745
1208 2 2 2 1 670 745 146
1209 2 2 2 1 148 747 709
1210 2 2 2 1 747 748 709
1211 2 2 2 1 747 165 748
1212 2 2 2 1 709 748 147
1213 2 2 2 1 147 749 711
1214 2 2 2 1 749 750 711
1215 2 2 2 1 749 158 750
1216 2 2 2 1 711 750 154
1217 2 2 2 1 147 748 749
1218 2 2 2 1 748 473 749
1219 2 2 2 1 748 165 473
1220 2 2 2 1 749 473 158
1221 2 2 2 1 148 751 747
1222 2 2 2 1 751 752 747
1223 2 2 2 1 751 246 752
1224 2 2 2 1 747 752 165
1225 2 2 2 1 210 753 710
1226 2 2 2 1 753 754 710
1227 2 2 2 1 753 235 754
1228 2 2 2 1 710 754 148
1229 2 2 2 1 235 755 754
1230 2 2 2 1 755 751 754
1231 2 2 2 1 755 246 751
1232 2 2 2 1 754 751 148
1233 2 2 2 1 150 756 677
1234 2 2 2 1 756 757 677
1235 2 2 2 1 756 242 757
1236 2 2 2 1 677 757 149
1237 2 2 2 1 149 758 645
1238 2 2 2 1 758 759 645
1239 2 2 2 1 758 225 759
1240 2 2 2 1 645 759 201
1241 2 2 2 1 149 757 758
1242 2 2 2 1 757 760 758
1243 2 2 2 1 757 242 760
1244 2 2 2 1 758 760 225
1245 2 2 2 1 151 761 679
1246 2 2 2 1 761 762 679
1247 2 2 2 1 761 159 762
1248 2 2 2 1 679 762 150
1249 2 2 2 1 159 763 762
1250 2 2 2 1 763 764 762
1251 2 2 2 1 763 180 764
1252 2 2 2 1 762 764 150
1253 2 2 2 1 180 410 764
1254 2 2 2 1 410 756 764
1255 2 2 2 1 410 242 756
1256 2 2 2 1 764 756 150
1257 2 2 2 1 151 765 761
1258 2 2 2 1 765 429 761
1259 2 2 2 1 765 247 429
1260 2 2 2 1 761 429 159
1261 2 2 2 1 212 700 680
1262 2 2 2 1 700 766 680
1263 2 2 2 1 700 236 766
1264 2 2 2 1 680 766 151
1265 2 2 2 1 236 767 766
1266 2 2 2 1 767 765 766
1267 2 2 2 1 767 247 765
1268 2 2 2 1 766 765 151
1269 2 2 2 1 198 768 288
1270 2 2 2 1 768 769 288
1271 2 2 2 1 768 199 769
1272 2 2 2 1 288 769 152
1273 2 2 2 1 199 538 769
1274 2 2 2 1 538 770 769
1275 2 2 2 1 538 223 770
1276 2 2 2 1 769 770 152
1277 2 2 2 1 223 408 770
1278 2 2 2 1 408 282 770
1279 2 2 2 1 408 250 282
1280 2 2 2 1 770 282 152
1281 2 2 2 1 153 771 289
1282 2 2 2 1 771 772 289
1283 2 2 2 1 771 167 772
1284 2 2 2 1 289 772 166
1285 2 2 2 1 153 773 771
1286 2 2 2 1 773 493 771
1287 2 2 2 1 773 224 493
1288 2 2 2 1 771 493 167
1289 2 2 2 1 153 283 773
1290 2 2 2 1 283 320 773
1291 2 2 2 1 283 249 320
1292 2 2 2 1 773 320 224
1293 2 2 2 1 158 774 750
1294 2 2 2 1 774 775 750
1295 2 2 2 1 774 167 775
1296 2 2 2 1 750 775 154
1297 2 2 2 1 167 496 775
1298 2 2 2 1 496 776 775
1299 2 2 2 1 496 241 776
1300 2 2 2 1 775 776 154
1301 2 2 2 1 154 776 713
1302 2 2 2 1 776 777 713
1303 2 2 2 1 776 241 777
1304 2 2 2 1 713 777 227
1305 2 2 2 1 155 778 523
1306 2 2 2 1 778 729 523
1307 2 2 2 1 778 207 729
1308 2 2 2 1 523 729 206
1309 2 2 2 1 155 779 778
1310 2 2 2 1 779 450 778
1311 2 2 2 1 779 237 450
1312 2 2 2 1 778 450 207
1313 2 2 2 1 155 513 779
1314 2 2 2 1 513 780 779
1315 2 2 2 1 513 255 780
1316 2 2 2 1 779 780 237
1317 2 2 2 1 157 781 739
1318 2 2 2 1 781 782 739
1319 2 2 2 1 781 193 782
1320 2 2 2 1 739 782 156
1321 2 2 2 1 193 447 782
1322 2 2 2 1 447 783 782
1323 2 2 2 1 447 257 783
1324 2 2 2 1 782 783 156
1325 2 2 2 1 156 783 543
1326 2 2 2 1 783 784 543
1327 2 2 2 1 783 257 784
1328 2 2 2 1 543 784 229
1329 2 2 2 1 157 439 781
1330 2 2 2 1 439 389 781
1331 2 2 2 1 439 243 389
1332 2 2 2 1 781 389 193
1333 2 2 2 1 166 772 476
1334 2 2 2 1 772 774 476
1335 2 2 2 1 772 167 774
1336 2 2 2 1 476 774 158
1337 2 2 2 1 159 432 763
1338 2 2 2 1 432 344 763
1339 2 2 2 1 432 254 344
1340 2 2 2 1 763 344 180
1341 2 2 2 1 160 785 690
1342 2 2 2 1 785 753 690
1343 2 2 2 1 785 235 753
1344 2 2 2 1 690 753 210
1345 2 2 2 1 230 428 743
1346 2 2 2 1 428 785 743
1347 2 2 2 1 428 235 785
1348 2 2 2 1 743 785 160
1349 2 2 2 1 161 786 440
1350 2 2 2 1 786 787 440
1351 2 2 2 1 786 251 787
1352 2 2 2 1 440 787 162
1353 2 2 2 1 211 684 741
1354 2 2 2 1 684 786 741
1355 2 2 2 1 684 251 786
1356 2 2 2 1 741 786 161
1357 2 2 2 1 162 788 442
1358 2 2 2 1 788 789 442
1359 2 2 2 1 788 248 789
1360 2 2 2 1 442 789 238
1361 2 2 2 1 162 787 788
1362 2 2 2 1 787 790 788
1363 2 2 2 1 787 251 790
1364 2 2 2 1 788 790 248
1365 2 2 2 1 164 791 307
1366 2 2 2 1 791 792 307
1367 2 2 2 1 791 246 792
1368 2 2 2 1 307 792 163
1369 2 2 2 1 163 792 424
1370 2 2 2 1 792 755 424
1371 2 2 2 1 792 246 755
1372 2 2 2 1 424 755 235
1373 2 2 2 1 165 752 477
1374 2 2 2 1 752 791 477
1375 2 2 2 1 752 246 791
1376 2 2 2 1 477 791 164
1377 2 2 2 1 168 449 313
1378 2 2 2 1 449 793 313
1379 2 2 2 1 449 237 793
1380 2 2 2 1 313 793 169
1381 2 2 2 1 237 780 793
1382 2 2 2 1 780 502 793
1383 2 2 2 1 780 255 502
1384 2 2 2 1 793 502 169
1385 2 2 2 1 170 484 443
1386 2 2 2 1 484 722 443
1387 2 2 2 1 484 220 722
1388 2 2 2 1 443 722 171
1389 2 2 2 1 229 784 725
1390 2 2 2 1 784 445 725
1391 2 2 2 1 784 257 445
1392 2 2 2 1 725 445 171
1393 2 2 2 1 172 420 488
1394 2 2 2 1 420 794 488
1395 2 2 2 1 420 219 794
1396 2 2 2 1 488 794 173
1397 2 2 2 1 173 795 490
1398 2 2 2 1 795 796 490
1399 2 2 2 1 795 175 796
1400 2 2 2 1 490 796 174
1401 2 2 2 1 173 797 795
1402 2 2 2 1 797 798 795
1403 2 2 2 1 797 177 798
1404 2 2 2 1 795 798 175
1405 2 2 2 1 173 794 797
1406 2 2 2 1 794 799 797
1407 2 2 2 1 794 219 799
1408 2 2 2 1 797 799 177
1409 2 2 2 1 175 800 796
1410 2 2 2 1 800 801 796
1411 2 2 2 1 800 176 801
1412 2 2 2 1 796 801 174
1413 2 2 2 1 176 802 801
1414 2 2 2 1 802 803 801
1415 2 2 2 1 802 226 803
1416 2 2 2 1 801 803 174
1417 2 2 2 1 174 803 492
1418 2 2 2 1 803 416 492
1419 2 2 2 1 803 226 416
1420 2 2 2 1 492 416 214
1421 2 2 2 1 175 804 800
1422 2 2 2 1 804 805 800
1423 2 2 2 1 804 252 805
1424 2 2 2 1 800 805 176
1425 2 2 2 1 177 576 798
1426 2 2 2 1 576 806 798
1427 2 2 2 1 576 216 806
1428 2 2 2 1 798 806 175
1429 2 2 2 1 216 600 806
1430 2 2 2 1 600 804 806
1431 2 2 2 1 600 252 804
1432 2 2 2 1 806 804 175
1433 2 2 2 1 215 655 808
1434 2 2 2 1 655 807 808
1435 2 2 2 1 655 245 807
1436 2 2 2 1 808 807 176
1437 2 2 2 1 176 805 808
1438 2 2 2 1 805 598 808
1439 2 2 2 1 805 252 598
1440 2 2 2 1 808 598 215
1441 2 2 2 1 176 807 802
1442 2 2 2 1 807 809 802
1443 2 2 2 1 807 245 809
1444 2 2 2 1 802 809 226
1445 2 2 2 1 219 810 799
1446 2 2 2 1 810 578 799
1447 2 2 2 1 810 240 578
1448 2 2 2 1 799 578 177
1449 2 2 2 1 178 535 485
1450 2 2 2 1 535 811 485
1451 2 2 2 1 535 221 811
1452 2 2 2 1 485 811 179
1453 2 2 2 1 179 812 487
1454 2 2 2 1 812 728 487
1455 2 2 2 1 812 258 728
1456 2 2 2 1 487 728 220
1457 2 2 2 1 221 813 811
1458 2 2 2 1 813 814 811
1459 2 2 2 1 813 261 814
1460 2 2 2 1 811 814 179
1461 2 2 2 1 179 814 812
1462 2 2 2 1 814 815 812
1463 2 2 2 1 814 261 815
1464 2 2 2 1 812 815 258
1465 2 2 2 1 181 415 478
1466 2 2 2 1 415 816 478
1467 2 2 2 1 415 218 816
1468 2 2 2 1 478 816 182
1469 2 2 2 1 182 817 480
1470 2 2 2 1 817 818 480
1471 2 2 2 1 817 184 818
1472 2 2 2 1 480 818 183
1473 2 2 2 1 182 819 817
1474 2 2 2 1 819 820 817
1475 2 2 2 1 819 186 820
1476 2 2 2 1 817 820 184
1477 2 2 2 1 182 816 819
1478 2 2 2 1 816 821 819
1479 2 2 2 1 816 218 821
1480 2 2 2 1 819 821 186
1481 2 2 2 1 184 659 818
1482 2 2 2 1 659 822 818
1483 2 2 2 1 659 200 822
1484 2 2 2 1 818 822 183
1485 2 2 2 1 183 823 482
1486 2 2 2 1 823 824 482
1487 2 2 2 1 823 188 824
1488 2 2 2 1 482 824 187
1489 2 2 2 1 183 822 823
1490 2 2 2 1 822 825 823
1491 2 2 2 1 822 200 825
1492 2 2 2 1 823 825 188
1493 2 2 2 1 184 820 656
1494 2 2 2 1 820 651 656
1495 2 2 2 1 820 186 651
1496 2 2 2 1 656 651 185
1497 2 2 2 1 218 826 821
1498 2 2 2 1 826 653 821
1499 2 2 2 1 826 245 653
1500 2 2 2 1 821 653 186
1501 2 2 2 1 188 827 824
1502 2 2 2 1 827 353 824
1503 2 2 2 1 827 195 353
1504 2 2 2 1 824 353 187
1505 2 2 2 1 188 828 827
1506 2 2 2 1 828 411 827
1507 2 2 2 1 828 262 411
1508 2 2 2 1 827 411 195
1509 2 2 2 1 200 829 825
1510 2 2 2 1 829 830 825
1511 2 2 2 1 829 225 830
1512 2 2 2 1 825 830 188
1513 2 2 2 1 225 831 830
1514 2 2 2 1 831 828 830
1515 2 2 2 1 831 262 828
1516 2 2 2 1 830 828 188
1517 2 2 2 1 189 832 421
1518 2 2 2 1 832 833 421
1519 2 2 2 1 832 248 833
1520 2 2 2 1 421 833 190
1521 2 2 2 1 238 789 380
1522 2 2 2 1 789 832 380
1523 2 2 2 1 789 248 832
1524 2 2 2 1 380 832 189
1525 2 2 2 1 190 834 423
1526 2 2 2 1 834 810 423
1527 2 2 2 1 834 240 810
1528 2 2 2 1 423 810 219
1529 2 2 2 1 232 835 836
1530 2 2 2 1 835 834 836
1531 2 2 2 1 835 240 834
1532 2 2 2 1 836 834 190
1533 2 2 2 1 190 833 836
1534 2 2 2 1 833 837 836
1535 2 2 2 1 833 248 837
1536 2 2 2 1 836 837 232
1537 2 2 2 1 227 777 464
1538 2 2 2 1 777 497 464
1539 2 2 2 1 777 241 497
1540 2 2 2 1 464 497 191
1541 2 2 2 1 192 838 335
1542 2 2 2 1 838 839 335
1543 2 2 2 1 838 244 839
1544 2 2 2 1 335 839 196
1545 2 2 2 1 228 736 434
1546 2 2 2 1 736 838 434
1547 2 2 2 1 736 244 838
1548 2 2 2 1 434 838 192
1549 2 2 2 1 231 840 746
1550 2 2 2 1 840 275 746
1551 2 2 2 1 840 233 275
1552 2 2 2 1 746 275 194
1553 2 2 2 1 196 839 465
1554 2 2 2 1 839 841 465
1555 2 2 2 1 839 244 841
1556 2 2 2 1 465 841 197
1557 2 2 2 1 244 737 841
1558 2 2 2 1 737 716 841
1559 2 2 2 1 737 259 716
1560 2 2 2 1 841 716 197
1561 2 2 2 1 198 462 768
1562 2 2 2 1 462 842 768
1563 2 2 2 1 462 222 842
1564 2 2 2 1 768 842 199
1565 2 2 2 1 199 843 536
1566 2 2 2 1 843 844 536
1567 2 2 2 1 843 253 844
1568 2 2 2 1 536 844 221
1569 2 2 2 1 222 720 842
1570 2 2 2 1 720 843 842
1571 2 2 2 1 720 253 843
1572 2 2 2 1 842 843 199
1573 2 2 2 1 201 759 660
1574 2 2 2 1 759 829 660
1575 2 2 2 1 759 225 829
1576 2 2 2 1 660 829 200
1577 2 2 2 1 203 845 589
1578 2 2 2 1 845 846 589
1579 2 2 2 1 845 204 846
1580 2 2 2 1 589 846 202
1581 2 2 2 1 204 847 846
1582 2 2 2 1 847 610 846
1583 2 2 2 1 847 217 610
1584 2 2 2 1 846 610 202
1585 2 2 2 1 203 848 845
1586 2 2 2 1 848 849 845
1587 2 2 2 1 848 234 849
1588 2 2 2 1 845 849 204
1589 2 2 2 1 209 732 590
1590 2 2 2 1 732 850 590
1591 2 2 2 1 732 239 850
1592 2 2 2 1 590 850 203
1593 2 2 2 1 203 850 848
1594 2 2 2 1 850 454 848
1595 2 2 2 1 850 239 454
1596 2 2 2 1 848 454 234
1597 2 2 2 1 204 851 847
1598 2 2 2 1 851 663 847
1599 2 2 2 1 851 256 663
1600 2 2 2 1 847 663 217
1601 2 2 2 1 204 849 852
1602 2 2 2 1 849 277 852
1603 2 2 2 1 849 234 277
1604 2 2 2 1 852 277 233
1605 2 2 2 1 233 853 852
1606 2 2 2 1 853 851 852
1607 2 2 2 1 853 256 851
1608 2 2 2 1 852 851 204
1609 2 2 2 1 208 580 681
1610 2 2 2 1 580 835 681
1611 2 2 2 1 580 240 835
1612 2 2 2 1 681 835 232
1613 2 2 2 1 258 815 727
1614 2 2 2 1 815 717 727
1615 2 2 2 1 815 261 717
1616 2 2 2 1 727 717 213
1617 2 2 2 1 226 809 418
1618 2 2 2 1 809 826 418
1619 2 2 2 1 809 245 826
1620 2 2 2 1 418 826 218
1621 2 2 2 1 253 721 844
1622 2 2 2 1 721 813 844
1623 2 2 2 1 721 261 813
1624 2 2 2 1 844 813 221
1625 2 2 2 1 242 413 760
1626 2 2 2 1 413 831 760
1627 2 2 2 1 413 262 831
1628 2 2 2 1 760 831 225
1629 2 2 2 1 228 435 733
1630 2 2 2 1 435 767 733
1631 2 2 2 1 435 247 767
1632 2 2 2 1 733 767 236
1633 2 2 2 1 231 665 840
1634 2 2 2 1 665 853 840
1635 2 2 2 1 665 256 853
1636 2 2 2 1 840 853 233
1637 2 2 2 1 248 790 837
1638 2 2 2 1 790 685 837
1639 2 2 2 1 790 251 685
1640 2 2 2 1 837 685 232
1641 2 2 1 2 19 18 946
1642 2 2 1 2 18 945 946
1643 2 2 1 2 18 1 945
1644 2 2 1 2 946 945 860
1645 2 2 1 2 1 80 948
1646 2 2 1 2 80 947 948
1647 2 2 1 2 80 79 947
1648 2 2 1 2 948 947 870
1649 2 2 1 2 860 945 949
1650 2 2 1 2 945 948 949
1651 2 2 1 2 945 1 948
1652 2 2 1 2 949 948 870
1653 2 2 1 2 21 20 951
1654 2 2 1 2 20 950 951
1655 2 2 1 2 20 19 950
1656 2 2 1 2 951 950 931
1657 2 2 1 2 19 946 950
1658 2 2 1 2 946 952 950
1659 2 2 1 2 946 860 952
1660 2 2 1 2 950 952 931
1661 2 2 1 2 23 22 954
1662 2 2 1 2 22 953 954
1663 2 2 1 2 22 21 953
1664 2 2 1 2 954 953 868
1665 2 2 1 2 868 953 955
1666 2 2 1 2 953 951 955
1667 2 2 1 2 953 21 951
1668 2 2 1 2 955 951 931
1669 2 2 1 2 25 24 957
1670 2 2 1 2 24 956 957
1671 2 2 1 2 24 23 956
1672 2 2 1 2 957 956 926
1673 2 2 1 2 23 954 956
1674 2 2 1 2 954 958 956
1675 2 2 1 2 954 868 958
1676 2 2 1 2 956 958 926
1677 2 2 1 2 27 26 960
1678 2 2 1 2 26 959 960
1679 2 2 1 2 26 25 959
1680 2 2 1 2 960 959 856
1681 2 2 1 2 856 959 961
1682 2 2 1 2 959 957 961
1683 2 2 1 2 959 25 957
1684 2 2 1 2 961 957 926
1685 2 2 1 2 29 28 963
1686 2 2 1 2 28 962 963
1687 2 2 1 2 28 27 962
1688 2 2 1 2 963 962 925
1689 2 2 1 2 27 960 962
1690 2 2 1 2 960 964 962
1691 2 2 1 2 960 856 964
1692 2 2 1 2 962 964 925
1693 2 2 1 2 31 30 966
1694 2 2 1 2 30 965 966
1695 2 2 1 2 30 29 965
1696 2 2 1 2 966 965 862
1697 2 2 1 2 862 965 967
1698 2 2 1 2 965 963 967
1699 2 2 1 2 965 29 963
1700 2 2 1 2 967 963 925
1701 2 2 1 2 33 32 969
1702 2 2 1 2 32 968 969
1703 2 2 1 2 32 31 968
1704 2 2 1 2 969 968 941
1705 2 2 1 2 31 966 968
1706 2 2 1 2 966 970 968
1707 2 2 1 2 966 862 970
1708 2 2 1 2 968 970 941
1709 2 2 1 2 35 34 972
1710 2 2 1 2 34 971 972
1711 2 2 1 2 34 33 971
1712 2 2 1 2 972 971 859
1713 2 2 1 2 859 971 973
1714 2 2 1 2 971 969 973
1715 2 2 1 2 971 33 969
1716 2 2 1 2 973 969 941
1717 2 2 1 2 37 36 975
1718 2 2 1 2 36 974 975
1719 2 2 1 2 36 35 974
1720 2 2 1 2 975 974 934
1721 2 2 1 2 35 972 974
1722 2 2 1 2 972 976 974
1723 2 2 1 2 972 859 976
1724 2 2 1 2 974 976 934
1725 2 2 1 2 39 38 978
1726 2 2 1 2 38 977 978
1727 2 2 1 2 38 37 977
1728 2 2 1 2 978 977 867
1729 2 2 1 2 867 977 979
1730 2 2 1 2 977 975 979
1731 2 2 1 2 977 37 975
1732 2 2 1 2 979 975 934
1733 2 2 1 2 41 40 981
1734 2 2 1 2 40 980 981
1735 2 2 1 2 40 39 980
1736 2 2 1 2 981 980 927
1737 2 2 1 2 39 978 980
1738 2 2 1 2 978 982 980
1739 2 2 1 2 978 867 982
1740 2 2 1 2 980 982 927
1741 2 2 1 2 43 42 984
1742 2 2 1 2 42 983 984
1743 2 2 1 2 42 41 983
1744 2 2 1 2 984 983 854
1745 2 2 1 2 854 983 985
1746 2 2 1 2 983 981 985
1747 2 2 1 2 983 41 981
1748 2 2 1 2 985 981 927
1749 2 2 1 2 45 44 987
1750 2 2 1 2 44 986 987
1751 2 2 1 2 44 43 986
1752 2 2 1 2 987 986 930
1753 2 2 1 2 43 984 986
1754 2 2 1 2 984 988 986
1755 2 2 1 2 984 854 988
1756 2 2 1 2 986 988 930
1757 2 2 1 2 47 46 990
1758 2 2 1 2 46 989 990
1759 2 2 1 2 46 45 989
1760 2 2 1 2 990 989 866
1761 2 2 1 2 866 989 991
1762 2 2 1 2 989 987 991
1763 2 2 1 2 989 45 987
1764 2 2 1 2 991 987 930
1765 2 2 1 2 49 48 993
1766 2 2 1 2 48 992 993
1767 2 2 1 2 48 47 992
1768 2 2 1 2 993 992 929
1769 2 2 1 2 47 990 992
1770 2 2 1 2 990 994 992
1771 2 2 1 2 990 866 994
1772 2 2 1 2 992 994 929
1773 2 2 1 2 51 50 996
1774 2 2 1 2 50 995 996
1775 2 2 1 2 50 49 995
1776 2 2 1 2 996 995 858
1777 2 2 1 2 858 995 997
1778 2 2 1 2 995 993 997
1779 2 2 1 2 995 49 993
1780 2 2 1 2 997 993 929
1781 2 2 1 2 53 52 999
1782 2 2 1 2 52 998 999
1783 2 2 1 2 52 51 998
1784 2 2 1 2 999 998 922
1785 2 2 1 2 51 996 998
1786 2 2 1 2 996 1000 998
1787 2 2 1 2 996 858 1000
1788 2 2 1 2 998 1000 922
1789 2 2 1 2 55 54 1002
1790 2 2 1 2 54 1001 1002
1791 2 2 1 2 54 53 1001
1792 2 2 1 2 1002 1001 865
1793 2 2 1 2 865 1001 1003
1794 2 2 1 2 1001 999 1003
1795 2 2 1 2 1001 53 999
1796 2 2 1 2 1003 999 922
1797 2 2 1 2 57 56 1005
1798 2 2 1 2 56 1004 1005
1799 2 2 1 2 56 55 1004
1800 2 2 1 2 1005 1004 923
1801 2 2 1 2 55 1002 1004
1802 2 2 1 2 1002 1006 1004
1803 2 2 1 2 1002 865 1006
1804 2 2 1 2 1004 1006 923
1805 2 2 1 2 59 58 1008
1806 2 2 1 2 58 1007 1008
1807 2 2 1 2 58 57 1007
1808 2 2 1 2 1008 1007 857
1809 2 2 1 2 857 1007 1009
1810 2 2 1 2 1007 1005 1009
1811 2 2 1 2 1007 57 1005
1812 2 2 1 2 1009 1005 923
1813 2 2 1 2 61 60 1011
1814 2 2 1 2 60 1010 1011
1815 2 2 1 2 60 59 1010
1816 2 2 1 2 1011 1010 924
1817 2 2 1 2 59 1008 1010
1818 2 2 1 2 1008 1012 1010
1819 2 2 1 2 1008 857 1012
1820 2 2 1 2 1010 1012 924
1821 2 2 1 2 63 62 1014
1822 2 2 1 2 62 1013 1014
1823 2 2 1 2 62 61 1013
1824 2 2 1 2 1014 1013 869
1825 2 2 1 2 869 1013 1015
1826 2 2 1 2 1013 1011 1015
1827 2 2 1 2 1013 61 1011
1828 2 2 1 2 1015 1011 924
1829 2 2 1 2 65 64 1017
1830 2 2 1 2 64 1016 1017
1831 2 2 1 2 64 63 1016
1832 2 2 1 2 1017 1016 928
1833 2 2 1 2 63 1014 1016
1834 2 2 1 2 1014 1018 1016
1835 2 2 1 2 1014 869 1018
1836 2 2 1 2 1016 1018 928
1837 2 2 1 2 67 66 1020
1838 2 2 1 2 66 1019 1020
1839 2 2 1 2 66 65 1019
1840 2 2 1 2 1020 1019 861
1841 2 2 1 2 861 1019 1021
1842 2 2 1 2 1019 1017 1021
1843 2 2 1 2 1019 65 1017
1844 2 2 1 2 1021 1017 928
1845 2 2 1 2 69 68 1023
1846 2 2 1 2 68 1022 1023
1847 2 2 1 2 68 67 1022
1848 2 2 1 2 1023 1022 921
1849 2 2 1 2 67 1020 1022
1850 2 2 1 2 1020 1024 1022
1851 2 2 1 2 1020 861 1024
1852 2 2 1 2 1022 1024 921
1853 2 2 1 2 71 70 1026
1854 2 2 1 2 70 1025 1026
1855 2 2 1 2 70 69 1025
1856 2 2 1 2 1026 1025 863
1857 2 2 1 2 863 1025 1027
1858 2 2 1 2 1025 1023 1027
1859 2 2 1 2 1025 69 1023
1860 2 2 1 2 1027 1023 921
1861 2 2 1 2 73 72 1029
1862 2 2 1 2 72 1028 1029
1863 2 2 1 2 72 71 1028
1864 2 2 1 2 1029 1028 933
1865 2 2 1 2 71 1026 1028
1866 2 2 1 2 1026 1030 1028
1867 2 2 1 2 1026 863 1030
1868 2 2 1 2 1028 1030 933
1869 2 2 1 2 75 74 1032
1870 2 2 1 2 74 1031 1032
1871 2 2 1 2 74 73 1031
1872 2 2 1 2 1032 1031 855
1873 2 2 1 2 855 1031 1033
1874 2 2 1 2 1031 1029 1033
1875 2 2 1 2 1031 73 1029
1876 2 2 1 2 1033 1029 933
1877 2 2 1 2 77 76 1035
1878 2 2 1 2 76 1034 1035
1879 2 2 1 2 76 75 1034
1880 2 2 1 2 1035 1034 938
1881 2 2 1 2 75 1032 1034
1882 2 2 1 2 1032 1036 1034
1883 2 2 1 2 1032 855 1036
1884 2 2 1 2 1034 1036 938
1885 2 2 1 2 79 78 1038
1886 2 2 1 2 78 1037 1038
1887 2 2 1 2 78 77 1037
1888 2 2 1 2 1038 1037 864
1889 2 2 1 2 864 1037 1039
1890 2 2 1 2 1037 1035 1039
1891 2 2 1 2 1037 77 1035
1892 2 2 1 2 1039 1035 938
1893 2 2 1 2 79 1038 947
1894 2 2 1 2 1038 1040 947
1895 2 2 1 2 1038 864 1040
1896 2 2 1 2 947 1040 870
1897 2 2 1 2 854 1041 1043
1898 2 2 1 2 1041 1042 1043
1899 2 2 1 2 1041 913 1042
1900 2 2 1 2 1043 1042 915
1901 2 2 1 2 913 1041 1044
1902 2 2 1 2 1041 985 1044
1903 2 2 1 2 1041 854 985
1904 2 2 1 2 1044 985 927
1905 2 2 1 2 854 1043 1046
1906 2 2 1 2 1043 1045 1046
1907 2 2 1 2 1043 915 1045
1908 2 2 1 2 1046 1045 932
1909 2 2 1 2 930 988 1047
1910 2 2 1 2 988 1046 1047
1911 2 2 1 2 988 854 1046
1912 2 2 1 2 1047 1046 932
1913 2 2 1 2 914 1048 1049
1914 2 2 1 2 1048 1033 1049
1915 2 2 1 2 1048 855 1033
1916 2 2 1 2 1049 1033 933
1917 2 2 1 2 855 1048 1051
1918 2 2 1 2 1048 1050 1051
1919 2 2 1 2 1048 914 1050
1920 2 2 1 2 1051 1050 936
1921 2 2 1 2 918 1052 1053
1922 2 2 1 2 1052 1051 1053
1923 2 2 1 2 1052 855 1051
1924 2 2 1 2 1053 1051 936
1925 2 2 1 2 855 1052 1036
1926 2 2 1 2 1052 1054 1036
1927 2 2 1 2 1052 918 1054
1928 2 2 1 2 1036 1054 938
1929 2 2 1 2 906 1055 1057
1930 2 2 1 2 1055 1056 1057
1931 2 2 1 2 1055 856 1056
1932 2 2 1 2 1057 1056 917
1933 2 2 1 2 856 1055 964
1934 2 2 1 2 1055 1058 964
1935 2 2 1 2 1055 906 1058
1936 2 2 1 2 964 1058 925
1937 2 2 1 2 917 1056 1059
1938 2 2 1 2 1056 961 1059
1939 2 2 1 2 1056 856 961
1940 2 2 1 2 1059 961 926
1941 2 2 1 2 916 1060 1061
1942 2 2 1 2 1060 1009 1061
1943 2 2 1 2 1060 857 1009
1944 2 2 1 2 1061 1009 923
1945 2 2 1 2 857 1060 1063
1946 2 2 1 2 1060 1062 1063
1947 2 2 1 2 1060 916 1062
1948 2 2 1 2 1063 1062 943
1949 2 2 1 2 924 1012 1064
1950 2 2 1 2 1012 1063 1064
1951 2 2 1 2 1012 857 1063
1952 2 2 1 2 1064 1063 943
1953 2 2 1 2 922 1000 1066
1954 2 2 1 2 1000 1065 1066
1955 2 2 1 2 1000 858 1065
1956 2 2 1 2 1066 1065 935
1957 2 2 1 2 858 997 1068
1958 2 2 1 2 997 1067 1068
1959 2 2 1 2 997 929 1067
1960 2 2 1 2 1068 1067 942
1961 2 2 1 2 935 1065 1069
1962 2 2 1 2 1065 1068 1069
1963 2 2 1 2 1065 858 1068
1964 2 2 1 2 1069 1068 942
1965 2 2 1 2 859 1070 1072
1966 2 2 1 2 1070 1071 1072
1967 2 2 1 2 1070 910 1071
1968 2 2 1 2 1072 1071 919
1969 2 2 1 2 910 1070 1074
1970 2 2 1 2 1070 1073 1074
1971 2 2 1 2 1070 859 1073
1972 2 2 1 2 1074 1073 920
1973 2 2 1 2 859 1072 976
1974 2 2 1 2 1072 1075 976
1975 2 2 1 2 1072 919 1075
1976 2 2 1 2 976 1075 934
1977 2 2 1 2 920 1073 1076
1978 2 2 1 2 1073 973 1076
1979 2 2 1 2 1073 859 973
1980 2 2 1 2 1076 973 941
1981 2 2 1 2 860 949 1078
1982 2 2 1 2 949 1077 1078
1983 2 2 1 2 949 870 1077
1984 2 2 1 2 1078 1077 871
1985 2 2 1 2 860 1078 1080
1986 2 2 1 2 1078 1079 1080
1987 2 2 1 2 1078 871 1079
1988 2 2 1 2 1080 1079 872
1989 2 2 1 2 860 1080 1082
1990 2 2 1 2 1080 1081 1082
1991 2 2 1 2 1080 872 1081
1992 2 2 1 2 1082 1081 944
1993 2 2 1 2 931 952 1083
1994 2 2 1 2 952 1082 1083
1995 2 2 1 2 952 860 1082
1996 2 2 1 2 1083 1082 944
1997 2 2 1 2 861 1084 1024
1998 2 2 1 2 1084 1085 1024
1999 2 2 1 2 1084 912 1085
2000 2 2 1 2 1024 1085 921
2001 2 2 1 2 912 1084 1087
2002 2 2 1 2 1084 1086 1087
2003 2 2 1 2 1084 861 1086
2004 2 2 1 2 1087 1086 939
2005 2 2 1 2 861 1021 1086
2006 2 2 1 2 1021 1088 1086
2007 2 2 1 2 1021 928 1088
2008 2 2 1 2 1086 1088 939
2009 2 2 1 2 862 1089 1091
2010 2 2 1 2 1089 1090 1091
2011 2 2 1 2 1089 906 1090
2012 2 2 1 2 1091 1090 907
2013 2 2 1 2 906 1089 1058
2014 2 2 1 2 1089 967 1058
2015 2 2 1 2 1089 862 967
2016 2 2 1 2 1058 967 925
2017 2 2 1 2 862 1091 1093
2018 2 2 1 2 1091 1092 1093
2019 2 2 1 2 1091 907 1092
2020 2 2 1 2 1093 1092 920
2021 2 2 1 2 862 1093 970
2022 2 2 1 2 1093 1076 970
2023 2 2 1 2 1093 920 1076
2024 2 2 1 2 970 1076 941
2025 2 2 1 2 863 1094 1030
2026 2 2 1 2 1094 1049 1030
2027 2 2 1 2 1094 914 1049
2028 2 2 1 2 1030 1049 933
2029 2 2 1 2 914 1094 1096
2030 2 2 1 2 1094 1095 1096
2031 2 2 1 2 1094 863 1095
2032 2 2 1 2 1096 1095 937
2033 2 2 1 2 863 1027 1095
2034 2 2 1 2 1027 1097 1095
2035 2 2 1 2 1027 921 1097
2036 2 2 1 2 1095 1097 937
2037 2 2 1 2 870 1040 1077
2038 2 2 1 2 1040 1098 1077
2039 2 2 1 2 1040 864 1098
2040 2 2 1 2 1077 1098 871
2041 2 2 1 2 871 1098 1100
2042 2 2 1 2 1098 1099 1100
2043 2 2 1 2 1098 864 1099
2044 2 2 1 2 1100 1099 918
2045 2 2 1 2 918 1099 1054
2046 2 2 1 2 1099 1039 1054
2047 2 2 1 2 1099 864 1039
2048 2 2 1 2 1054 1039 938
2049 2 2 1 2 865 1003 1101
2050 2 2 1 2 1003 1066 1101
2051 2 2 1 2 1003 922 1066
2052 2 2 1 2 1101 1066 935
2053 2 2 1 2 923 1006 1103
2054 2 2 1 2 1006 1102 1103
2055 2 2 1 2 1006 865 1102
2056 2 2 1 2 1103 1102 940
2057 2 2 1 2 865 1101 1102
2058 2 2 1 2 1101 1104 1102
2059 2 2 1 2 1101 935 1104
2060 2 2 1 2 1102 1104 940
2061 2 2 1 2 866 1105 994
2062 2 2 1 2 1105 1106 994
2063 2 2 1 2 1105 900 1106
2064 2 2 1 2 994 1106 929
2065 2 2 1 2 900 1105 1108
2066 2 2 1 2 1105 1107 1108
2067 2 2 1 2 1105 866 1107
2068 2 2 1 2 1108 1107 932
2069 2 2 1 2 866 991 1107
2070 2 2 1 2 991 1047 1107
2071 2 2 1 2 991 930 1047
2072 2 2 1 2 1107 1047 932
2073 2 2 1 2 913 1109 1111
2074 2 2 1 2 1109 1110 1111
2075 2 2 1 2 1109 867 1110
2076 2 2 1 2 1111 1110 919
2077 2 2 1 2 867 1109 982
2078 2 2 1 2 1109 1044 982
2079 2 2 1 2 1109 913 1044
2080 2 2 1 2 982 1044 927
2081 2 2 1 2 919 1110 1075
2082 2 2 1 2 1110 979 1075
2083 2 2 1 2 1110 867 979
2084 2 2 1 2 1075 979 934
2085 2 2 1 2 868 1112 1114
2086 2 2 1 2 1112 1113 1114
2087 2 2 1 2 1112 908 1113
2088 2 2 1 2 1114 1113 917
2089 2 2 1 2 908 1112 1116
2090 2 2 1 2 1112 1115 1116
2091 2 2 1 2 1112 868 1115
2092 2 2 1 2 1116 1115 944
2093 2 2 1 2 868 1114 958
2094 2 2 1 2 1114 1059 958
2095 2 2 1 2 1114 917 1059
2096 2 2 1 2 958 1059 926
2097 2 2 1 2 868 955 1115
2098 2 2 1 2 955 1083 1115
2099 2 2 1 2 955 931 1083
2100 2 2 1 2 1115 1083 944
2101 2 2 1 2 897 1117 1119
2102 2 2 1 2 1117 1118 1119
2103 2 2 1 2 1117 869 1118
2104 2 2 1 2 1119 1118 898
2105 2 2 1 2 869 1117 1121
2106 2 2 1 2 1117 1120 1121
2107 2 2 1 2 1117 897 1120
2108 2 2 1 2 1121 1120 939
2109 2 2 1 2 898 1118 1123
2110 2 2 1 2 1118 1122 1123
2111 2 2 1 2 1118 869 1122
2112 2 2 1 2 1123 1122 943
2113 2 2 1 2 869 1015 1122
2114 2 2 1 2 1015 1064 1122
2115 2 2 1 2 1015 924 1064
2116 2 2 1 2 1122 1064 943
2117 2 2 1 2 928 1018 1088
2118 2 2 1 2 1018 1121 1088
2119 2 2 1 2 1018 869 1121
2120 2 2 1 2 1088 1121 939
2121 2 2 1 2 872 1079 1125
2122 2 2 1 2 1079 1124 1125
2123 2 2 1 2 1079 871 1124
2124 2 2 1 2 1125 1124 873
2125 2 2 1 2 873 1124 1127
2126 2 2 1 2 1124 1126 1127
2127 2 2 1 2 1124 871 1126
2128 2 2 1 2 1127 1126 893
2129 2 2 1 2 893 1126 1128
2130 2 2 1 2 1126 1100 1128
2131 2 2 1 2 1126 871 1100
2132 2 2 1 2 1128 1100 918
2133 2 2 1 2 872 1125 1130
2134 2 2 1 2 1125 1129 1130
2135 2 2 1 2 1125 873 1129
2136 2 2 1 2 1130 1129 874
2137 2 2 1 2 872 1130 1132
2138 2 2 1 2 1130 1131 1132
2139 2 2 1 2 1130 874 1131
2140 2 2 1 2 1132 1131 908
2141 2 2 1 2 872 1132 1081
2142 2 2 1 2 1132 1116 1081
2143 2 2 1 2 1132 908 1116
2144 2 2 1 2 1081 1116 944
2145 2 2 1 2 874 1129 1134
2146 2 2 1 2 1129 1133 1134
2147 2 2 1 2 1129 873 1133
2148 2 2 1 2 1134 1133 875
2149 2 2 1 2 875 1133 1136
2150 2 2 1 2 1133 1135 1136
2151 2 2 1 2 1133 873 1135
2152 2 2 1 2 1136 1135 909
2153 2 2 1 2 873 1127 1135
2154 2 2 1 2 1127 1137 1135
2155 2 2 1 2 1127 893 1137
2156 2 2 1 2 1135 1137 909
2157 2 2 1 2 874 1134 1139
2158 2 2 1 2 1134 1138 1139
2159 2 2 1 2 1134 875 1138
2160 2 2 1 2 1139 1138 876
2161 2 2 1 2 874 1139 1141
2162 2 2 1 2 1139 1140 1141
2163 2 2 1 2 1139 876 1140
2164 2 2 1 2 1141 1140 894
2165 2 2 1 2 874 1141 1131
2166 2 2 1 2 1141 1142 1131
2167 2 2 1 2 1141 894 1142
2168 2 2 1 2 1131 1142 908
2169 2 2 1 2 876 1138 1144
2170 2 2 1 2 1138 1143 1144
2171 2 2 1 2 1138 875 1143
2172 2 2 1 2 1144 1143 877
2173 2 2 1 2 877 1143 1146
2174 2 2 1 2 1143 1145 1146
2175 2 2 1 2 1143 875 1145
2176 2 2 1 2 1146 1145 878
2177 2 2 1 2 878 1145 1147
2178 2 2 1 2 1145 1136 1147
2179 2 2 1 2 1145 875 1136
2180 2 2 1 2 1147 1136 909
2181 2 2 1 2 876 1144 1149
2182 2 2 1 2 1144 1148 1149
2183 2 2 1 2 1144 877 1148
2184 2 2 1 2 1149 1148 904
2185 2 2 1 2 894 1140 1151
2186 2 2 1 2 1140 1150 1151
2187 2 2 1 2 1140 876 1150
2188 2 2 1 2 1151 1150 905
2189 2 2 1 2 876 1149 1150
2190 2 2 1 2 1149 1152 1150
2191 2 2 1 2 1149 904 1152
2192 2 2 1 2 1150 1152 905
2193 2 2 1 2 877 1146 1154
2194 2 2 1 2 1146 1153 1154
2195 2 2 1 2 1146 878 1153
2196 2 2 1 2 1154 1153 879
2197 2 2 1 2 877 1154 1156
2198 2 2 1 2 1154 1155 1156
2199 2 2 1 2 1154 879 1155
2200 2 2 1 2 1156 1155 880
2201 2 2 1 2 877 1156 1148
2202 2 2 1 2 1156 1157 1148
2203 2 2 1 2 1156 880 1157
2204 2 2 1 2 1148 1157 904
2205 2 2 1 2 879 1153 1159
2206 2 2 1 2 1153 1158 1159
2207 2 2 1 2 1153 878 1158
2208 2 2 1 2 1159 1158 882
2209 2 2 1 2 882 1158 1161
2210 2 2 1 2 1158 1160 1161
2211 2 2 1 2 1158 878 1160
2212 2 2 1 2 1161 1160 885
2213 2 2 1 2 885 1160 1162
2214 2 2 1 2 1160 1147 1162
2215 2 2 1 2 1160 878 1147
2216 2 2 1 2 1162 1147 909
2217 2 2 1 2 880 1155 1164
2218 2 2 1 2 1155 1163 1164
2219 2 2 1 2 1155 879 1163
2220 2 2 1 2 1164 1163 881
2221 2 2 1 2 881 1163 1166
2222 2 2 1 2 1163 1165 1166
2223 2 2 1 2 1163 879 1165
2224 2 2 1 2 1166 1165 902
2225 2 2 1 2 879 1159 1165
2226 2 2 1 2 1159 1167 1165
2227 2 2 1 2 1159 882 1167
2228 2 2 1 2 1165 1167 902
2229 2 2 1 2 880 1164 1169
2230 2 2 1 2 1164 1168 1169
2231 2 2 1 2 1164 881 1168
2232 2 2 1 2 1169 1168 883
2233 2 2 1 2 880 1169 1171
2234 2 2 1 2 1169 1170 1171
2235 2 2 1 2 1169 883 1170
2236 2 2 1 2 1171 1170 884
2237 2 2 1 2 880 1171 1157
2238 2 2 1 2 1171 1172 1157
2239 2 2 1 2 1171 884 1172
2240 2 2 1 2 1157 1172 904
2241 2 2 1 2 883 1168 1174
2242 2 2 1 2 1168 1173 1174
2243 2 2 1 2 1168 881 1173
2244 2 2 1 2 1174 1173 886
2245 2 2 1 2 886 1173 1176
2246 2 2 1 2 1173 1175 1176
2247 2 2 1 2 1173 881 1175
2248 2 2 1 2 1176 1175 887
2249 2 2 1 2 887 1175 1177
2250 2 2 1 2 1175 1166 1177
2251 2 2 1 2 1175 881 1166
2252 2 2 1 2 1177 1166 902
2253 2 2 1 2 882 1161 1179
2254 2 2 1 2 1161 1178 1179
2255 2 2 1 2 1161 885 1178
2256 2 2 1 2 1179 1178 888
2257 2 2 1 2 882 1179 1181
2258 2 2 1 2 1179 1180 1181
2259 2 2 1 2 1179 888 1180
2260 2 2 1 2 1181 1180 889
2261 2 2 1 2 882 1181 1167
2262 2 2 1 2 1181 1182 1167
2263 2 2 1 2 1181 889 1182
2264 2 2 1 2 1167 1182 902
2265 2 2 1 2 884 1170 1184
2266 2 2 1 2 1170 1183 1184
2267 2 2 1 2 1170 883 1183
2268 2 2 1 2 1184 1183 890
2269 2 2 1 2 883 1174 1186
2270 2 2 1 2 1174 1185 1186
2271 2 2 1 2 1174 886 1185
2272 2 2 1 2 1186 1185 901
2273 2 2 1 2 890 1183 1187
2274 2 2 1 2 1183 1186 1187
2275 2 2 1 2 1183 883 1186
2276 2 2 1 2 1187 1186 901
2277 2 2 1 2 884 1184 1189
2278 2 2 1 2 1184 1188 1189
2279 2 2 1 2 1184 890 1188
2280 2 2 1 2 1189 1188 891
2281 2 2 1 2 884 1189 1191
2282 2 2 1 2 1189 1190 1191
2283 2 2 1 2 1189 891 1190
2284 2 2 1 2 1191 1190 892
2285 2 2 1 2 884 1191 1172
2286 2 2 1 2 1191 1192 1172
2287 2 2 1 2 1191 892 1192
2288 2 2 1 2 1172 1192 904
2289 2 2 1 2 888 1178 1194
2290 2 2 1 2 1178 1193 1194
2291 2 2 1 2 1178 885 1193
2292 2 2 1 2 1194 1193 895
2293 2 2 1 2 895 1193 1196
2294 2 2 1 2 1193 1195 1196
2295 2 2 1 2 1193 885 1195
2296 2 2 1 2 1196 1195 911
2297 2 2 1 2 885 1162 1195
2298 2 2 1 2 1162 1197 1195
2299 2 2 1 2 1162 909 1197
2300 2 2 1 2 1195 1197 911
2301 2 2 1 2 886 1176 1199
2302 2 2 1 2 1176 1198 1199
2303 2 2 1 2 1176 887 1198
2304 2 2 1 2 1199 1198 896
2305 2 2 1 2 886 1199 1201
2306 2 2 1 2 1199 1200 1201
2307 2 2 1 2 1199 896 1200
2308 2 2 1 2 1201 1200 900
2309 2 2 1 2 886 1201 1185
2310 2 2 1 2 1201 1202 1185
2311 2 2 1 2 1201 900 1202
2312 2 2 1 2 1185 1202 901
2313 2 2 1 2 896 1198 1204
2314 2 2 1 2 1198 1203 1204
2315 2 2 1 2 1198 887 1203
2316 2 2 1 2 1204 1203 899
2317 2 2 1 2 899 1203 1206
2318 2 2 1 2 1203 1205 1206
2319 2 2 1 2 1203 887 1205
2320 2 2 1 2 1206 1205 903
2321 2 2 1 2 887 1177 1205
2322 2 2 1 2 1177 1207 1205
2323 2 2 1 2 1177 902 1207
2324 2 2 1 2 1205 1207 903
2325 2 2 1 2 889 1180 1209
2326 2 2 1 2 1180 1208 1209
2327 2 2 1 2 1180 888 1208
2328 2 2 1 2 1209 1208 897
2329 2 2 1 2 888 1194 1211
2330 2 2 1 2 1194 1210 1211
2331 2 2 1 2 1194 895 1210
2332 2 2 1 2 1211 1210 912
2333 2 2 1 2 897 1208 1212
2334 2 2 1 2 1208 1211 1212
2335 2 2 1 2 1208 888 1211
2336 2 2 1 2 1212 1211 912
2337 2 2 1 2 889 1209 1213
2338 2 2 1 2 1209 1119 1213
2339 2 2 1 2 1209 897 1119
2340 2 2 1 2 1213 1119 898
2341 2 2 1 2 889 1213 1215
2342 2 2 1 2 1213 1214 1215
2343 2 2 1 2 1213 898 1214
2344 2 2 1 2 1215 1214 903
2345 2 2 1 2 902 1182 1207
2346 2 2 1 2 1182 1215 1207
2347 2 2 1 2 1182 889 1215
2348 2 2 1 2 1207 1215 903
2349 2 2 1 2 891 1188 1217
2350 2 2 1 2 1188 1216 1217
2351 2 2 1 2 1188 890 1216
2352 2 2 1 2 1217 1216 913
2353 2 2 1 2 890 1187 1219
2354 2 2 1 2 1187 1218 1219
2355 2 2 1 2 1187 901 1218
2356 2 2 1 2 1219 1218 915
2357 2 2 1 2 913 1216 1042
2358 2 2 1 2 1216 1219 1042
2359 2 2 1 2 1216 890 1219
2360 2 2 1 2 1042 1219 915
2361 2 2 1 2 892 1190 1221
2362 2 2 1 2 1190 1220 1221
2363 2 2 1 2 1190 891 1220
2364 2 2 1 2 1221 1220 910
2365 2 2 1 2 910 1220 1071
2366 2 2 1 2 1220 1222 1071
2367 2 2 1 2 1220 891 1222
2368 2 2 1 2 1071 1222 919
2369 2 2 1 2 891 1217 1222
2370 2 2 1 2 1217 1111 1222
2371 2 2 1 2 1217 913 1111
2372 2 2 1 2 1222 1111 919
2373 2 2 1 2 904 1192 1152
2374 2 2 1 2 1192 1223 1152
2375 2 2 1 2 1192 892 1223
2376 2 2 1 2 1152 1223 905
2377 2 2 1 2 905 1223 1225
2378 2 2 1 2 1223 1224 1225
2379 2 2 1 2 1223 892 1224
2380 2 2 1 2 1225 1224 907
2381 2 2 1 2 907 1224 1226
2382 2 2 1 2 1224 1221 1226
2383 2 2 1 2 1224 892 1221
2384 2 2 1 2 1226 1221 910
2385 2 2 1 2 909 1137 1197
2386 2 2 1 2 1137 1227 1197
2387 2 2 1 2 1137 893 1227
2388 2 2 1 2 1197 1227 911
2389 2 2 1 2 911 1227 1229
2390 2 2 1 2 1227 1228 1229
2391 2 2 1 2 1227 893 1228
2392 2 2 1 2 1229 1228 936
2393 2 2 1 2 893 1128 1228
2394 2 2 1 2 1128 1053 1228
2395 2 2 1 2 1128 918 1053
2396 2 2 1 2 1228 1053 936
2397 2 2 1 2 894 1151 1231
2398 2 2 1 2 1151 1230 1231
2399 2 2 1 2 1151 905 1230
2400 2 2 1 2 1231 1230 906
2401 2 2 1 2 894 1231 1232
2402 2 2 1 2 1231 1057 1232
2403 2 2 1 2 1231 906 1057
2404 2 2 1 2 1232 1057 917
2405 2 2 1 2 908 1142 1113
2406 2 2 1 2 1142 1232 1113
2407 2 2 1 2 1142 894 1232
2408 2 2 1 2 1113 1232 917
2409 2 2 1 2 895 1196 1234
2410 2 2 1 2 1196 1233 1234
2411 2 2 1 2 1196 911 1233
2412 2 2 1 2 1234 1233 914
2413 2 2 1 2 912 1210 1236
2414 2 2 1 2 1210 1235 1236
2415 2 2 1 2 1210 895 1235
2416 2 2 1 2 1236 1235 937
2417 2 2 1 2 895 1234 1235
2418 2 2 1 2 1234 1096 1235
2419 2 2 1 2 1234 914 1096
2420 2 2 1 2 1235 1096 937
2421 2 2 1 2 896 1204 1238
2422 2 2 1 2 1204 1237 1238
2423 2 2 1 2 1204 899 1237
2424 2 2 1 2 1238 1237 935
2425 2 2 1 2 900 1200 1240
2426 2 2 1 2 1200 1239 1240
2427 2 2 1 2 1200 896 1239
2428 2 2 1 2 1240 1239 942
2429 2 2 1 2 896 1238 1239
2430 2 2 1 2 1238 1069 1239
2431 2 2 1 2 1238 935 1069
2432 2 2 1 2 1239 1069 942
2433 2 2 1 2 897 1212 1120
2434 2 2 1 2 1212 1087 1120
2435 2 2 1 2 1212 912 1087
2436 2 2 1 2 1120 1087 939
2437 2 2 1 2 903 1214 1242
2438 2 2 1 2 1214 1241 1242
2439 2 2 1 2 1214 898 1241
2440 2 2 1 2 1242 1241 916
2441 2 2 1 2 916 1241 1062
2442 2 2 1 2 1241 1123 1062
2443 2 2 1 2 1241 898 1123
2444 2 2 1 2 1062 1123 943
2445 2 2 1 2 899 1206 1243
2446 2 2 1 2 1206 1242 1243
2447 2 2 1 2 1206 903 1242
2448 2 2 1 2 1243 1242 916
2449 2 2 1 2 899 1243 1245
2450 2 2 1 2 1243 1244 1245
2451 2 2 1 2 1243 916 1244
2452 2 2 1 2 1245 1244 940
2453 2 2 1 2 935 1237 1104
2454 2 2 1 2 1237 1245 1104
2455 2 2 1 2 1237 899 1245
2456 2 2 1 2 1104 1245 940
2457 2 2 1 2 901 1202 1246
2458 2 2 1 2 1202 1108 1246
2459 2 2 1 2 1202 900 1108
2460 2 2 1 2 1246 1108 932
2461 2 2 1 2 929 1106 1067
2462 2 2 1 2 1106 1240 1067
2463 2 2 1 2 1106 900 1240
2464 2 2 1 2 1067 1240 942
2465 2 2 1 2 915 1218 1045
2466 2 2 1 2 1218 1246 1045
2467 2 2 1 2 1218 901 1246
2468 2 2 1 2 1045 1246 932
2469 2 2 1 2 906 1230 1090
2470 2 2 1 2 1230 1225 1090
2471 2 2 1 2 1230 905 1225
2472 2 2 1 2 1090 1225 907
2473 2 2 1 2 907 1226 1092
2474 2 2 1 2 1226 1074 1092
2475 2 2 1 2 1226 910 1074
2476 2 2 1 2 1092 1074 920
2477 2 2 1 2 914 1233 1050
2478 2 2 1 2 1233 1229 1050
2479 2 2 1 2 1233 911 1229
2480 2 2 1 2 1050 1229 936
2481 2 2 1 2 921 1085 1097
2482 2 2 1 2 1085 1236 1097
2483 2 2 1 2 1085 912 1236
2484 2 2 1 2 1097 1236 937
2485 2 2 1 2 916 1061 1244
2486 2 2 1 2 1061 1103 1244
2487 2 2 1 2 1061 923 1103
2488 2 2 1 2 1244 1103 940
2489 4 2 1 3 1247 1347 1349 1350
2490 4 2 1 3 1347 1258 1348 1352
2491 4 2 1 3 1349 1348 1296 1351
2492 4 2 1 3 1350 1352 1351 1326
2493 4 2 1 3 1347 1349 1350 1352
2494 4 2 1 3 1347 1352 1348 1349
2495 4 2 1 3 1349 1350 1352 1351
2496 4 2 1 3 1349 1351 1352 1348
2497 4 2 1 3 1254 1353 1355 1356
2498 4 2 1 3 1353 893 1354 1358
2499 4 2 1 3 1355 1354 1286 1357
2500 4 2 1 3 1356 1358 1357 1319
2501 4 2 1 3 1353 1355 1356 1358
2502 4 2 1 3 1353 1358 1354 1355
2503 4 2 1 3 1355 1356 1358 1357
2504 4 2 1 3 1355 1357 1358 1354
2505 4 2 1 3 873 1359 1127 1360
2506 4 2 1 3 1359 1254 1353 1355
2507 4 2 1 3 1127 1353 893 1354
2508 4 2 1 3 1360 1355 1354 1286
2509 4 2 1 3 1359 1127 1360 1355
2510 4 2 1 3 1359 1355 1353 1127
2511 4 2 1 3 1127 1360 1355 1354
2512 4 2 1 3 1127 1354 1355 1353
2513 4 2 1 3 1258 1347 1362 1352
2514 4 2 1 3 1347 1247 1361 1350
2515 4 2 1 3 1362 1361 1277 1363
2516 4 2 1 3 1352 1350 1363 1326
2517 4 2 1 3 1347 1362 1352 1350
2518 4 2 1 3 1347 1350 1361 1362
2519 4 2 1 3 1362 1352 1350 1363
2520 4 2 1 3 1362 1363 1350 1361
2521 4 2 1 3 877 1364 1366 1367
2522 4 2 1 3 1364 1270 1365 1369
2523 4 2 1 3 1366 1365 1263 1368
2524 4 2 1 3 1367 1369 1368 1283
2525 4 2 1 3 1364 1366 1367 1369
2526 4 2 1 3 1364 1369 1365 1366
2527 4 2 1 3 1366 1367 1369 1368
2528 4 2 1 3 1366 1368 1369 1365
2529 4 2 1 3 877 1143 1364 1367
2530 4 2 1 3 1143 875 1370 1371
2531 4 2 1 3 1364 1370 1270 1369
2532 4 2 1 3 1367 1371 1369 1283
2533 4 2 1 3 1143 1364 1367 1371
2534 4 2 1 3 1143 1371 1370 1364
2535 4 2 1 3 1364 1367 1371 1369
2536 4 2 1 3 1364 1369 1371 1370
2537 4 2 1 3 1259 1372 1374 1375
2538 4 2 1 3 1372 1300 1373 1377
2539 4 2 1 3 1374 1373 1288 1376
2540 4 2 1 3 1375 1377 1376 1304
2541 4 2 1 3 1372 1374 1375 1377
2542 4 2 1 3 1372 1377 1373 1374
2543 4 2 1 3 1374 1375 1377 1376
2544 4 2 1 3 1374 1376 1377 1373
2545 4 2 1 3 200 1378 1380 1381
2546 4 2 1 3 1378 1307 1379 1383
2547 4 2 1 3 1380 1379 1253 1382
2548 4 2 1 3 1381 1383 1382 1323
2549 4 2 1 3 1378 1380 1381 1383
2550 4 2 1 3 1378 1383 1379 1380
2551 4 2 1 3 1380 1381 1383 1382
2552 4 2 1 3 1380 1382 1383 1379
2553 4 2 1 3 1314 1384 1385 1386
2554 4 2 1 3 1384 1323 1382 1388
2555 4 2 1 3 1385 1382 1253 1387
2556 4 2 1 3 1386 1388 1387 1346
2557 4 2 1 3 1384 1385 1386 1388
2558 4 2 1 3 1384 1388 1382 1385
2559 4 2 1 3 1385 1386 1388 1387
2560 4 2 1 3 1385 1387 1388 1382
2561 4 2 1 3 200 1389 1380 1378
2562 4 2 1 3 1389 1290 1390 1391
2563 4 2 1 3 1380 1390 1253 1379
2564 4 2 1 3 1378 1391 1379 1307
2565 4 2 1 3 1389 1380 1378 1391
2566 4 2 1 3 1389 1391 1390 1380
2567 4 2 1 3 1380 1378 1391 1379
2568 4 2 1 3 1380 1379 1391 1390
2569 4 2 1 3 1265 1392 1394 1395
2570 4 2 1 3 1392 1283 1393 1397
2571 4 2 1 3 1394 1393 872 1396
2572 4 2 1 3 1395 1397 1396 1286
2573 4 2 1 3 1392 1394 1395 1397
2574 4 2 1 3 1392 1397 1393 1394
2575 4 2 1 3 1394 1395 1397 1396
2576 4 2 1 3 1394 1396 1397 1393
2577 4 2 1 3 121 1398 1400 1401
2578 4 2 1 3 1398 1275 1399 1403
2579 4 2 1 3 1400 1399 1266 1402
2580 4 2 1 3 1401 1403 1402 1277
2581 4 2 1 3 1398 1400 1401 1403
2582 4 2 1 3 1398 1403 1399 1400
2583 4 2 1 3 1400 1401 1403 1402
2584 4 2 1 3 1400 1402 1403 1399
2585 4 2 1 3 893 1404 1353 1406
2586 4 2 1 3 1404 1281 1405 1408
2587 4 2 1 3 1353 1405 1254 1407
2588 4 2 1 3 1406 1408 1407 1283
2589 4 2 1 3 1404 1353 1406 1408
2590 4 2 1 3 1404 1408 1405 1353
2591 4 2 1 3 1353 1406 1408 1407
2592 4 2 1 3 1353 1407 1408 1405
2593 4 2 1 3 213 1409 1411 1412
2594 4 2 1 3 1409 1256 1410 1414
2595 4 2 1 3 1411 1410 1279 1413
2596 4 2 1 3 1412 1414 1413 1325
2597 4 2 1 3 1409 1411 1412 1414
2598 4 2 1 3 1409 1414 1410 1411
2599 4 2 1 3 1411 1412 1414 1413
2600 4 2 1 3 1411 1413 1414 1410
2601 4 2 1 3 901 1415 1218 1417
2602 4 2 1 3 1415 1253 1416 1379
2603 4 2 1 3 1218 1416 915 1418
2604 4 2 1 3 1417 1379 1418 1307
2605 4 2 1 3 1415 1218 1417 1379
2606 4 2 1 3 1415 1379 1416 1218
2607 4 2 1 3 1218 1417 1379 1418
2608 4 2 1 3 1218 1418 1379 1416
2609 4 2 1 3 1247 1419 1421 1422
2610 4 2 1 3 1419 1252 1420 1424
2611 4 2 1 3 1421 1420 1267 1423
2612 4 2 1 3 1422 1424 1423 1328
2613 4 2 1 3 1419 1421 1422 1424
2614 4 2 1 3 1419 1424 1420 1421
2615 4 2 1 3 1421 1422 1424 1423
2616 4 2 1 3 1421 1423 1424 1420
2617 4 2 1 3 901 1425 1415 1417
2618 4 2 1 3 1425 1273 1426 1427
2619 4 2 1 3 1415 1426 1253 1379
2620 4 2 1 3 1417 1427 1379 1307
2621 4 2 1 3 1425 1415 1417 1427
2622 4 2 1 3 1425 1427 1426 1415
2623 4 2 1 3 1415 1417 1427 1379
2624 4 2 1 3 1415 1379 1427 1426
2625 4 2 1 3 872 1393 1394 1428
2626 4 2 1 3 1393 1283 1392 1430
2627 4 2 1 3 1394 1392 1265 1429
2628 4 2 1 3 1428 1430 1429 1301
2629 4 2 1 3 1393 1394 1428 1430
2630 4 2 1 3 1393 1430 1392 1394
2631 4 2 1 3 1394 1428 1430 1429
2632 4 2 1 3 1394 1429 1430 1392
2633 4 2 1 3 1247 1431 1419 1422
2634 4 2 1 3 1431 1269 1432 1433
2635 4 2 1 3 1419 1432 1252 1424
2636 4 2 1 3 1422 1433 1424 1328
2637 4 2 1 3 1431 1419 1422 1433
2638 4 2 1 3 1431 1433 1432 1419
2639 4 2 1 3 1419 1422 1433 1424
2640 4 2 1 3 1419 1424 1433 1432
2641 4 2 1 3 873 1434 1359 1360
2642 4 2 1 3 1434 1283 1407 1397
2643 4 2 1 3 1359 1407 1254 1355
2644 4 2 1 3 1360 1397 1355 1286
2645 4 2 1 3 1434 1359 1360 1397
2646 4 2 1 3 1434 1397 1407 1359
2647 4 2 1 3 1359 1360 1397 1355
2648 4 2 1 3 1359 1355 1397 1407
2649 4 2 1 3 1266 1435 1437 1438
2650 4 2 1 3 1435 1296 1436 1440
2651 4 2 1 3 1437 1436 1268 1439
2652 4 2 1 3 1438 1440 1439 1334
2653 4 2 1 3 1435 1437 1438 1440
2654 4 2 1 3 1435 1440 1436 1437
2655 4 2 1 3 1437 1438 1440 1439
2656 4 2 1 3 1437 1439 1440 1436
2657 4 2 1 3 1252 1419 1420 1441
2658 4 2 1 3 1419 1247 1421 1443
2659 4 2 1 3 1420 1421 1267 1442
2660 4 2 1 3 1441 1443 1442 1331
2661 4 2 1 3 1419 1420 1441 1443
2662 4 2 1 3 1419 1443 1421 1420
2663 4 2 1 3 1420 1441 1443 1442
2664 4 2 1 3 1420 1442 1443 1421
2665 4 2 1 3 1250 1444 1445 1446
2666 4 2 1 3 1444 1296 1435 1440
2667 4 2 1 3 1445 1435 1266 1438
2668 4 2 1 3 1446 1440 1438 1334
2669 4 2 1 3 1444 1445 1446 1440
2670 4 2 1 3 1444 1440 1435 1445
2671 4 2 1 3 1445 1446 1440 1438
2672 4 2 1 3 1445 1438 1440 1435
2673 4 2 1 3 1247 1419 1431 1443
2674 4 2 1 3 1419 1252 1432 1441
2675 4 2 1 3 1431 1432 1269 1447
2676 4 2 1 3 1443 1441 1447 1331
2677 4 2 1 3 1419 1431 1443 1441
2678 4 2 1 3 1419 1441 1432 1431
2679 4 2 1 3 1431 1443 1441 1447
2680 4 2 1 3 1431 1447 1441 1432
2681 4 2 1 3 873 1127 1359 1434
2682 4 2 1 3 1127 893 1353 1406
2683 4 2 1 3 1359 1353 1254 1407
2684 4 2 1 3 1434 1406 1407 1283
2685 4 2 1 3 1127 1359 1434 1406
2686 4 2 1 3 1127 1406 1353 1359
2687 4 2 1 3 1359 1434 1406 1407
2688 4 2 1 3 1359 1407 1406 1353
2689 4 2 1 3 1253 1426 1415 1448
2690 4 2 1 3 1426 1273 1425 1450
2691 4 2 1 3 1415 1425 901 1449
2692 4 2 1 3 1448 1450 1449 1293
2693 4 2 1 3 1426 1415 1448 1450
2694 4 2 1 3 1426 1450 1425 1415
2695 4 2 1 3 1415 1448 1450 1449
2696 4 2 1 3 1415 1449 1450 1425
2697 4 2 1 3 1264 1451 1452 1453
2698 4 2 1 3 1451 1296 1348 1351
2699 4 2 1 3 1452 1348 1258 1352
2700 4 2 1 3 1453 1351 1352 1326
2701 4 2 1 3 1451 1452 1453 1351
2702 4 2 1 3 1451 1351 1348 1452
2703 4 2 1 3 1452 1453 1351 1352
2704 4 2 1 3 1452 1352 1351 1348
2705 4 2 1 3 1253 1385 1380 1382
2706 4 2 1 3 1385 1314 1454 1384
2707 4 2 1 3 1380 1454 200 1381
2708 4 2 1 3 1382 1384 1381 1323
2709 4 2 1 3 1385 1380 1382 1384
2710 4 2 1 3 1385 1384 1454 1380
2711 4 2 1 3 1380 1382 1384 1381
2712 4 2 1 3 1380 1381 1384 1454
2713 4 2 1 3 200 1381 1454 1455
2714 4 2 1 3 1381 1323 1384 1388
2715 4 2 1 3 1454 1384 1314 1386
2716 4 2 1 3 1455 1388 1386 1346
2717 4 2 1 3 1381 1454 1455 1388
2718 4 2 1 3 1381 1388 1384 1454
2719 4 2 1 3 1454 1455 1388 1386
2720 4 2 1 3 1454 1386 1388 1384
2721 4 2 1 3 1266 1435 1445 1456
2722 4 2 1 3 1435 1296 1444 1458
2723 4 2 1 3 1445 1444 1250 1457
2724 4 2 1 3 1456 1458 1457 1309
2725 4 2 1 3 1435 1445 1456 1458
2726 4 2 1 3 1435 1458 1444 1445
2727 4 2 1 3 1445 1456 1458 1457
2728 4 2 1 3 1445 1457 1458 1444
2729 4 2 1 3 1250 1459 1444 1446
2730 4 2 1 3 1459 1268 1436 1439
2731 4 2 1 3 1444 1436 1296 1440
2732 4 2 1 3 1446 1439 1440 1334
2733 4 2 1 3 1459 1444 1446 1439
2734 4 2 1 3 1459 1439 1436 1444
2735 4 2 1 3 1444 1446 1439 1440
2736 4 2 1 3 1444 1440 1439 1436
2737 4 2 1 3 1247 1460 1461 1349
2738 4 2 1 3 1460 1268 1437 1436
2739 4 2 1 3 1461 1437 1266 1435
2740 4 2 1 3 1349 1436 1435 1296
2741 4 2 1 3 1460 1461 1349 1436
2742 4 2 1 3 1460 1436 1437 1461
2743 4 2 1 3 1461 1349 1436 1435
2744 4 2 1 3 1461 1435 1436 1437
2745 4 2 1 3 1258 1348 1463 1464
2746 4 2 1 3 1348 1296 1462 1466
2747 4 2 1 3 1463 1462 1263 1465
2748 4 2 1 3 1464 1466 1465 1303
2749 4 2 1 3 1348 1463 1464 1466
2750 4 2 1 3 1348 1466 1462 1463
2751 4 2 1 3 1463 1464 1466 1465
2752 4 2 1 3 1463 1465 1466 1462
2753 4 2 1 3 1264 1451 1467 1468
2754 4 2 1 3 1451 1296 1435 1458
2755 4 2 1 3 1467 1435 1266 1456
2756 4 2 1 3 1468 1458 1456 1309
2757 4 2 1 3 1451 1467 1468 1458
2758 4 2 1 3 1451 1458 1435 1467
2759 4 2 1 3 1467 1468 1458 1456
2760 4 2 1 3 1467 1456 1458 1435
2761 4 2 1 3 1268 1469 1471 1472
2762 4 2 1 3 1469 1300 1470 1474
2763 4 2 1 3 1471 1470 884 1473
2764 4 2 1 3 1472 1474 1473 1340
2765 4 2 1 3 1469 1471 1472 1474
2766 4 2 1 3 1469 1474 1470 1471
2767 4 2 1 3 1471 1472 1474 1473
2768 4 2 1 3 1471 1473 1474 1470
2769 4 2 1 3 884 1471 1172 1470
2770 4 2 1 3 1471 1268 1475 1469
2771 4 2 1 3 1172 1475 904 1476
2772 4 2 1 3 1470 1469 1476 1300
2773 4 2 1 3 1471 1172 1470 1469
2774 4 2 1 3 1471 1469 1475 1172
2775 4 2 1 3 1172 1470 1469 1476
2776 4 2 1 3 1172 1476 1469 1475
2777 4 2 1 3 121 1400 618 1401
2778 4 2 1 3 1400 1266 1477 1402
2779 4 2 1 3 618 1477 130 1478
2780 4 2 1 3 1401 1402 1478 1277
2781 4 2 1 3 1400 618 1401 1402
2782 4 2 1 3 1400 1402 1477 618
2783 4 2 1 3 618 1401 1402 1478
2784 4 2 1 3 618 1478 1402 1477
2785 4 2 1 3 901 1218 1415 1479
2786 4 2 1 3 1218 915 1416 1481
2787 4 2 1 3 1415 1416 1253 1480
2788 4 2 1 3 1479 1481 1480 1322
2789 4 2 1 3 1218 1415 1479 1481
2790 4 2 1 3 1218 1481 1416 1415
2791 4 2 1 3 1415 1479 1481 1480
2792 4 2 1 3 1415 1480 1481 1416
2793 4 2 1 3 164 1482 1484 1485
2794 4 2 1 3 1482 1292 1483 1487
2795 4 2 1 3 1484 1483 1280 1486
2796 4 2 1 3 1485 1487 1486 1302
2797 4 2 1 3 1482 1484 1485 1487
2798 4 2 1 3 1482 1487 1483 1484
2799 4 2 1 3 1484 1485 1487 1486
2800 4 2 1 3 1484 1486 1487 1483
2801 4 2 1 3 1255 1488 1489 1490
2802 4 2 1 3 1488 1288 1373 1376
2803 4 2 1 3 1489 1373 1300 1377
2804 4 2 1 3 1490 1376 1377 1304
2805 4 2 1 3 1488 1489 1490 1376
2806 4 2 1 3 1488 1376 1373 1489
2807 4 2 1 3 1489 1490 1376 1377
2808 4 2 1 3 1489 1377 1376 1373
2809 4 2 1 3 1255 1489 1492 1490
2810 4 2 1 3 1489 1300 1491 1377
2811 4 2 1 3 1492 1491 1250 1493
2812 4 2 1 3 1490 1377 1493 1304
2813 4 2 1 3 1489 1492 1490 1377
2814 4 2 1 3 1489 1377 1491 1492
2815 4 2 1 3 1492 1490 1377 1493
2816 4 2 1 3 1492 1493 1377 1491
2817 4 2 1 3 1255 1492 1495 1490
2818 4 2 1 3 1492 1250 1494 1493
2819 4 2 1 3 1495 1494 1282 1496
2820 4 2 1 3 1490 1493 1496 1304
2821 4 2 1 3 1492 1495 1490 1493
2822 4 2 1 3 1492 1493 1494 1495
2823 4 2 1 3 1495 1490 1493 1496
2824 4 2 1 3 1495 1496 1493 1494
2825 4 2 1 3 213 1411 1409 1497
2826 4 2 1 3 1411 1279 1410 1499
2827 4 2 1 3 1409 1410 1256 1498
2828 4 2 1 3 1497 1499 1498 1285
2829 4 2 1 3 1411 1409 1497 1499
2830 4 2 1 3 1411 1499 1410 1409
2831 4 2 1 3 1409 1497 1499 1498
2832 4 2 1 3 1409 1498 1499 1410
2833 4 2 1 3 92 1500 1502 1503
2834 4 2 1 3 1500 1279 1501 1505
2835 4 2 1 3 1502 1501 1272 1504
2836 4 2 1 3 1503 1505 1504 1341
2837 4 2 1 3 1500 1502 1503 1505
2838 4 2 1 3 1500 1505 1501 1502
2839 4 2 1 3 1502 1503 1505 1504
2840 4 2 1 3 1502 1504 1505 1501
2841 4 2 1 3 1263 1506 1463 1465
2842 4 2 1 3 1506 1299 1507 1508
2843 4 2 1 3 1463 1507 1258 1464
2844 4 2 1 3 1465 1508 1464 1303
2845 4 2 1 3 1506 1463 1465 1508
2846 4 2 1 3 1506 1508 1507 1463
2847 4 2 1 3 1463 1465 1508 1464
2848 4 2 1 3 1463 1464 1508 1507
2849 4 2 1 3 1264 1509 1451 1468
2850 4 2 1 3 1509 1250 1444 1457
2851 4 2 1 3 1451 1444 1296 1458
2852 4 2 1 3 1468 1457 1458 1309
2853 4 2 1 3 1509 1451 1468 1457
2854 4 2 1 3 1509 1457 1444 1451
2855 4 2 1 3 1451 1468 1457 1458
2856 4 2 1 3 1451 1458 1457 1444
2857 4 2 1 3 1247 1347 1361 1510
2858 4 2 1 3 1347 1258 1362 1512
2859 4 2 1 3 1361 1362 1277 1511
2860 4 2 1 3 1510 1512 1511 1333
2861 4 2 1 3 1347 1361 1510 1512
2862 4 2 1 3 1347 1512 1362 1361
2863 4 2 1 3 1361 1510 1512 1511
2864 4 2 1 3 1361 1511 1512 1362
2865 4 2 1 3 1254 1513 1515 1516
2866 4 2 1 3 1513 1272 1514 1518
2867 4 2 1 3 1515 1514 1248 1517
2868 4 2 1 3 1516 1518 1517 1299
2869 4 2 1 3 1513 1515 1516 1518
2870 4 2 1 3 1513 1518 1514 1515
2871 4 2 1 3 1515 1516 1518 1517
2872 4 2 1 3 1515 1517 1518 1514
2873 4 2 1 3 1257 1519 1521 1522
2874 4 2 1 3 1519 1274 1520 1524
2875 4 2 1 3 1521 1520 106 1523
2876 4 2 1 3 1522 1524 1523 1285
2877 4 2 1 3 1519 1521 1522 1524
2878 4 2 1 3 1519 1524 1520 1521
2879 4 2 1 3 1521 1522 1524 1523
2880 4 2 1 3 1521 1523 1524 1520
2881 4 2 1 3 877 1143 1144 1364
2882 4 2 1 3 1143 875 1138 1370
2883 4 2 1 3 1144 1138 876 1525
2884 4 2 1 3 1364 1370 1525 1270
2885 4 2 1 3 1143 1144 1364 1370
2886 4 2 1 3 1143 1370 1138 1144
2887 4 2 1 3 1144 1364 1370 1525
2888 4 2 1 3 1144 1525 1370 1138
2889 4 2 1 3 261 1526 717 1527
2890 4 2 1 3 1526 1256 1409 1414
2891 4 2 1 3 717 1409 213 1412
2892 4 2 1 3 1527 1414 1412 1325
2893 4 2 1 3 1526 717 1527 1414
2894 4 2 1 3 1526 1414 1409 717
2895 4 2 1 3 717 1527 1414 1412
2896 4 2 1 3 717 1412 1414 1409
2897 4 2 1 3 1254 1515 1407 1516
2898 4 2 1 3 1515 1248 1528 1517
2899 4 2 1 3 1407 1528 1283 1529
2900 4 2 1 3 1516 1517 1529 1299
2901 4 2 1 3 1515 1407 1516 1517
2902 4 2 1 3 1515 1517 1528 1407
2903 4 2 1 3 1407 1516 1517 1529
2904 4 2 1 3 1407 1529 1517 1528
2905 4 2 1 3 904 1475 1531 1476
2906 4 2 1 3 1475 1268 1530 1469
2907 4 2 1 3 1531 1530 1270 1532
2908 4 2 1 3 1476 1469 1532 1300
2909 4 2 1 3 1475 1531 1476 1469
2910 4 2 1 3 1475 1469 1530 1531
2911 4 2 1 3 1531 1476 1469 1532
2912 4 2 1 3 1531 1532 1469 1530
2913 4 2 1 3 1254 1533 1353 1356
2914 4 2 1 3 1533 1284 1534 1535
2915 4 2 1 3 1353 1534 893 1358
2916 4 2 1 3 1356 1535 1358 1319
2917 4 2 1 3 1533 1353 1356 1535
2918 4 2 1 3 1533 1535 1534 1353
2919 4 2 1 3 1353 1356 1535 1358
2920 4 2 1 3 1353 1358 1535 1534
2921 4 2 1 3 1258 1352 1362 1512
2922 4 2 1 3 1352 1326 1363 1536
2923 4 2 1 3 1362 1363 1277 1511
2924 4 2 1 3 1512 1536 1511 1333
2925 4 2 1 3 1352 1362 1512 1536
2926 4 2 1 3 1352 1536 1363 1362
2927 4 2 1 3 1362 1512 1536 1511
2928 4 2 1 3 1362 1511 1536 1363
2929 4 2 1 3 904 1531 1475 1537
2930 4 2 1 3 1531 1270 1530 1539
2931 4 2 1 3 1475 1530 1268 1538
2932 4 2 1 3 1537 1539 1538 1308
2933 4 2 1 3 1531 1475 1537 1539
2934 4 2 1 3 1531 1539 1530 1475
2935 4 2 1 3 1475 1537 1539 1538
2936 4 2 1 3 1475 1538 1539 1530
2937 4 2 1 3 258 1540 815 1541
2938 4 2 1 3 1540 1256 1526 1543
2939 4 2 1 3 815 1526 261 1542
2940 4 2 1 3 1541 1543 1542 1306
2941 4 2 1 3 1540 815 1541 1543
2942 4 2 1 3 1540 1543 1526 815
2943 4 2 1 3 815 1541 1543 1542
2944 4 2 1 3 815 1542 1543 1526
2945 4 2 1 3 1247 1349 1347 1544
2946 4 2 1 3 1349 1296 1348 1466
2947 4 2 1 3 1347 1348 1258 1464
2948 4 2 1 3 1544 1466 1464 1303
2949 4 2 1 3 1349 1347 1544 1466
2950 4 2 1 3 1349 1466 1348 1347
2951 4 2 1 3 1347 1544 1466 1464
2952 4 2 1 3 1347 1464 1466 1348
2953 4 2 1 3 89 455 1545 1546
2954 4 2 1 3 455 92 1502 1503
2955 4 2 1 3 1545 1502 1272 1504
2956 4 2 1 3 1546 1503 1504 1341
2957 4 2 1 3 455 1545 1546 1503
2958 4 2 1 3 455 1503 1502 1545
2959 4 2 1 3 1545 1546 1503 1504
2960 4 2 1 3 1545 1504 1503 1502
2961 4 2 1 3 909 1547 1137 1548
2962 4 2 1 3 1547 1281 1404 1408
2963 4 2 1 3 1137 1404 893 1406
2964 4 2 1 3 1548 1408 1406 1283
2965 4 2 1 3 1547 1137 1548 1408
2966 4 2 1 3 1547 1408 1404 1137
2967 4 2 1 3 1137 1548 1408 1406
2968 4 2 1 3 1137 1406 1408 1404
2969 4 2 1 3 1247 1349 1461 1350
2970 4 2 1 3 1349 1296 1435 1351
2971 4 2 1 3 1461 1435 1266 1549
2972 4 2 1 3 1350 1351 1549 1326
2973 4 2 1 3 1349 1461 1350 1351
2974 4 2 1 3 1349 1351 1435 1461
2975 4 2 1 3 1461 1350 1351 1549
2976 4 2 1 3 1461 1549 1351 1435
2977 4 2 1 3 1253 1390 1380 1385
2978 4 2 1 3 1390 1290 1389 1550
2979 4 2 1 3 1380 1389 200 1454
2980 4 2 1 3 1385 1550 1454 1314
2981 4 2 1 3 1390 1380 1385 1550
2982 4 2 1 3 1390 1550 1389 1380
2983 4 2 1 3 1380 1385 1550 1454
2984 4 2 1 3 1380 1454 1550 1389
2985 4 2 1 3 1266 1435 1467 1549
2986 4 2 1 3 1435 1296 1451 1351
2987 4 2 1 3 1467 1451 1264 1453
2988 4 2 1 3 1549 1351 1453 1326
2989 4 2 1 3 1435 1467 1549 1351
2990 4 2 1 3 1435 1351 1451 1467
2991 4 2 1 3 1467 1549 1351 1453
2992 4 2 1 3 1467 1453 1351 1451
2993 4 2 1 3 880 1157 1551 1552
2994 4 2 1 3 1157 904 1475 1537
2995 4 2 1 3 1551 1475 1268 1538
2996 4 2 1 3 1552 1537 1538 1308
2997 4 2 1 3 1157 1551 1552 1537
2998 4 2 1 3 1157 1537 1475 1551
2999 4 2 1 3 1551 1552 1537 1538
3000 4 2 1 3 1551 1538 1537 1475
3001 4 2 1 3 875 1370 1371 1553
3002 4 2 1 3 1370 1270 1369 1554
3003 4 2 1 3 1371 1369 1283 1430
3004 4 2 1 3 1553 1554 1430 1301
3005 4 2 1 3 1370 1371 1553 1554
3006 4 2 1 3 1370 1554 1369 1371
3007 4 2 1 3 1371 1553 1554 1430
3008 4 2 1 3 1371 1430 1554 1369
3009 4 2 1 3 875 1138 1370 1553
3010 4 2 1 3 1138 876 1525 1555
3011 4 2 1 3 1370 1525 1270 1554
3012 4 2 1 3 1553 1555 1554 1301
3013 4 2 1 3 1138 1370 1553 1555
3014 4 2 1 3 1138 1555 1525 1370
3015 4 2 1 3 1370 1553 1555 1554
3016 4 2 1 3 1370 1554 1555 1525
3017 4 2 1 3 139 694 1557 1558
3018 4 2 1 3 694 138 1556 1559
3019 4 2 1 3 1557 1556 1255 1495
3020 4 2 1 3 1558 1559 1495 1282
3021 4 2 1 3 694 1557 1558 1559
3022 4 2 1 3 694 1559 1556 1557
3023 4 2 1 3 1557 1558 1559 1495
3024 4 2 1 3 1557 1495 1559 1556
3025 4 2 1 3 877 1364 1148 1560
3026 4 2 1 3 1364 1270 1531 1539
3027 4 2 1 3 1148 1531 904 1537
3028 4 2 1 3 1560 1539 1537 1308
3029 4 2 1 3 1364 1148 1560 1539
3030 4 2 1 3 1364 1539 1531 1148
3031 4 2 1 3 1148 1560 1539 1537
3032 4 2 1 3 1148 1537 1539 1531
3033 4 2 1 3 210 1561 1563 1564
3034 4 2 1 3 1561 1282 1562 1565
3035 4 2 1 3 1563 1562 1280 1483
3036 4 2 1 3 1564 1565 1483 1292
3037 4 2 1 3 1561 1563 1564 1565
3038 4 2 1 3 1561 1565 1562 1563
3039 4 2 1 3 1563 1564 1565 1483
3040 4 2 1 3 1563 1483 1565 1562
3041 4 2 1 3 258 727 815 1540
3042 4 2 1 3 727 213 717 1409
3043 4 2 1 3 815 717 261 1526
3044 4 2 1 3 1540 1409 1526 1256
3045 4 2 1 3 727 815 1540 1409
3046 4 2 1 3 727 1409 717 815
3047 4 2 1 3 815 1540 1409 1526
3048 4 2 1 3 815 1526 1409 717
3049 4 2 1 3 1263 1462 1463 1506
3050 4 2 1 3 1462 1296 1348 1566
3051 4 2 1 3 1463 1348 1258 1507
3052 4 2 1 3 1506 1566 1507 1299
3053 4 2 1 3 1462 1463 1506 1566
3054 4 2 1 3 1462 1566 1348 1463
3055 4 2 1 3 1463 1506 1566 1507
3056 4 2 1 3 1463 1507 1566 1348
3057 4 2 1 3 229 1567 526 1568
3058 4 2 1 3 1567 1257 1521 1522
3059 4 2 1 3 526 1521 106 1523
3060 4 2 1 3 1568 1522 1523 1285
3061 4 2 1 3 1567 526 1568 1522
3062 4 2 1 3 1567 1522 1521 526
3063 4 2 1 3 526 1568 1522 1523
3064 4 2 1 3 526 1523 1522 1521
3065 4 2 1 3 92 1569 1500 1503
3066 4 2 1 3 1569 1325 1413 1570
3067 4 2 1 3 1500 1413 1279 1505
3068 4 2 1 3 1503 1570 1505 1341
3069 4 2 1 3 1569 1500 1503 1570
3070 4 2 1 3 1569 1570 1413 1500
3071 4 2 1 3 1500 1503 1570 1505
3072 4 2 1 3 1500 1505 1570 1413
3073 4 2 1 3 143 1571 1573 1574
3074 4 2 1 3 1571 1274 1572 1576
3075 4 2 1 3 1573 1572 1262 1575
3076 4 2 1 3 1574 1576 1575 1287
3077 4 2 1 3 1571 1573 1574 1576
3078 4 2 1 3 1571 1576 1572 1573
3079 4 2 1 3 1573 1574 1576 1575
3080 4 2 1 3 1573 1575 1576 1572
3081 4 2 1 3 1248 1515 1528 1577
3082 4 2 1 3 1515 1254 1407 1579
3083 4 2 1 3 1528 1407 1283 1578
3084 4 2 1 3 1577 1579 1578 1302
3085 4 2 1 3 1515 1528 1577 1579
3086 4 2 1 3 1515 1579 1407 1528
3087 4 2 1 3 1528 1577 1579 1578
3088 4 2 1 3 1528 1578 1579 1407
3089 4 2 1 3 1253 1390 1416 1379
3090 4 2 1 3 1390 1290 1580 1391
3091 4 2 1 3 1416 1580 915 1418
3092 4 2 1 3 1379 1391 1418 1307
3093 4 2 1 3 1390 1416 1379 1391
3094 4 2 1 3 1390 1391 1580 1416
3095 4 2 1 3 1416 1379 1391 1418
3096 4 2 1 3 1416 1418 1391 1580
3097 4 2 1 3 1255 1495 1488 1490
3098 4 2 1 3 1495 1282 1581 1496
3099 4 2 1 3 1488 1581 1288 1376
3100 4 2 1 3 1490 1496 1376 1304
3101 4 2 1 3 1495 1488 1490 1496
3102 4 2 1 3 1495 1496 1581 1488
3103 4 2 1 3 1488 1490 1496 1376
3104 4 2 1 3 1488 1376 1496 1581
3105 4 2 1 3 1247 1347 1583 1544
3106 4 2 1 3 1347 1258 1582 1464
3107 4 2 1 3 1583 1582 1262 1584
3108 4 2 1 3 1544 1464 1584 1303
3109 4 2 1 3 1347 1583 1544 1464
3110 4 2 1 3 1347 1464 1582 1583
3111 4 2 1 3 1583 1544 1464 1584
3112 4 2 1 3 1583 1584 1464 1582
3113 4 2 1 3 880 1156 1157 1552
3114 4 2 1 3 1156 877 1148 1560
3115 4 2 1 3 1157 1148 904 1537
3116 4 2 1 3 1552 1560 1537 1308
3117 4 2 1 3 1156 1157 1552 1560
3118 4 2 1 3 1156 1560 1148 1157
3119 4 2 1 3 1157 1552 1560 1537
3120 4 2 1 3 1157 1537 1560 1148
3121 4 2 1 3 1254 1515 1513 1579
3122 4 2 1 3 1515 1248 1514 1577
3123 4 2 1 3 1513 1514 1272 1585
3124 4 2 1 3 1579 1577 1585 1302
3125 4 2 1 3 1515 1513 1579 1577
3126 4 2 1 3 1515 1577 1514 1513
3127 4 2 1 3 1513 1579 1577 1585
3128 4 2 1 3 1513 1585 1577 1514
3129 4 2 1 3 915 1580 1416 1481
3130 4 2 1 3 1580 1290 1390 1586
3131 4 2 1 3 1416 1390 1253 1480
3132 4 2 1 3 1481 1586 1480 1322
3133 4 2 1 3 1580 1416 1481 1586
3134 4 2 1 3 1580 1586 1390 1416
3135 4 2 1 3 1416 1481 1586 1480
3136 4 2 1 3 1416 1480 1586 1390
3137 4 2 1 3 89 1545 455 1587
3138 4 2 1 3 1545 1272 1502 1501
3139 4 2 1 3 455 1502 92 1500
3140 4 2 1 3 1587 1501 1500 1279
3141 4 2 1 3 1545 455 1587 1501
3142 4 2 1 3 1545 1501 1502 455
3143 4 2 1 3 455 1587 1501 1500
3144 4 2 1 3 455 1500 1501 1502
3145 4 2 1 3 1255 1495 1556 1488
3146 4 2 1 3 1495 1282 1559 1581
3147 4 2 1 3 1556 1559 138 1588
3148 4 2 1 3 1488 1581 1588 1288
3149 4 2 1 3 1495 1556 1488 1581
3150 4 2 1 3 1495 1581 1559 1556
3151 4 2 1 3 1556 1488 1581 1588
3152 4 2 1 3 1556 1588 1581 1559
3153 4 2 1 3 1269 1589 1591 1592
3154 4 2 1 3 1589 1275 1590 1403
3155 4 2 1 3 1591 1590 119 1593
3156 4 2 1 3 1592 1403 1593 1277
3157 4 2 1 3 1589 1591 1592 1403
3158 4 2 1 3 1589 1403 1590 1591
3159 4 2 1 3 1591 1592 1403 1593
3160 4 2 1 3 1591 1593 1403 1590
3161 4 2 1 3 1268 1471 1595 1472
3162 4 2 1 3 1471 884 1594 1473
3163 4 2 1 3 1595 1594 1322 1596
3164 4 2 1 3 1472 1473 1596 1340
3165 4 2 1 3 1471 1595 1472 1473
3166 4 2 1 3 1471 1473 1594 1595
3167 4 2 1 3 1595 1472 1473 1596
3168 4 2 1 3 1595 1596 1473 1594
3169 4 2 1 3 1283 1397 1392 1578
3170 4 2 1 3 1397 1286 1395 1598
3171 4 2 1 3 1392 1395 1265 1597
3172 4 2 1 3 1578 1598 1597 1302
3173 4 2 1 3 1397 1392 1578 1598
3174 4 2 1 3 1397 1598 1395 1392
3175 4 2 1 3 1392 1578 1598 1597
3176 4 2 1 3 1392 1597 1598 1395
3177 4 2 1 3 1248 1528 1599 1577
3178 4 2 1 3 1528 1283 1392 1578
3179 4 2 1 3 1599 1392 1265 1597
3180 4 2 1 3 1577 1578 1597 1302
3181 4 2 1 3 1528 1599 1577 1578
3182 4 2 1 3 1528 1578 1392 1599
3183 4 2 1 3 1599 1577 1578 1597
3184 4 2 1 3 1599 1597 1578 1392
3185 4 2 1 3 164 1600 1482 1485
3186 4 2 1 3 1600 1272 1601 1585
3187 4 2 1 3 1482 1601 1292 1487
3188 4 2 1 3 1485 1585 1487 1302
3189 4 2 1 3 1600 1482 1485 1585
3190 4 2 1 3 1600 1585 1601 1482
3191 4 2 1 3 1482 1485 1585 1487
3192 4 2 1 3 1482 1487 1585 1601
3193 4 2 1 3 106 1520 524 1523
3194 4 2 1 3 1520 1274 1602 1524
3195 4 2 1 3 524 1602 104 1603
3196 4 2 1 3 1523 1524 1603 1285
3197 4 2 1 3 1520 524 1523 1524
3198 4 2 1 3 1520 1524 1602 524
3199 4 2 1 3 524 1523 1524 1603
3200 4 2 1 3 524 1603 1524 1602
3201 4 2 1 3 1257 1522 1567 1604
3202 4 2 1 3 1522 1285 1568 1606
3203 4 2 1 3 1567 1568 229 1605
3204 4 2 1 3 1604 1606 1605 1295
3205 4 2 1 3 1522 1567 1604 1606
3206 4 2 1 3 1522 1606 1568 1567
3207 4 2 1 3 1567 1604 1606 1605
3208 4 2 1 3 1567 1605 1606 1568
3209 4 2 1 3 1252 1607 1609 1441
3210 4 2 1 3 1607 1293 1608 1611
3211 4 2 1 3 1609 1608 1323 1610
3212 4 2 1 3 1441 1611 1610 1331
3213 4 2 1 3 1607 1609 1441 1611
3214 4 2 1 3 1607 1611 1608 1609
3215 4 2 1 3 1609 1441 1611 1610
3216 4 2 1 3 1609 1610 1611 1608
3217 4 2 1 3 1254 1405 1353 1533
3218 4 2 1 3 1405 1281 1404 1612
3219 4 2 1 3 1353 1404 893 1534
3220 4 2 1 3 1533 1612 1534 1284
3221 4 2 1 3 1405 1353 1533 1612
3222 4 2 1 3 1405 1612 1404 1353
3223 4 2 1 3 1353 1533 1612 1534
3224 4 2 1 3 1353 1534 1612 1404
3225 4 2 1 3 217 608 1613 1614
3226 4 2 1 3 608 119 1590 1593
3227 4 2 1 3 1613 1590 1275 1403
3228 4 2 1 3 1614 1593 1403 1277
3229 4 2 1 3 608 1613 1614 1593
3230 4 2 1 3 608 1593 1590 1613
3231 4 2 1 3 1613 1614 1593 1403
3232 4 2 1 3 1613 1403 1593 1590
3233 4 2 1 3 1253 1382 1448 1615
3234 4 2 1 3 1382 1323 1608 1610
3235 4 2 1 3 1448 1608 1293 1611
3236 4 2 1 3 1615 1610 1611 1331
3237 4 2 1 3 1382 1448 1615 1610
3238 4 2 1 3 1382 1610 1608 1448
3239 4 2 1 3 1448 1615 1610 1611
3240 4 2 1 3 1448 1611 1610 1608
3241 4 2 1 3 874 1616 1130 1617
3242 4 2 1 3 1616 1283 1393 1430
3243 4 2 1 3 1130 1393 872 1428
3244 4 2 1 3 1617 1430 1428 1301
3245 4 2 1 3 1616 1130 1617 1430
3246 4 2 1 3 1616 1430 1393 1130
3247 4 2 1 3 1130 1617 1430 1428
3248 4 2 1 3 1130 1428 1430 1393
3249 4 2 1 3 130 1478 1477 1618
3250 4 2 1 3 1478 1277 1402 1363
3251 4 2 1 3 1477 1402 1266 1549
3252 4 2 1 3 1618 1363 1549 1326
3253 4 2 1 3 1478 1477 1618 1363
3254 4 2 1 3 1478 1363 1402 1477
3255 4 2 1 3 1477 1618 1363 1549
3256 4 2 1 3 1477 1549 1363 1402
3257 4 2 1 3 261 1526 1620 1542
3258 4 2 1 3 1526 1256 1619 1543
3259 4 2 1 3 1620 1619 1284 1621
3260 4 2 1 3 1542 1543 1621 1306
3261 4 2 1 3 1526 1620 1542 1543
3262 4 2 1 3 1526 1543 1619 1620
3263 4 2 1 3 1620 1542 1543 1621
3264 4 2 1 3 1620 1621 1543 1619
3265 4 2 1 3 892 1191 1622 1623
3266 4 2 1 3 1191 884 1470 1473
3267 4 2 1 3 1622 1470 1300 1474
3268 4 2 1 3 1623 1473 1474 1340
3269 4 2 1 3 1191 1622 1623 1473
3270 4 2 1 3 1191 1473 1470 1622
3271 4 2 1 3 1622 1623 1473 1474
3272 4 2 1 3 1622 1474 1473 1470
3273 4 2 1 3 121 609 606 1398
3274 4 2 1 3 609 217 608 1613
3275 4 2 1 3 606 608 119 1590
3276 4 2 1 3 1398 1613 1590 1275
3277 4 2 1 3 609 606 1398 1613
3278 4 2 1 3 609 1613 608 606
3279 4 2 1 3 606 1398 1613 1590
3280 4 2 1 3 606 1590 1613 608
3281 4 2 1 3 1247 1583 1347 1510
3282 4 2 1 3 1583 1262 1582 1624
3283 4 2 1 3 1347 1582 1258 1512
3284 4 2 1 3 1510 1624 1512 1333
3285 4 2 1 3 1583 1347 1510 1624
3286 4 2 1 3 1583 1624 1582 1347
3287 4 2 1 3 1347 1510 1624 1512
3288 4 2 1 3 1347 1512 1624 1582
3289 4 2 1 3 106 1520 1521 1625
3290 4 2 1 3 1520 1274 1519 1627
3291 4 2 1 3 1521 1519 1257 1626
3292 4 2 1 3 1625 1627 1626 1298
3293 4 2 1 3 1520 1521 1625 1627
3294 4 2 1 3 1520 1627 1519 1521
3295 4 2 1 3 1521 1625 1627 1626
3296 4 2 1 3 1521 1626 1627 1519
3297 4 2 1 3 902 1628 1630 1631
3298 4 2 1 3 1628 1267 1629 1633
3299 4 2 1 3 1630 1629 1324 1632
3300 4 2 1 3 1631 1633 1632 1343
3301 4 2 1 3 1628 1630 1631 1633
3302 4 2 1 3 1628 1633 1629 1630
3303 4 2 1 3 1630 1631 1633 1632
3304 4 2 1 3 1630 1632 1633 1629
3305 4 2 1 3 121 609 1398 1401
3306 4 2 1 3 609 217 1613 1614
3307 4 2 1 3 1398 1613 1275 1403
3308 4 2 1 3 1401 1614 1403 1277
3309 4 2 1 3 609 1398 1401 1614
3310 4 2 1 3 609 1614 1613 1398
3311 4 2 1 3 1398 1401 1614 1403
3312 4 2 1 3 1398 1403 1614 1613
3313 4 2 1 3 1251 1634 1636 1637
3314 4 2 1 3 1634 1274 1635 1639
3315 4 2 1 3 1636 1635 1276 1638
3316 4 2 1 3 1637 1639 1638 1303
3317 4 2 1 3 1634 1636 1637 1639
3318 4 2 1 3 1634 1639 1635 1636
3319 4 2 1 3 1636 1637 1639 1638
3320 4 2 1 3 1636 1638 1639 1635
3321 4 2 1 3 1255 1640 1557 1495
3322 4 2 1 3 1640 1280 1641 1562
3323 4 2 1 3 1557 1641 139 1558
3324 4 2 1 3 1495 1562 1558 1282
3325 4 2 1 3 1640 1557 1495 1562
3326 4 2 1 3 1640 1562 1641 1557
3327 4 2 1 3 1557 1495 1562 1558
3328 4 2 1 3 1557 1558 1562 1641
3329 4 2 1 3 261 1620 1526 1527
3330 4 2 1 3 1620 1284 1619 1642
3331 4 2 1 3 1526 1619 1256 1414
3332 4 2 1 3 1527 1642 1414 1325
3333 4 2 1 3 1620 1526 1527 1642
3334 4 2 1 3 1620 1642 1619 1526
3335 4 2 1 3 1526 1527 1642 1414
3336 4 2 1 3 1526 1414 1642 1619
3337 4 2 1 3 1253 1448 1415 1480
3338 4 2 1 3 1448 1293 1449 1643
3339 4 2 1 3 1415 1449 901 1479
3340 4 2 1 3 1480 1643 1479 1322
3341 4 2 1 3 1448 1415 1480 1643
3342 4 2 1 3 1448 1643 1449 1415
3343 4 2 1 3 1415 1480 1643 1479
3344 4 2 1 3 1415 1479 1643 1449
3345 4 2 1 3 1252 1609 1645 1441
3346 4 2 1 3 1609 1323 1644 1610
3347 4 2 1 3 1645 1644 1275 1646
3348 4 2 1 3 1441 1610 1646 1331
3349 4 2 1 3 1609 1645 1441 1610
3350 4 2 1 3 1609 1610 1644 1645
3351 4 2 1 3 1645 1441 1610 1646
3352 4 2 1 3 1645 1646 1610 1644
3353 4 2 1 3 1252 1607 1647 1609
3354 4 2 1 3 1607 1293 1450 1608
3355 4 2 1 3 1647 1450 1273 1648
3356 4 2 1 3 1609 1608 1648 1323
3357 4 2 1 3 1607 1647 1609 1608
3358 4 2 1 3 1607 1608 1450 1647
3359 4 2 1 3 1647 1609 1608 1648
3360 4 2 1 3 1647 1648 1608 1450
3361 4 2 1 3 905 1649 1651 1652
3362 4 2 1 3 1649 1255 1650 1653
3363 4 2 1 3 1651 1650 1270 1554
3364 4 2 1 3 1652 1653 1554 1301
3365 4 2 1 3 1649 1651 1652 1653
3366 4 2 1 3 1649 1653 1650 1651
3367 4 2 1 3 1651 1652 1653 1554
3368 4 2 1 3 1651 1554 1653 1650
3369 4 2 1 3 907 1654 1655 1656
3370 4 2 1 3 1654 1288 1374 1373
3371 4 2 1 3 1655 1374 1259 1372
3372 4 2 1 3 1656 1373 1372 1300
3373 4 2 1 3 1654 1655 1656 1373
3374 4 2 1 3 1654 1373 1374 1655
3375 4 2 1 3 1655 1656 1373 1372
3376 4 2 1 3 1655 1372 1373 1374
3377 4 2 1 3 1266 1399 1400 1657
3378 4 2 1 3 1399 1275 1398 1659
3379 4 2 1 3 1400 1398 121 1658
3380 4 2 1 3 1657 1659 1658 1346
3381 4 2 1 3 1399 1400 1657 1659
3382 4 2 1 3 1399 1659 1398 1400
3383 4 2 1 3 1400 1657 1659 1658
3384 4 2 1 3 1400 1658 1659 1398
3385 4 2 1 3 140 701 1660 1661
3386 4 2 1 3 701 139 1557 1641
3387 4 2 1 3 1660 1557 1255 1640
3388 4 2 1 3 1661 1641 1640 1280
3389 4 2 1 3 701 1660 1661 1641
3390 4 2 1 3 701 1641 1557 1660
3391 4 2 1 3 1660 1661 1641 1640
3392 4 2 1 3 1660 1640 1641 1557
3393 4 2 1 3 162 1662 442 1664
3394 4 2 1 3 1662 924 1663 1666
3395 4 2 1 3 442 1663 238 1665
3396 4 2 1 3 1664 1666 1665 1271
3397 4 2 1 3 1662 442 1664 1666
3398 4 2 1 3 1662 1666 1663 442
3399 4 2 1 3 442 1664 1666 1665
3400 4 2 1 3 442 1665 1666 1663
3401 4 2 1 3 220 723 728 1667
3402 4 2 1 3 723 142 726 1668
3403 4 2 1 3 728 726 258 1540
3404 4 2 1 3 1667 1668 1540 1256
3405 4 2 1 3 723 728 1667 1668
3406 4 2 1 3 723 1668 726 728
3407 4 2 1 3 728 1667 1668 1540
3408 4 2 1 3 728 1540 1668 726
3409 4 2 1 3 1255 1649 1650 1489
3410 4 2 1 3 1649 905 1651 1669
3411 4 2 1 3 1650 1651 1270 1532
3412 4 2 1 3 1489 1669 1532 1300
3413 4 2 1 3 1649 1650 1489 1669
3414 4 2 1 3 1649 1669 1651 1650
3415 4 2 1 3 1650 1489 1669 1532
3416 4 2 1 3 1650 1532 1669 1651
3417 4 2 1 3 1255 1488 1671 1489
3418 4 2 1 3 1488 1288 1670 1373
3419 4 2 1 3 1671 1670 906 1672
3420 4 2 1 3 1489 1373 1672 1300
3421 4 2 1 3 1488 1671 1489 1373
3422 4 2 1 3 1488 1373 1670 1671
3423 4 2 1 3 1671 1489 1373 1672
3424 4 2 1 3 1671 1672 1373 1670
3425 4 2 1 3 1249 1673 1674 1675
3426 4 2 1 3 1673 1258 1507 1464
3427 4 2 1 3 1674 1507 1299 1508
3428 4 2 1 3 1675 1464 1508 1303
3429 4 2 1 3 1673 1674 1675 1464
3430 4 2 1 3 1673 1464 1507 1674
3431 4 2 1 3 1674 1675 1464 1508
3432 4 2 1 3 1674 1508 1464 1507
3433 4 2 1 3 1263 1365 1366 1676
3434 4 2 1 3 1365 1270 1364 1539
3435 4 2 1 3 1366 1364 877 1560
3436 4 2 1 3 1676 1539 1560 1308
3437 4 2 1 3 1365 1366 1676 1539
3438 4 2 1 3 1365 1539 1364 1366
3439 4 2 1 3 1366 1676 1539 1560
3440 4 2 1 3 1366 1560 1539 1364
3441 4 2 1 3 1266 1437 1461 1677
3442 4 2 1 3 1437 1268 1460 1678
3443 4 2 1 3 1461 1460 1247 1443
3444 4 2 1 3 1677 1678 1443 1331
3445 4 2 1 3 1437 1461 1677 1678
3446 4 2 1 3 1437 1678 1460 1461
3447 4 2 1 3 1461 1677 1678 1443
3448 4 2 1 3 1461 1443 1678 1460
3449 4 2 1 3 1276 1679 1680 1681
3450 4 2 1 3 1679 1324 1629 1632
3451 4 2 1 3 1680 1629 1267 1633
3452 4 2 1 3 1681 1632 1633 1343
3453 4 2 1 3 1679 1680 1681 1632
3454 4 2 1 3 1679 1632 1629 1680
3455 4 2 1 3 1680 1681 1632 1633
3456 4 2 1 3 1680 1633 1632 1629
3457 4 2 1 3 878 1682 1684 1685
3458 4 2 1 3 1682 1263 1683 1368
3459 4 2 1 3 1684 1683 1281 1408
3460 4 2 1 3 1685 1368 1408 1283
3461 4 2 1 3 1682 1684 1685 1368
3462 4 2 1 3 1682 1368 1683 1684
3463 4 2 1 3 1684 1685 1368 1408
3464 4 2 1 3 1684 1408 1368 1683
3465 4 2 1 3 1249 1686 1673 1675
3466 4 2 1 3 1686 1262 1582 1584
3467 4 2 1 3 1673 1582 1258 1464
3468 4 2 1 3 1675 1584 1464 1303
3469 4 2 1 3 1686 1673 1675 1584
3470 4 2 1 3 1686 1584 1582 1673
3471 4 2 1 3 1673 1675 1584 1464
3472 4 2 1 3 1673 1464 1584 1582
3473 4 2 1 3 1264 1453 1452 1687
3474 4 2 1 3 1453 1326 1352 1689
3475 4 2 1 3 1452 1352 1258 1688
3476 4 2 1 3 1687 1689 1688 1329
3477 4 2 1 3 1453 1452 1687 1689
3478 4 2 1 3 1453 1689 1352 1452
3479 4 2 1 3 1452 1687 1689 1688
3480 4 2 1 3 1452 1688 1689 1352
3481 4 2 1 3 138 1588 1559 1690
3482 4 2 1 3 1588 1288 1581 1376
3483 4 2 1 3 1559 1581 1282 1496
3484 4 2 1 3 1690 1376 1496 1304
3485 4 2 1 3 1588 1559 1690 1376
3486 4 2 1 3 1588 1376 1581 1559
3487 4 2 1 3 1559 1690 1376 1496
3488 4 2 1 3 1559 1496 1376 1581
3489 4 2 1 3 1259 1691 1372 1375
3490 4 2 1 3 1691 1250 1491 1493
3491 4 2 1 3 1372 1491 1300 1377
3492 4 2 1 3 1375 1493 1377 1304
3493 4 2 1 3 1691 1372 1375 1493
3494 4 2 1 3 1691 1493 1491 1372
3495 4 2 1 3 1372 1375 1493 1377
3496 4 2 1 3 1372 1377 1493 1491
3497 4 2 1 3 158 1692 1694 1695
3498 4 2 1 3 1692 1280 1693 1486
3499 4 2 1 3 1694 1693 1265 1597
3500 4 2 1 3 1695 1486 1597 1302
3501 4 2 1 3 1692 1694 1695 1486
3502 4 2 1 3 1692 1486 1693 1694
3503 4 2 1 3 1694 1695 1486 1597
3504 4 2 1 3 1694 1597 1486 1693
3505 4 2 1 3 871 1696 1126 1697
3506 4 2 1 3 1696 1286 1354 1357
3507 4 2 1 3 1126 1354 893 1358
3508 4 2 1 3 1697 1357 1358 1319
3509 4 2 1 3 1696 1126 1697 1357
3510 4 2 1 3 1696 1357 1354 1126
3511 4 2 1 3 1126 1697 1357 1358
3512 4 2 1 3 1126 1358 1357 1354
3513 4 2 1 3 1289 1698 1700 1701
3514 4 2 1 3 1698 1313 1699 1702
3515 4 2 1 3 1700 1699 1252 1424
3516 4 2 1 3 1701 1702 1424 1328
3517 4 2 1 3 1698 1700 1701 1702
3518 4 2 1 3 1698 1702 1699 1700
3519 4 2 1 3 1700 1701 1702 1424
3520 4 2 1 3 1700 1424 1702 1699
3521 4 2 1 3 139 694 701 1557
3522 4 2 1 3 694 138 702 1556
3523 4 2 1 3 701 702 140 1660
3524 4 2 1 3 1557 1556 1660 1255
3525 4 2 1 3 694 701 1557 1556
3526 4 2 1 3 694 1556 702 701
3527 4 2 1 3 701 1557 1556 1660
3528 4 2 1 3 701 1660 1556 702
3529 4 2 1 3 936 1703 1229 1705
3530 4 2 1 3 1703 1256 1704 1543
3531 4 2 1 3 1229 1704 911 1706
3532 4 2 1 3 1705 1543 1706 1306
3533 4 2 1 3 1703 1229 1705 1543
3534 4 2 1 3 1703 1543 1704 1229
3535 4 2 1 3 1229 1705 1543 1706
3536 4 2 1 3 1229 1706 1543 1704
3537 4 2 1 3 164 1484 477 1485
3538 4 2 1 3 1484 1280 1707 1486
3539 4 2 1 3 477 1707 165 1708
3540 4 2 1 3 1485 1486 1708 1302
3541 4 2 1 3 1484 477 1485 1486
3542 4 2 1 3 1484 1486 1707 477
3543 4 2 1 3 477 1485 1486 1708
3544 4 2 1 3 477 1708 1486 1707
3545 4 2 1 3 1262 1572 1573 1709
3546 4 2 1 3 1572 1274 1571 1711
3547 4 2 1 3 1573 1571 143 1710
3548 4 2 1 3 1709 1711 1710 1312
3549 4 2 1 3 1572 1573 1709 1711
3550 4 2 1 3 1572 1711 1571 1573
3551 4 2 1 3 1573 1709 1711 1710
3552 4 2 1 3 1573 1710 1711 1571
3553 4 2 1 3 103 527 525 1712
3554 4 2 1 3 527 229 526 1568
3555 4 2 1 3 525 526 106 1523
3556 4 2 1 3 1712 1568 1523 1285
3557 4 2 1 3 527 525 1712 1568
3558 4 2 1 3 527 1568 526 525
3559 4 2 1 3 525 1712 1568 1523
3560 4 2 1 3 525 1523 1568 526
3561 4 2 1 3 872 1393 1125 1396
3562 4 2 1 3 1393 1283 1434 1397
3563 4 2 1 3 1125 1434 873 1360
3564 4 2 1 3 1396 1397 1360 1286
3565 4 2 1 3 1393 1125 1396 1397
3566 4 2 1 3 1393 1397 1434 1125
3567 4 2 1 3 1125 1396 1397 1360
3568 4 2 1 3 1125 1360 1397 1434
3569 4 2 1 3 1258 1582 1673 1713
3570 4 2 1 3 1582 1262 1686 1575
3571 4 2 1 3 1673 1686 1249 1714
3572 4 2 1 3 1713 1575 1714 1287
3573 4 2 1 3 1582 1673 1713 1575
3574 4 2 1 3 1582 1575 1686 1673
3575 4 2 1 3 1673 1713 1575 1714
3576 4 2 1 3 1673 1714 1575 1686
3577 4 2 1 3 1267 1715 1717 1718
3578 4 2 1 3 1715 1293 1716 1720
3579 4 2 1 3 1717 1716 881 1719
3580 4 2 1 3 1718 1720 1719 1313
3581 4 2 1 3 1715 1717 1718 1720
3582 4 2 1 3 1715 1720 1716 1717
3583 4 2 1 3 1717 1718 1720 1719
3584 4 2 1 3 1717 1719 1720 1716
3585 4 2 1 3 1249 1721 1723 1724
3586 4 2 1 3 1721 1276 1722 1725
3587 4 2 1 3 1723 1722 1263 1683
3588 4 2 1 3 1724 1725 1683 1281
3589 4 2 1 3 1721 1723 1724 1725
3590 4 2 1 3 1721 1725 1722 1723
3591 4 2 1 3 1723 1724 1725 1683
3592 4 2 1 3 1723 1683 1725 1722
3593 4 2 1 3 1255 1726 1728 1729
3594 4 2 1 3 1726 1294 1727 1731
3595 4 2 1 3 1728 1727 894 1730
3596 4 2 1 3 1729 1731 1730 1335
3597 4 2 1 3 1726 1728 1729 1731
3598 4 2 1 3 1726 1731 1727 1728
3599 4 2 1 3 1728 1729 1731 1730
3600 4 2 1 3 1728 1730 1731 1727
3601 4 2 1 3 162 1732 1662 1664
3602 4 2 1 3 1732 869 1015 1733
3603 4 2 1 3 1662 1015 924 1666
3604 4 2 1 3 1664 1733 1666 1271
3605 4 2 1 3 1732 1662 1664 1733
3606 4 2 1 3 1732 1733 1015 1662
3607 4 2 1 3 1662 1664 1733 1666
3608 4 2 1 3 1662 1666 1733 1015
3609 4 2 1 3 1249 1721 1734 1675
3610 4 2 1 3 1721 1276 1635 1638
3611 4 2 1 3 1734 1635 1274 1639
3612 4 2 1 3 1675 1638 1639 1303
3613 4 2 1 3 1721 1734 1675 1638
3614 4 2 1 3 1721 1638 1635 1734
3615 4 2 1 3 1734 1675 1638 1639
3616 4 2 1 3 1734 1639 1638 1635
3617 4 2 1 3 1250 1491 1459 1735
3618 4 2 1 3 1491 1300 1469 1474
3619 4 2 1 3 1459 1469 1268 1472
3620 4 2 1 3 1735 1474 1472 1340
3621 4 2 1 3 1491 1459 1735 1474
3622 4 2 1 3 1491 1474 1469 1459
3623 4 2 1 3 1459 1735 1474 1472
3624 4 2 1 3 1459 1472 1474 1469
3625 4 2 1 3 101 1736 506 1737
3626 4 2 1 3 1736 1279 1411 1499
3627 4 2 1 3 506 1411 213 1497
3628 4 2 1 3 1737 1499 1497 1285
3629 4 2 1 3 1736 506 1737 1499
3630 4 2 1 3 1736 1499 1411 506
3631 4 2 1 3 506 1737 1499 1497
3632 4 2 1 3 506 1497 1499 1411
3633 4 2 1 3 1254 1355 1407 1579
3634 4 2 1 3 1355 1286 1397 1598
3635 4 2 1 3 1407 1397 1283 1578
3636 4 2 1 3 1579 1598 1578 1302
3637 4 2 1 3 1355 1407 1579 1598
3638 4 2 1 3 1355 1598 1397 1407
3639 4 2 1 3 1407 1579 1598 1578
3640 4 2 1 3 1407 1578 1598 1397
3641 4 2 1 3 1273 1450 1426 1648
3642 4 2 1 3 1450 1293 1448 1608
3643 4 2 1 3 1426 1448 1253 1382
3644 4 2 1 3 1648 1608 1382 1323
3645 4 2 1 3 1450 1426 1648 1608
3646 4 2 1 3 1450 1608 1448 1426
3647 4 2 1 3 1426 1648 1608 1382
3648 4 2 1 3 1426 1382 1608 1448
3649 4 2 1 3 884 1172 1191 1470
3650 4 2 1 3 1172 904 1192 1476
3651 4 2 1 3 1191 1192 892 1622
3652 4 2 1 3 1470 1476 1622 1300
3653 4 2 1 3 1172 1191 1470 1476
3654 4 2 1 3 1172 1476 1192 1191
3655 4 2 1 3 1191 1470 1476 1622
3656 4 2 1 3 1191 1622 1476 1192
3657 4 2 1 3 213 727 518 1409
3658 4 2 1 3 727 258 726 1540
3659 4 2 1 3 518 726 142 1668
3660 4 2 1 3 1409 1540 1668 1256
3661 4 2 1 3 727 518 1409 1540
3662 4 2 1 3 727 1540 726 518
3663 4 2 1 3 518 1409 1540 1668
3664 4 2 1 3 518 1668 1540 726
3665 4 2 1 3 1263 1683 1722 1738
3666 4 2 1 3 1683 1281 1725 1739
3667 4 2 1 3 1722 1725 1276 1681
3668 4 2 1 3 1738 1739 1681 1343
3669 4 2 1 3 1683 1722 1738 1739
3670 4 2 1 3 1683 1739 1725 1722
3671 4 2 1 3 1722 1738 1739 1681
3672 4 2 1 3 1722 1681 1739 1725
3673 4 2 1 3 1280 1483 1741 1486
3674 4 2 1 3 1483 1292 1740 1487
3675 4 2 1 3 1741 1740 1248 1577
3676 4 2 1 3 1486 1487 1577 1302
3677 4 2 1 3 1483 1741 1486 1487
3678 4 2 1 3 1483 1487 1740 1741
3679 4 2 1 3 1741 1486 1487 1577
3680 4 2 1 3 1741 1577 1487 1740
3681 4 2 1 3 1266 1467 1456 1549
3682 4 2 1 3 1467 1264 1468 1453
3683 4 2 1 3 1456 1468 1309 1742
3684 4 2 1 3 1549 1453 1742 1326
3685 4 2 1 3 1467 1456 1549 1453
3686 4 2 1 3 1467 1453 1468 1456
3687 4 2 1 3 1456 1549 1453 1742
3688 4 2 1 3 1456 1742 1453 1468
3689 4 2 1 3 220 1667 728 1743
3690 4 2 1 3 1667 1256 1540 1543
3691 4 2 1 3 728 1540 258 1541
3692 4 2 1 3 1743 1543 1541 1306
3693 4 2 1 3 1667 728 1743 1543
3694 4 2 1 3 1667 1543 1540 728
3695 4 2 1 3 728 1743 1543 1541
3696 4 2 1 3 728 1541 1543 1540
3697 4 2 1 3 1276 1725 1745 1681
3698 4 2 1 3 1725 1281 1744 1739
3699 4 2 1 3 1745 1744 885 1746
3700 4 2 1 3 1681 1739 1746 1343
3701 4 2 1 3 1725 1745 1681 1739
3702 4 2 1 3 1725 1739 1744 1745
3703 4 2 1 3 1745 1681 1739 1746
3704 4 2 1 3 1745 1746 1739 1744
3705 4 2 1 3 1260 1747 1749 1750
3706 4 2 1 3 1747 1324 1748 1751
3707 4 2 1 3 1749 1748 1313 1702
3708 4 2 1 3 1750 1751 1702 1328
3709 4 2 1 3 1747 1749 1750 1751
3710 4 2 1 3 1747 1751 1748 1749
3711 4 2 1 3 1749 1750 1751 1702
3712 4 2 1 3 1749 1702 1751 1748
3713 4 2 1 3 1260 1749 1752 1750
3714 4 2 1 3 1749 1313 1698 1702
3715 4 2 1 3 1752 1698 1289 1701
3716 4 2 1 3 1750 1702 1701 1328
3717 4 2 1 3 1749 1752 1750 1702
3718 4 2 1 3 1749 1702 1698 1752
3719 4 2 1 3 1752 1750 1702 1701
3720 4 2 1 3 1752 1701 1702 1698
3721 4 2 1 3 1260 1752 1747 1750
3722 4 2 1 3 1752 1289 1753 1701
3723 4 2 1 3 1747 1753 1324 1751
3724 4 2 1 3 1750 1701 1751 1328
3725 4 2 1 3 1752 1747 1750 1701
3726 4 2 1 3 1752 1701 1753 1747
3727 4 2 1 3 1747 1750 1701 1751
3728 4 2 1 3 1747 1751 1701 1753
3729 4 2 1 3 871 1124 1126 1696
3730 4 2 1 3 1124 873 1127 1360
3731 4 2 1 3 1126 1127 893 1354
3732 4 2 1 3 1696 1360 1354 1286
3733 4 2 1 3 1124 1126 1696 1360
3734 4 2 1 3 1124 1360 1127 1126
3735 4 2 1 3 1126 1696 1360 1354
3736 4 2 1 3 1126 1354 1360 1127
3737 4 2 1 3 119 1590 1591 1754
3738 4 2 1 3 1590 1275 1589 1756
3739 4 2 1 3 1591 1589 1269 1755
3740 4 2 1 3 1754 1756 1755 1317
3741 4 2 1 3 1590 1591 1754 1756
3742 4 2 1 3 1590 1756 1589 1591
3743 4 2 1 3 1591 1754 1756 1755
3744 4 2 1 3 1591 1755 1756 1589
3745 4 2 1 3 143 553 1571 1574
3746 4 2 1 3 553 206 1757 1758
3747 4 2 1 3 1571 1757 1274 1576
3748 4 2 1 3 1574 1758 1576 1287
3749 4 2 1 3 553 1571 1574 1758
3750 4 2 1 3 553 1758 1757 1571
3751 4 2 1 3 1571 1574 1758 1576
3752 4 2 1 3 1571 1576 1758 1757
3753 4 2 1 3 138 702 1556 1588
3754 4 2 1 3 702 140 1660 1759
3755 4 2 1 3 1556 1660 1255 1488
3756 4 2 1 3 1588 1759 1488 1288
3757 4 2 1 3 702 1556 1588 1759
3758 4 2 1 3 702 1759 1660 1556
3759 4 2 1 3 1556 1588 1759 1488
3760 4 2 1 3 1556 1488 1759 1660
3761 4 2 1 3 202 1760 595 1761
3762 4 2 1 3 1760 1269 1591 1592
3763 4 2 1 3 595 1591 119 1593
3764 4 2 1 3 1761 1592 1593 1277
3765 4 2 1 3 1760 595 1761 1592
3766 4 2 1 3 1760 1592 1591 595
3767 4 2 1 3 595 1761 1592 1593
3768 4 2 1 3 595 1593 1592 1591
3769 4 2 1 3 1250 1459 1446 1735
3770 4 2 1 3 1459 1268 1439 1472
3771 4 2 1 3 1446 1439 1334 1762
3772 4 2 1 3 1735 1472 1762 1340
3773 4 2 1 3 1459 1446 1735 1472
3774 4 2 1 3 1459 1472 1439 1446
3775 4 2 1 3 1446 1735 1472 1762
3776 4 2 1 3 1446 1762 1472 1439
3777 4 2 1 3 213 1411 507 1412
3778 4 2 1 3 1411 1279 1763 1413
3779 4 2 1 3 507 1763 99 1764
3780 4 2 1 3 1412 1413 1764 1325
3781 4 2 1 3 1411 507 1412 1413
3782 4 2 1 3 1411 1413 1763 507
3783 4 2 1 3 507 1412 1413 1764
3784 4 2 1 3 507 1764 1413 1763
3785 4 2 1 3 907 1090 1654 1656
3786 4 2 1 3 1090 906 1670 1672
3787 4 2 1 3 1654 1670 1288 1373
3788 4 2 1 3 1656 1672 1373 1300
3789 4 2 1 3 1090 1654 1656 1672
3790 4 2 1 3 1090 1672 1670 1654
3791 4 2 1 3 1654 1656 1672 1373
3792 4 2 1 3 1654 1373 1672 1670
3793 4 2 1 3 1251 1765 1634 1637
3794 4 2 1 3 1765 1262 1572 1584
3795 4 2 1 3 1634 1572 1274 1639
3796 4 2 1 3 1637 1584 1639 1303
3797 4 2 1 3 1765 1634 1637 1584
3798 4 2 1 3 1765 1584 1572 1634
3799 4 2 1 3 1634 1637 1584 1639
3800 4 2 1 3 1634 1639 1584 1572
3801 4 2 1 3 200 659 1378 1381
3802 4 2 1 3 659 184 1766 1767
3803 4 2 1 3 1378 1766 1307 1383
3804 4 2 1 3 1381 1767 1383 1323
3805 4 2 1 3 659 1378 1381 1767
3806 4 2 1 3 659 1767 1766 1378
3807 4 2 1 3 1378 1381 1767 1383
3808 4 2 1 3 1378 1383 1767 1766
3809 4 2 1 3 868 1768 1770 1771
3810 4 2 1 3 1768 97 1769 1773
3811 4 2 1 3 1770 1769 1294 1772
3812 4 2 1 3 1771 1773 1772 1336
3813 4 2 1 3 1768 1770 1771 1773
3814 4 2 1 3 1768 1773 1769 1770
3815 4 2 1 3 1770 1771 1773 1772
3816 4 2 1 3 1770 1772 1773 1769
3817 4 2 1 3 1251 1634 1774 1636
3818 4 2 1 3 1634 1274 1519 1635
3819 4 2 1 3 1774 1519 1257 1775
3820 4 2 1 3 1636 1635 1775 1276
3821 4 2 1 3 1634 1774 1636 1635
3822 4 2 1 3 1634 1635 1519 1774
3823 4 2 1 3 1774 1636 1635 1775
3824 4 2 1 3 1774 1775 1635 1519
3825 4 2 1 3 1258 1688 1352 1512
3826 4 2 1 3 1688 1329 1689 1776
3827 4 2 1 3 1352 1689 1326 1536
3828 4 2 1 3 1512 1776 1536 1333
3829 4 2 1 3 1688 1352 1512 1776
3830 4 2 1 3 1688 1776 1689 1352
3831 4 2 1 3 1352 1512 1776 1536
3832 4 2 1 3 1352 1536 1776 1689
3833 4 2 1 3 138 1559 692 1690
3834 4 2 1 3 1559 1282 1777 1496
3835 4 2 1 3 692 1777 137 1778
3836 4 2 1 3 1690 1496 1778 1304
3837 4 2 1 3 1559 692 1690 1496
3838 4 2 1 3 1559 1496 1777 692
3839 4 2 1 3 692 1690 1496 1778
3840 4 2 1 3 692 1778 1496 1777
3841 4 2 1 3 873 1135 1127 1434
3842 4 2 1 3 1135 909 1137 1548
3843 4 2 1 3 1127 1137 893 1406
3844 4 2 1 3 1434 1548 1406 1283
3845 4 2 1 3 1135 1127 1434 1548
3846 4 2 1 3 1135 1548 1137 1127
3847 4 2 1 3 1127 1434 1548 1406
3848 4 2 1 3 1127 1406 1548 1137
3849 4 2 1 3 103 525 520 1712
3850 4 2 1 3 525 106 524 1523
3851 4 2 1 3 520 524 104 1603
3852 4 2 1 3 1712 1523 1603 1285
3853 4 2 1 3 525 520 1712 1523
3854 4 2 1 3 525 1523 524 520
3855 4 2 1 3 520 1712 1523 1603
3856 4 2 1 3 520 1603 1523 524
3857 4 2 1 3 1256 1410 1780 1781
3858 4 2 1 3 1410 1279 1779 1782
3859 4 2 1 3 1780 1779 1254 1405
3860 4 2 1 3 1781 1782 1405 1281
3861 4 2 1 3 1410 1780 1781 1782
3862 4 2 1 3 1410 1782 1779 1780
3863 4 2 1 3 1780 1781 1782 1405
3864 4 2 1 3 1780 1405 1782 1779
3865 4 2 1 3 889 1783 1785 1786
3866 4 2 1 3 1783 1318 1784 1787
3867 4 2 1 3 1785 1784 1276 1679
3868 4 2 1 3 1786 1787 1679 1324
3869 4 2 1 3 1783 1785 1786 1787
3870 4 2 1 3 1783 1787 1784 1785
3871 4 2 1 3 1785 1786 1787 1679
3872 4 2 1 3 1785 1679 1787 1784
3873 4 2 1 3 878 1160 1684 1788
3874 4 2 1 3 1160 885 1744 1746
3875 4 2 1 3 1684 1744 1281 1739
3876 4 2 1 3 1788 1746 1739 1343
3877 4 2 1 3 1160 1684 1788 1746
3878 4 2 1 3 1160 1746 1744 1684
3879 4 2 1 3 1684 1788 1746 1739
3880 4 2 1 3 1684 1739 1746 1744
3881 4 2 1 3 936 1229 1703 1789
3882 4 2 1 3 1229 911 1704 1790
3883 4 2 1 3 1703 1704 1256 1619
3884 4 2 1 3 1789 1790 1619 1284
3885 4 2 1 3 1229 1703 1789 1790
3886 4 2 1 3 1229 1790 1704 1703
3887 4 2 1 3 1703 1789 1790 1619
3888 4 2 1 3 1703 1619 1790 1704
3889 4 2 1 3 1249 1791 1792 1724
3890 4 2 1 3 1791 1279 1410 1782
3891 4 2 1 3 1792 1410 1256 1781
3892 4 2 1 3 1724 1782 1781 1281
3893 4 2 1 3 1791 1792 1724 1782
3894 4 2 1 3 1791 1782 1410 1792
3895 4 2 1 3 1792 1724 1782 1781
3896 4 2 1 3 1792 1781 1782 1410
3897 4 2 1 3 1279 1499 1794 1795
3898 4 2 1 3 1499 1285 1793 1797
3899 4 2 1 3 1794 1793 100 1796
3900 4 2 1 3 1795 1797 1796 1287
3901 4 2 1 3 1499 1794 1795 1797
3902 4 2 1 3 1499 1797 1793 1794
3903 4 2 1 3 1794 1795 1797 1796
3904 4 2 1 3 1794 1796 1797 1793
3905 4 2 1 3 893 1404 1227 1534
3906 4 2 1 3 1404 1281 1798 1612
3907 4 2 1 3 1227 1798 911 1790
3908 4 2 1 3 1534 1612 1790 1284
3909 4 2 1 3 1404 1227 1534 1612
3910 4 2 1 3 1404 1612 1798 1227
3911 4 2 1 3 1227 1534 1612 1790
3912 4 2 1 3 1227 1790 1612 1798
3913 4 2 1 3 917 1232 1799 1800
3914 4 2 1 3 1232 894 1727 1730
3915 4 2 1 3 1799 1727 1294 1731
3916 4 2 1 3 1800 1730 1731 1335
3917 4 2 1 3 1232 1799 1800 1730
3918 4 2 1 3 1232 1730 1727 1799
3919 4 2 1 3 1799 1800 1730 1731
3920 4 2 1 3 1799 1731 1730 1727
3921 4 2 1 3 908 1801 1803 1804
3922 4 2 1 3 1801 1294 1802 1772
3923 4 2 1 3 1803 1802 1265 1805
3924 4 2 1 3 1804 1772 1805 1336
3925 4 2 1 3 1801 1803 1804 1772
3926 4 2 1 3 1801 1772 1802 1803
3927 4 2 1 3 1803 1804 1772 1805
3928 4 2 1 3 1803 1805 1772 1802
3929 4 2 1 3 107 1806 530 1807
3930 4 2 1 3 1806 1274 1520 1627
3931 4 2 1 3 530 1520 106 1625
3932 4 2 1 3 1807 1627 1625 1298
3933 4 2 1 3 1806 530 1807 1627
3934 4 2 1 3 1806 1627 1520 530
3935 4 2 1 3 530 1807 1627 1625
3936 4 2 1 3 530 1625 1627 1520
3937 4 2 1 3 911 1798 1704 1790
3938 4 2 1 3 1798 1281 1781 1612
3939 4 2 1 3 1704 1781 1256 1619
3940 4 2 1 3 1790 1612 1619 1284
3941 4 2 1 3 1798 1704 1790 1612
3942 4 2 1 3 1798 1612 1781 1704
3943 4 2 1 3 1704 1790 1612 1619
3944 4 2 1 3 1704 1619 1612 1781
3945 4 2 1 3 936 1789 1703 1705
3946 4 2 1 3 1789 1284 1619 1621
3947 4 2 1 3 1703 1619 1256 1543
3948 4 2 1 3 1705 1621 1543 1306
3949 4 2 1 3 1789 1703 1705 1621
3950 4 2 1 3 1789 1621 1619 1703
3951 4 2 1 3 1703 1705 1621 1543
3952 4 2 1 3 1703 1543 1621 1619
3953 4 2 1 3 101 505 506 1736
3954 4 2 1 3 505 99 507 1763
3955 4 2 1 3 506 507 213 1411
3956 4 2 1 3 1736 1763 1411 1279
3957 4 2 1 3 505 506 1736 1763
3958 4 2 1 3 505 1763 507 506
3959 4 2 1 3 506 1736 1763 1411
3960 4 2 1 3 506 1411 1763 507
3961 4 2 1 3 1269 1808 1810 1755
3962 4 2 1 3 1808 1289 1809 1812
3963 4 2 1 3 1810 1809 114 1811
3964 4 2 1 3 1755 1812 1811 1317
3965 4 2 1 3 1808 1810 1755 1812
3966 4 2 1 3 1808 1812 1809 1810
3967 4 2 1 3 1810 1755 1812 1811
3968 4 2 1 3 1810 1811 1812 1809
3969 4 2 1 3 154 711 712 1813
3970 4 2 1 3 711 147 707 1815
3971 4 2 1 3 712 707 140 1814
3972 4 2 1 3 1813 1815 1814 1294
3973 4 2 1 3 711 712 1813 1815
3974 4 2 1 3 711 1815 707 712
3975 4 2 1 3 712 1813 1815 1814
3976 4 2 1 3 712 1814 1815 707
3977 4 2 1 3 86 383 441 1816
3978 4 2 1 3 383 238 442 1663
3979 4 2 1 3 441 442 162 1662
3980 4 2 1 3 1816 1663 1662 924
3981 4 2 1 3 383 441 1816 1663
3982 4 2 1 3 383 1663 442 441
3983 4 2 1 3 441 1816 1663 1662
3984 4 2 1 3 441 1662 1663 442
3985 4 2 1 3 135 689 1818 1819
3986 4 2 1 3 689 160 1817 1821
3987 4 2 1 3 1818 1817 1264 1820
3988 4 2 1 3 1819 1821 1820 1282
3989 4 2 1 3 689 1818 1819 1821
3990 4 2 1 3 689 1821 1817 1818
3991 4 2 1 3 1818 1819 1821 1820
3992 4 2 1 3 1818 1820 1821 1817
3993 4 2 1 3 1263 1365 1823 1368
3994 4 2 1 3 1365 1270 1822 1369
3995 4 2 1 3 1823 1822 1248 1528
3996 4 2 1 3 1368 1369 1528 1283
3997 4 2 1 3 1365 1823 1368 1369
3998 4 2 1 3 1365 1369 1822 1823
3999 4 2 1 3 1823 1368 1369 1528
4000 4 2 1 3 1823 1528 1369 1822
4001 4 2 1 3 168 1824 1825 1826
4002 4 2 1 3 1824 1258 1688 1828
4003 4 2 1 3 1825 1688 1329 1827
4004 4 2 1 3 1826 1828 1827 1332
4005 4 2 1 3 1824 1825 1826 1828
4006 4 2 1 3 1824 1828 1688 1825
4007 4 2 1 3 1825 1826 1828 1827
4008 4 2 1 3 1825 1827 1828 1688
4009 4 2 1 3 246 1829 791 1830
4010 4 2 1 3 1829 1280 1484 1483
4011 4 2 1 3 791 1484 164 1482
4012 4 2 1 3 1830 1483 1482 1292
4013 4 2 1 3 1829 791 1830 1483
4014 4 2 1 3 1829 1483 1484 791
4015 4 2 1 3 791 1830 1483 1482
4016 4 2 1 3 791 1482 1483 1484
4017 4 2 1 3 102 1831 1832 1833
4018 4 2 1 3 1831 1285 1524 1797
4019 4 2 1 3 1832 1524 1274 1576
4020 4 2 1 3 1833 1797 1576 1287
4021 4 2 1 3 1831 1832 1833 1797
4022 4 2 1 3 1831 1797 1524 1832
4023 4 2 1 3 1832 1833 1797 1576
4024 4 2 1 3 1832 1576 1797 1524
4025 4 2 1 3 1253 1834 1382 1615
4026 4 2 1 3 1834 1275 1644 1646
4027 4 2 1 3 1382 1644 1323 1610
4028 4 2 1 3 1615 1646 1610 1331
4029 4 2 1 3 1834 1382 1615 1646
4030 4 2 1 3 1834 1646 1644 1382
4031 4 2 1 3 1382 1615 1646 1610
4032 4 2 1 3 1382 1610 1646 1644
4033 4 2 1 3 102 509 1831 1833
4034 4 2 1 3 509 100 1793 1796
4035 4 2 1 3 1831 1793 1285 1797
4036 4 2 1 3 1833 1796 1797 1287
4037 4 2 1 3 509 1831 1833 1796
4038 4 2 1 3 509 1796 1793 1831
4039 4 2 1 3 1831 1833 1796 1797
4040 4 2 1 3 1831 1797 1796 1793
4041 4 2 1 3 1289 1835 1809 1812
4042 4 2 1 3 1835 1305 1836 1837
4043 4 2 1 3 1809 1836 114 1811
4044 4 2 1 3 1812 1837 1811 1317
4045 4 2 1 3 1835 1809 1812 1837
4046 4 2 1 3 1835 1837 1836 1809
4047 4 2 1 3 1809 1812 1837 1811
4048 4 2 1 3 1809 1811 1837 1836
4049 4 2 1 3 1270 1838 1530 1539
4050 4 2 1 3 1838 1296 1436 1839
4051 4 2 1 3 1530 1436 1268 1538
4052 4 2 1 3 1539 1839 1538 1308
4053 4 2 1 3 1838 1530 1539 1839
4054 4 2 1 3 1838 1839 1436 1530
4055 4 2 1 3 1530 1539 1839 1538
4056 4 2 1 3 1530 1538 1839 1436
4057 4 2 1 3 1272 1514 1601 1585
4058 4 2 1 3 1514 1248 1740 1577
4059 4 2 1 3 1601 1740 1292 1487
4060 4 2 1 3 1585 1577 1487 1302
4061 4 2 1 3 1514 1601 1585 1577
4062 4 2 1 3 1514 1577 1740 1601
4063 4 2 1 3 1601 1585 1577 1487
4064 4 2 1 3 1601 1487 1577 1740
4065 4 2 1 3 14 1840 1842 1843
4066 4 2 1 3 1840 1329 1841 1827
4067 4 2 1 3 1842 1841 1292 1844
4068 4 2 1 3 1843 1827 1844 1332
4069 4 2 1 3 1840 1842 1843 1827
4070 4 2 1 3 1840 1827 1841 1842
4071 4 2 1 3 1842 1843 1827 1844
4072 4 2 1 3 1842 1844 1827 1841
4073 4 2 1 3 168 1825 311 1826
4074 4 2 1 3 1825 1329 1840 1827
4075 4 2 1 3 311 1840 14 1843
4076 4 2 1 3 1826 1827 1843 1332
4077 4 2 1 3 1825 311 1826 1827
4078 4 2 1 3 1825 1827 1840 311
4079 4 2 1 3 311 1826 1827 1843
4080 4 2 1 3 311 1843 1827 1840
4081 4 2 1 3 213 1409 518 1497
4082 4 2 1 3 1409 1256 1668 1498
4083 4 2 1 3 518 1668 142 1845
4084 4 2 1 3 1497 1498 1845 1285
4085 4 2 1 3 1409 518 1497 1498
4086 4 2 1 3 1409 1498 1668 518
4087 4 2 1 3 518 1497 1498 1845
4088 4 2 1 3 518 1845 1498 1668
4089 4 2 1 3 944 1115 1116 1846
4090 4 2 1 3 1115 868 1112 1771
4091 4 2 1 3 1116 1112 908 1804
4092 4 2 1 3 1846 1771 1804 1336
4093 4 2 1 3 1115 1116 1846 1771
4094 4 2 1 3 1115 1771 1112 1116
4095 4 2 1 3 1116 1846 1771 1804
4096 4 2 1 3 1116 1804 1771 1112
4097 4 2 1 3 878 1684 1682 1788
4098 4 2 1 3 1684 1281 1683 1739
4099 4 2 1 3 1682 1683 1263 1738
4100 4 2 1 3 1788 1739 1738 1343
4101 4 2 1 3 1684 1682 1788 1739
4102 4 2 1 3 1684 1739 1683 1682
4103 4 2 1 3 1682 1788 1739 1738
4104 4 2 1 3 1682 1738 1739 1683
4105 4 2 1 3 145 1847 1849 1850
4106 4 2 1 3 1847 1297 1848 1852
4107 4 2 1 3 1849 1848 1257 1851
4108 4 2 1 3 1850 1852 1851 1330
4109 4 2 1 3 1847 1849 1850 1852
4110 4 2 1 3 1847 1852 1848 1849
4111 4 2 1 3 1849 1850 1852 1851
4112 4 2 1 3 1849 1851 1852 1848
4113 4 2 1 3 868 1770 1112 1771
4114 4 2 1 3 1770 1294 1801 1772
4115 4 2 1 3 1112 1801 908 1804
4116 4 2 1 3 1771 1772 1804 1336
4117 4 2 1 3 1770 1112 1771 1772
4118 4 2 1 3 1770 1772 1801 1112
4119 4 2 1 3 1112 1771 1772 1804
4120 4 2 1 3 1112 1804 1772 1801
4121 4 2 1 3 1272 1501 1513 1504
4122 4 2 1 3 1501 1279 1779 1505
4123 4 2 1 3 1513 1779 1254 1853
4124 4 2 1 3 1504 1505 1853 1341
4125 4 2 1 3 1501 1513 1504 1505
4126 4 2 1 3 1501 1505 1779 1513
4127 4 2 1 3 1513 1504 1505 1853
4128 4 2 1 3 1513 1853 1505 1779
4129 4 2 1 3 1259 1374 1855 1375
4130 4 2 1 3 1374 1288 1854 1376
4131 4 2 1 3 1855 1854 236 1856
4132 4 2 1 3 1375 1376 1856 1304
4133 4 2 1 3 1374 1855 1375 1376
4134 4 2 1 3 1374 1376 1854 1855
4135 4 2 1 3 1855 1375 1376 1856
4136 4 2 1 3 1855 1856 1376 1854
4137 4 2 1 3 1248 1857 1740 1859
4138 4 2 1 3 1857 1258 1858 1348
4139 4 2 1 3 1740 1858 1292 1860
4140 4 2 1 3 1859 1348 1860 1296
4141 4 2 1 3 1857 1740 1859 1348
4142 4 2 1 3 1857 1348 1858 1740
4143 4 2 1 3 1740 1859 1348 1860
4144 4 2 1 3 1740 1860 1348 1858
4145 4 2 1 3 1257 1519 1861 1775
4146 4 2 1 3 1519 1274 1734 1635
4147 4 2 1 3 1861 1734 1249 1721
4148 4 2 1 3 1775 1635 1721 1276
4149 4 2 1 3 1519 1861 1775 1635
4150 4 2 1 3 1519 1635 1734 1861
4151 4 2 1 3 1861 1775 1635 1721
4152 4 2 1 3 1861 1721 1635 1734
4153 4 2 1 3 142 1845 1668 1862
4154 4 2 1 3 1845 1285 1498 1606
4155 4 2 1 3 1668 1498 1256 1863
4156 4 2 1 3 1862 1606 1863 1295
4157 4 2 1 3 1845 1668 1862 1606
4158 4 2 1 3 1845 1606 1498 1668
4159 4 2 1 3 1668 1862 1606 1863
4160 4 2 1 3 1668 1863 1606 1498
4161 4 2 1 3 205 630 1864 1865
4162 4 2 1 3 630 130 1477 1618
4163 4 2 1 3 1864 1477 1266 1549
4164 4 2 1 3 1865 1618 1549 1326
4165 4 2 1 3 630 1864 1865 1618
4166 4 2 1 3 630 1618 1477 1864
4167 4 2 1 3 1864 1865 1618 1549
4168 4 2 1 3 1864 1549 1618 1477
4169 4 2 1 3 1263 1462 1365 1676
4170 4 2 1 3 1462 1296 1838 1839
4171 4 2 1 3 1365 1838 1270 1539
4172 4 2 1 3 1676 1839 1539 1308
4173 4 2 1 3 1462 1365 1676 1839
4174 4 2 1 3 1462 1839 1838 1365
4175 4 2 1 3 1365 1676 1839 1539
4176 4 2 1 3 1365 1539 1839 1838
4177 4 2 1 3 145 1849 541 1850
4178 4 2 1 3 1849 1257 1866 1851
4179 4 2 1 3 541 1866 156 1867
4180 4 2 1 3 1850 1851 1867 1330
4181 4 2 1 3 1849 541 1850 1851
4182 4 2 1 3 1849 1851 1866 541
4183 4 2 1 3 541 1850 1851 1867
4184 4 2 1 3 541 1867 1851 1866
4185 4 2 1 3 874 1129 1130 1616
4186 4 2 1 3 1129 873 1125 1434
4187 4 2 1 3 1130 1125 872 1393
4188 4 2 1 3 1616 1434 1393 1283
4189 4 2 1 3 1129 1130 1616 1434
4190 4 2 1 3 1129 1434 1125 1130
4191 4 2 1 3 1130 1616 1434 1393
4192 4 2 1 3 1130 1393 1434 1125
4193 4 2 1 3 1247 1431 1583 1361
4194 4 2 1 3 1431 1269 1868 1592
4195 4 2 1 3 1583 1868 1262 1869
4196 4 2 1 3 1361 1592 1869 1277
4197 4 2 1 3 1431 1583 1361 1592
4198 4 2 1 3 1431 1592 1868 1583
4199 4 2 1 3 1583 1361 1592 1869
4200 4 2 1 3 1583 1869 1592 1868
4201 4 2 1 3 1248 1599 1528 1870
4202 4 2 1 3 1599 1265 1392 1429
4203 4 2 1 3 1528 1392 1283 1430
4204 4 2 1 3 1870 1429 1430 1301
4205 4 2 1 3 1599 1528 1870 1429
4206 4 2 1 3 1599 1429 1392 1528
4207 4 2 1 3 1528 1870 1429 1430
4208 4 2 1 3 1528 1430 1429 1392
4209 4 2 1 3 887 1871 1175 1872
4210 4 2 1 3 1871 1267 1717 1718
4211 4 2 1 3 1175 1717 881 1719
4212 4 2 1 3 1872 1718 1719 1313
4213 4 2 1 3 1871 1175 1872 1718
4214 4 2 1 3 1871 1718 1717 1175
4215 4 2 1 3 1175 1872 1718 1719
4216 4 2 1 3 1175 1719 1718 1717
4217 4 2 1 3 1292 1841 1858 1844
4218 4 2 1 3 1841 1329 1688 1827
4219 4 2 1 3 1858 1688 1258 1828
4220 4 2 1 3 1844 1827 1828 1332
4221 4 2 1 3 1841 1858 1844 1827
4222 4 2 1 3 1841 1827 1688 1858
4223 4 2 1 3 1858 1844 1827 1828
4224 4 2 1 3 1858 1828 1827 1688
4225 4 2 1 3 130 618 619 1477
4226 4 2 1 3 618 121 616 1400
4227 4 2 1 3 619 616 123 1873
4228 4 2 1 3 1477 1400 1873 1266
4229 4 2 1 3 618 619 1477 1400
4230 4 2 1 3 618 1400 616 619
4231 4 2 1 3 619 1477 1400 1873
4232 4 2 1 3 619 1873 1400 616
4233 4 2 1 3 106 542 540 1521
4234 4 2 1 3 542 156 541 1866
4235 4 2 1 3 540 541 145 1849
4236 4 2 1 3 1521 1866 1849 1257
4237 4 2 1 3 542 540 1521 1866
4238 4 2 1 3 542 1866 541 540
4239 4 2 1 3 540 1521 1866 1849
4240 4 2 1 3 540 1849 1866 541
4241 4 2 1 3 107 529 530 1806
4242 4 2 1 3 529 104 524 1602
4243 4 2 1 3 530 524 106 1520
4244 4 2 1 3 1806 1602 1520 1274
4245 4 2 1 3 529 530 1806 1602
4246 4 2 1 3 529 1602 524 530
4247 4 2 1 3 530 1806 1602 1520
4248 4 2 1 3 530 1520 1602 524
4249 4 2 1 3 1257 1775 1875 1876
4250 4 2 1 3 1775 1276 1874 1784
4251 4 2 1 3 1875 1874 888 1877
4252 4 2 1 3 1876 1784 1877 1318
4253 4 2 1 3 1775 1875 1876 1784
4254 4 2 1 3 1775 1784 1874 1875
4255 4 2 1 3 1875 1876 1784 1877
4256 4 2 1 3 1875 1877 1784 1874
4257 4 2 1 3 912 1878 1879 1880
4258 4 2 1 3 1878 1257 1848 1851
4259 4 2 1 3 1879 1848 1297 1852
4260 4 2 1 3 1880 1851 1852 1330
4261 4 2 1 3 1878 1879 1880 1851
4262 4 2 1 3 1878 1851 1848 1879
4263 4 2 1 3 1879 1880 1851 1852
4264 4 2 1 3 1879 1852 1851 1848
4265 4 2 1 3 1252 1420 1607 1441
4266 4 2 1 3 1420 1267 1715 1442
4267 4 2 1 3 1607 1715 1293 1611
4268 4 2 1 3 1441 1442 1611 1331
4269 4 2 1 3 1420 1607 1441 1442
4270 4 2 1 3 1420 1442 1715 1607
4271 4 2 1 3 1607 1441 1442 1611
4272 4 2 1 3 1607 1611 1442 1715
4273 4 2 1 3 1266 1402 1399 1677
4274 4 2 1 3 1402 1277 1403 1881
4275 4 2 1 3 1399 1403 1275 1646
4276 4 2 1 3 1677 1881 1646 1331
4277 4 2 1 3 1402 1399 1677 1881
4278 4 2 1 3 1402 1881 1403 1399
4279 4 2 1 3 1399 1677 1881 1646
4280 4 2 1 3 1399 1646 1881 1403
4281 4 2 1 3 142 1668 723 1862
4282 4 2 1 3 1668 1256 1667 1863
4283 4 2 1 3 723 1667 220 1882
4284 4 2 1 3 1862 1863 1882 1295
4285 4 2 1 3 1668 723 1862 1863
4286 4 2 1 3 1668 1863 1667 723
4287 4 2 1 3 723 1862 1863 1882
4288 4 2 1 3 723 1882 1863 1667
4289 4 2 1 3 1264 1883 1452 1451
4290 4 2 1 3 1883 1292 1858 1860
4291 4 2 1 3 1452 1858 1258 1348
4292 4 2 1 3 1451 1860 1348 1296
4293 4 2 1 3 1883 1452 1451 1860
4294 4 2 1 3 1883 1860 1858 1452
4295 4 2 1 3 1452 1451 1860 1348
4296 4 2 1 3 1452 1348 1860 1858
4297 4 2 1 3 145 540 1849 1884
4298 4 2 1 3 540 106 1521 1625
4299 4 2 1 3 1849 1521 1257 1626
4300 4 2 1 3 1884 1625 1626 1298
4301 4 2 1 3 540 1849 1884 1625
4302 4 2 1 3 540 1625 1521 1849
4303 4 2 1 3 1849 1884 1625 1626
4304 4 2 1 3 1849 1626 1625 1521
4305 4 2 1 3 1279 1413 1779 1505
4306 4 2 1 3 1413 1325 1885 1570
4307 4 2 1 3 1779 1885 1254 1853
4308 4 2 1 3 1505 1570 1853 1341
4309 4 2 1 3 1413 1779 1505 1570
4310 4 2 1 3 1413 1570 1885 1779
4311 4 2 1 3 1779 1505 1570 1853
4312 4 2 1 3 1779 1853 1570 1885
4313 4 2 1 3 1263 1722 1723 1465
4314 4 2 1 3 1722 1276 1721 1638
4315 4 2 1 3 1723 1721 1249 1675
4316 4 2 1 3 1465 1638 1675 1303
4317 4 2 1 3 1722 1723 1465 1638
4318 4 2 1 3 1722 1638 1721 1723
4319 4 2 1 3 1723 1465 1638 1675
4320 4 2 1 3 1723 1675 1638 1721
4321 4 2 1 3 102 512 509 1833
4322 4 2 1 3 512 155 511 1886
4323 4 2 1 3 509 511 100 1796
4324 4 2 1 3 1833 1886 1796 1287
4325 4 2 1 3 512 509 1833 1886
4326 4 2 1 3 512 1886 511 509
4327 4 2 1 3 509 1833 1886 1796
4328 4 2 1 3 509 1796 1886 511
4329 4 2 1 3 4 1887 1889 1890
4330 4 2 1 3 1887 1286 1888 1357
4331 4 2 1 3 1889 1888 870 1891
4332 4 2 1 3 1890 1357 1891 1319
4333 4 2 1 3 1887 1889 1890 1357
4334 4 2 1 3 1887 1357 1888 1889
4335 4 2 1 3 1889 1890 1357 1891
4336 4 2 1 3 1889 1891 1357 1888
4337 4 2 1 3 905 1151 1649 1652
4338 4 2 1 3 1151 894 1728 1892
4339 4 2 1 3 1649 1728 1255 1653
4340 4 2 1 3 1652 1892 1653 1301
4341 4 2 1 3 1151 1649 1652 1892
4342 4 2 1 3 1151 1892 1728 1649
4343 4 2 1 3 1649 1652 1892 1653
4344 4 2 1 3 1649 1653 1892 1728
4345 4 2 1 3 250 265 1893 1894
4346 4 2 1 3 265 4 1889 1890
4347 4 2 1 3 1893 1889 870 1891
4348 4 2 1 3 1894 1890 1891 1319
4349 4 2 1 3 265 1893 1894 1890
4350 4 2 1 3 265 1890 1889 1893
4351 4 2 1 3 1893 1894 1890 1891
4352 4 2 1 3 1893 1891 1890 1889
4353 4 2 1 3 888 1874 1875 1895
4354 4 2 1 3 1874 1276 1775 1897
4355 4 2 1 3 1875 1775 1257 1896
4356 4 2 1 3 1895 1897 1896 1315
4357 4 2 1 3 1874 1875 1895 1897
4358 4 2 1 3 1874 1897 1775 1875
4359 4 2 1 3 1875 1895 1897 1896
4360 4 2 1 3 1875 1896 1897 1775
4361 4 2 1 3 240 1898 1899 1900
4362 4 2 1 3 1898 1260 1752 1902
4363 4 2 1 3 1899 1752 1289 1901
4364 4 2 1 3 1900 1902 1901 1311
4365 4 2 1 3 1898 1899 1900 1902
4366 4 2 1 3 1898 1902 1752 1899
4367 4 2 1 3 1899 1900 1902 1901
4368 4 2 1 3 1899 1901 1902 1752
4369 4 2 1 3 119 1591 593 1754
4370 4 2 1 3 1591 1269 1903 1755
4371 4 2 1 3 593 1903 116 1904
4372 4 2 1 3 1754 1755 1904 1317
4373 4 2 1 3 1591 593 1754 1755
4374 4 2 1 3 1591 1755 1903 593
4375 4 2 1 3 593 1754 1755 1904
4376 4 2 1 3 593 1904 1755 1903
4377 4 2 1 3 156 1866 543 1867
4378 4 2 1 3 1866 1257 1567 1851
4379 4 2 1 3 543 1567 229 1905
4380 4 2 1 3 1867 1851 1905 1330
4381 4 2 1 3 1866 543 1867 1851
4382 4 2 1 3 1866 1851 1567 543
4383 4 2 1 3 543 1867 1851 1905
4384 4 2 1 3 543 1905 1851 1567
4385 4 2 1 3 156 542 543 1866
4386 4 2 1 3 542 106 526 1521
4387 4 2 1 3 543 526 229 1567
4388 4 2 1 3 1866 1521 1567 1257
4389 4 2 1 3 542 543 1866 1521
4390 4 2 1 3 542 1521 526 543
4391 4 2 1 3 543 1866 1521 1567
4392 4 2 1 3 543 1567 1521 526
4393 4 2 1 3 10 290 297 1906
4394 4 2 1 3 290 90 300 1907
4395 4 2 1 3 297 300 89 1546
4396 4 2 1 3 1906 1907 1546 1341
4397 4 2 1 3 290 297 1906 1907
4398 4 2 1 3 290 1907 300 297
4399 4 2 1 3 297 1906 1907 1546
4400 4 2 1 3 297 1546 1907 300
4401 4 2 1 3 148 710 1908 1909
4402 4 2 1 3 710 210 1563 1564
4403 4 2 1 3 1908 1563 1280 1483
4404 4 2 1 3 1909 1564 1483 1292
4405 4 2 1 3 710 1908 1909 1564
4406 4 2 1 3 710 1564 1563 1908
4407 4 2 1 3 1908 1909 1564 1483
4408 4 2 1 3 1908 1483 1564 1563
4409 4 2 1 3 907 1655 1654 1910
4410 4 2 1 3 1655 1259 1374 1912
4411 4 2 1 3 1654 1374 1288 1911
4412 4 2 1 3 1910 1912 1911 1345
4413 4 2 1 3 1655 1654 1910 1912
4414 4 2 1 3 1655 1912 1374 1654
4415 4 2 1 3 1654 1910 1912 1911
4416 4 2 1 3 1654 1911 1912 1374
4417 4 2 1 3 102 1832 521 1833
4418 4 2 1 3 1832 1274 1757 1576
4419 4 2 1 3 521 1757 206 1758
4420 4 2 1 3 1833 1576 1758 1287
4421 4 2 1 3 1832 521 1833 1576
4422 4 2 1 3 1832 1576 1757 521
4423 4 2 1 3 521 1833 1576 1758
4424 4 2 1 3 521 1758 1576 1757
4425 4 2 1 3 10 1913 298 1914
4426 4 2 1 3 1913 1272 1600 1585
4427 4 2 1 3 298 1600 164 1485
4428 4 2 1 3 1914 1585 1485 1302
4429 4 2 1 3 1913 298 1914 1585
4430 4 2 1 3 1913 1585 1600 298
4431 4 2 1 3 298 1914 1585 1485
4432 4 2 1 3 298 1485 1585 1600
4433 4 2 1 3 924 1662 1816 1015
4434 4 2 1 3 1662 162 441 1732
4435 4 2 1 3 1816 441 86 1915
4436 4 2 1 3 1015 1732 1915 869
4437 4 2 1 3 1662 1816 1015 1732
4438 4 2 1 3 1662 1732 441 1816
4439 4 2 1 3 1816 1015 1732 1915
4440 4 2 1 3 1816 1915 1732 441
4441 4 2 1 3 236 1854 698 1856
4442 4 2 1 3 1854 1288 1916 1376
4443 4 2 1 3 698 1916 144 1917
4444 4 2 1 3 1856 1376 1917 1304
4445 4 2 1 3 1854 698 1856 1376
4446 4 2 1 3 1854 1376 1916 698
4447 4 2 1 3 698 1856 1376 1917
4448 4 2 1 3 698 1917 1376 1916
4449 4 2 1 3 1252 1645 1432 1441
4450 4 2 1 3 1645 1275 1589 1646
4451 4 2 1 3 1432 1589 1269 1447
4452 4 2 1 3 1441 1646 1447 1331
4453 4 2 1 3 1645 1432 1441 1646
4454 4 2 1 3 1645 1646 1589 1432
4455 4 2 1 3 1432 1441 1646 1447
4456 4 2 1 3 1432 1447 1646 1589
4457 4 2 1 3 895 1918 1919 1920
4458 4 2 1 3 1918 1295 1863 1922
4459 4 2 1 3 1919 1863 1256 1921
4460 4 2 1 3 1920 1922 1921 1315
4461 4 2 1 3 1918 1919 1920 1922
4462 4 2 1 3 1918 1922 1863 1919
4463 4 2 1 3 1919 1920 1922 1921
4464 4 2 1 3 1919 1921 1922 1863
4465 4 2 1 3 1266 1461 1402 1677
4466 4 2 1 3 1461 1247 1361 1443
4467 4 2 1 3 1402 1361 1277 1881
4468 4 2 1 3 1677 1443 1881 1331
4469 4 2 1 3 1461 1402 1677 1443
4470 4 2 1 3 1461 1443 1361 1402
4471 4 2 1 3 1402 1677 1443 1881
4472 4 2 1 3 1402 1881 1443 1361
4473 4 2 1 3 1257 1604 1567 1851
4474 4 2 1 3 1604 1295 1605 1923
4475 4 2 1 3 1567 1605 229 1905
4476 4 2 1 3 1851 1923 1905 1330
4477 4 2 1 3 1604 1567 1851 1923
4478 4 2 1 3 1604 1923 1605 1567
4479 4 2 1 3 1567 1851 1923 1905
4480 4 2 1 3 1567 1905 1923 1605
4481 4 2 1 3 905 1649 1230 1669
4482 4 2 1 3 1649 1255 1671 1489
4483 4 2 1 3 1230 1671 906 1672
4484 4 2 1 3 1669 1489 1672 1300
4485 4 2 1 3 1649 1230 1669 1489
4486 4 2 1 3 1649 1489 1671 1230
4487 4 2 1 3 1230 1669 1489 1672
4488 4 2 1 3 1230 1672 1489 1671
4489 4 2 1 3 142 528 1845 1862
4490 4 2 1 3 528 229 1568 1605
4491 4 2 1 3 1845 1568 1285 1606
4492 4 2 1 3 1862 1605 1606 1295
4493 4 2 1 3 528 1845 1862 1605
4494 4 2 1 3 528 1605 1568 1845
4495 4 2 1 3 1845 1862 1605 1606
4496 4 2 1 3 1845 1606 1605 1568
4497 4 2 1 3 164 1600 299 1482
4498 4 2 1 3 1600 1272 1924 1601
4499 4 2 1 3 299 1924 12 1925
4500 4 2 1 3 1482 1601 1925 1292
4501 4 2 1 3 1600 299 1482 1601
4502 4 2 1 3 1600 1601 1924 299
4503 4 2 1 3 299 1482 1601 1925
4504 4 2 1 3 299 1925 1601 1924
4505 4 2 1 3 220 1882 1667 1743
4506 4 2 1 3 1882 1295 1863 1926
4507 4 2 1 3 1667 1863 1256 1543
4508 4 2 1 3 1743 1926 1543 1306
4509 4 2 1 3 1882 1667 1743 1926
4510 4 2 1 3 1882 1926 1863 1667
4511 4 2 1 3 1667 1743 1926 1543
4512 4 2 1 3 1667 1543 1926 1863
4513 4 2 1 3 1248 1740 1927 1859
4514 4 2 1 3 1740 1292 1883 1860
4515 4 2 1 3 1927 1883 1264 1451
4516 4 2 1 3 1859 1860 1451 1296
4517 4 2 1 3 1740 1927 1859 1860
4518 4 2 1 3 1740 1860 1883 1927
4519 4 2 1 3 1927 1859 1860 1451
4520 4 2 1 3 1927 1451 1860 1883
4521 4 2 1 3 908 1803 1801 1928
4522 4 2 1 3 1803 1265 1802 1429
4523 4 2 1 3 1801 1802 1294 1929
4524 4 2 1 3 1928 1429 1929 1301
4525 4 2 1 3 1803 1801 1928 1429
4526 4 2 1 3 1803 1429 1802 1801
4527 4 2 1 3 1801 1928 1429 1929
4528 4 2 1 3 1801 1929 1429 1802
4529 4 2 1 3 10 297 1913 1906
4530 4 2 1 3 297 89 1545 1546
4531 4 2 1 3 1913 1545 1272 1504
4532 4 2 1 3 1906 1546 1504 1341
4533 4 2 1 3 297 1913 1906 1546
4534 4 2 1 3 297 1546 1545 1913
4535 4 2 1 3 1913 1906 1546 1504
4536 4 2 1 3 1913 1504 1546 1545
4537 4 2 1 3 135 1819 1818 1930
4538 4 2 1 3 1819 1282 1820 1931
4539 4 2 1 3 1818 1820 1264 1468
4540 4 2 1 3 1930 1931 1468 1309
4541 4 2 1 3 1819 1818 1930 1931
4542 4 2 1 3 1819 1931 1820 1818
4543 4 2 1 3 1818 1930 1931 1468
4544 4 2 1 3 1818 1468 1931 1820
4545 4 2 1 3 143 1573 731 1574
4546 4 2 1 3 1573 1262 1932 1575
4547 4 2 1 3 731 1932 239 1933
4548 4 2 1 3 1574 1575 1933 1287
4549 4 2 1 3 1573 731 1574 1575
4550 4 2 1 3 1573 1575 1932 731
4551 4 2 1 3 731 1574 1575 1933
4552 4 2 1 3 731 1933 1575 1932
4553 4 2 1 3 872 1394 1132 1428
4554 4 2 1 3 1394 1265 1803 1429
4555 4 2 1 3 1132 1803 908 1928
4556 4 2 1 3 1428 1429 1928 1301
4557 4 2 1 3 1394 1132 1428 1429
4558 4 2 1 3 1394 1429 1803 1132
4559 4 2 1 3 1132 1428 1429 1928
4560 4 2 1 3 1132 1928 1429 1803
4561 4 2 1 3 121 616 1400 1658
4562 4 2 1 3 616 123 1873 1934
4563 4 2 1 3 1400 1873 1266 1657
4564 4 2 1 3 1658 1934 1657 1346
4565 4 2 1 3 616 1400 1658 1934
4566 4 2 1 3 616 1934 1873 1400
4567 4 2 1 3 1400 1658 1934 1657
4568 4 2 1 3 1400 1657 1934 1873
4569 4 2 1 3 878 1684 1147 1685
4570 4 2 1 3 1684 1281 1547 1408
4571 4 2 1 3 1147 1547 909 1548
4572 4 2 1 3 1685 1408 1548 1283
4573 4 2 1 3 1684 1147 1685 1408
4574 4 2 1 3 1684 1408 1547 1147
4575 4 2 1 3 1147 1685 1408 1548
4576 4 2 1 3 1147 1548 1408 1547
4577 4 2 1 3 177 578 1935 1936
4578 4 2 1 3 578 240 1898 1899
4579 4 2 1 3 1935 1898 1260 1752
4580 4 2 1 3 1936 1899 1752 1289
4581 4 2 1 3 578 1935 1936 1899
4582 4 2 1 3 578 1899 1898 1935
4583 4 2 1 3 1935 1936 1899 1752
4584 4 2 1 3 1935 1752 1899 1898
4585 4 2 1 3 170 1937 1939 1940
4586 4 2 1 3 1937 863 1938 1941
4587 4 2 1 3 1939 1938 1295 1926
4588 4 2 1 3 1940 1941 1926 1306
4589 4 2 1 3 1937 1939 1940 1941
4590 4 2 1 3 1937 1941 1938 1939
4591 4 2 1 3 1939 1940 1941 1926
4592 4 2 1 3 1939 1926 1941 1938
4593 4 2 1 3 882 1942 1161 1943
4594 4 2 1 3 1942 1276 1745 1681
4595 4 2 1 3 1161 1745 885 1746
4596 4 2 1 3 1943 1681 1746 1343
4597 4 2 1 3 1942 1161 1943 1681
4598 4 2 1 3 1942 1681 1745 1161
4599 4 2 1 3 1161 1943 1681 1746
4600 4 2 1 3 1161 1746 1681 1745
4601 4 2 1 3 888 1875 1211 1895
4602 4 2 1 3 1875 1257 1878 1896
4603 4 2 1 3 1211 1878 912 1944
4604 4 2 1 3 1895 1896 1944 1315
4605 4 2 1 3 1875 1211 1895 1896
4606 4 2 1 3 1875 1896 1878 1211
4607 4 2 1 3 1211 1895 1896 1944
4608 4 2 1 3 1211 1944 1896 1878
4609 4 2 1 3 140 707 701 1661
4610 4 2 1 3 707 147 706 1945
4611 4 2 1 3 701 706 139 1641
4612 4 2 1 3 1661 1945 1641 1280
4613 4 2 1 3 707 701 1661 1945
4614 4 2 1 3 707 1945 706 701
4615 4 2 1 3 701 1661 1945 1641
4616 4 2 1 3 701 1641 1945 706
4617 4 2 1 3 1322 1946 1595 1596
4618 4 2 1 3 1946 1334 1439 1762
4619 4 2 1 3 1595 1439 1268 1472
4620 4 2 1 3 1596 1762 1472 1340
4621 4 2 1 3 1946 1595 1596 1762
4622 4 2 1 3 1946 1762 1439 1595
4623 4 2 1 3 1595 1596 1762 1472
4624 4 2 1 3 1595 1472 1762 1439
4625 4 2 1 3 1276 1638 1722 1681
4626 4 2 1 3 1638 1303 1465 1947
4627 4 2 1 3 1722 1465 1263 1738
4628 4 2 1 3 1681 1947 1738 1343
4629 4 2 1 3 1638 1722 1681 1947
4630 4 2 1 3 1638 1947 1465 1722
4631 4 2 1 3 1722 1681 1947 1738
4632 4 2 1 3 1722 1738 1947 1465
4633 4 2 1 3 225 1948 1950 1951
4634 4 2 1 3 1948 1261 1949 1953
4635 4 2 1 3 1950 1949 1314 1952
4636 4 2 1 3 1951 1953 1952 1339
4637 4 2 1 3 1948 1950 1951 1953
4638 4 2 1 3 1948 1953 1949 1950
4639 4 2 1 3 1950 1951 1953 1952
4640 4 2 1 3 1950 1952 1953 1949
4641 4 2 1 3 258 815 812 1541
4642 4 2 1 3 815 261 814 1542
4643 4 2 1 3 812 814 179 1954
4644 4 2 1 3 1541 1542 1954 1306
4645 4 2 1 3 815 812 1541 1542
4646 4 2 1 3 815 1542 814 812
4647 4 2 1 3 812 1541 1542 1954
4648 4 2 1 3 812 1954 1542 814
4649 4 2 1 3 936 1229 1050 1705
4650 4 2 1 3 1229 911 1233 1706
4651 4 2 1 3 1050 1233 914 1955
4652 4 2 1 3 1705 1706 1955 1306
4653 4 2 1 3 1229 1050 1705 1706
4654 4 2 1 3 1229 1706 1233 1050
4655 4 2 1 3 1050 1705 1706 1955
4656 4 2 1 3 1050 1955 1706 1233
4657 4 2 1 3 1250 1956 1459 1491
4658 4 2 1 3 1956 1270 1530 1532
4659 4 2 1 3 1459 1530 1268 1469
4660 4 2 1 3 1491 1532 1469 1300
4661 4 2 1 3 1956 1459 1491 1532
4662 4 2 1 3 1956 1532 1530 1459
4663 4 2 1 3 1459 1491 1532 1469
4664 4 2 1 3 1459 1469 1532 1530
4665 4 2 1 3 143 1573 1710 1957
4666 4 2 1 3 1573 1262 1709 1959
4667 4 2 1 3 1710 1709 1312 1958
4668 4 2 1 3 1957 1959 1958 1342
4669 4 2 1 3 1573 1710 1957 1959
4670 4 2 1 3 1573 1959 1709 1710
4671 4 2 1 3 1710 1957 1959 1958
4672 4 2 1 3 1710 1958 1959 1709
4673 4 2 1 3 177 1936 1935 1960
4674 4 2 1 3 1936 1289 1752 1835
4675 4 2 1 3 1935 1752 1260 1961
4676 4 2 1 3 1960 1835 1961 1305
4677 4 2 1 3 1936 1935 1960 1835
4678 4 2 1 3 1936 1835 1752 1935
4679 4 2 1 3 1935 1960 1835 1961
4680 4 2 1 3 1935 1961 1835 1752
4681 4 2 1 3 149 758 1962 1963
4682 4 2 1 3 758 225 1948 1950
4683 4 2 1 3 1962 1948 1261 1949
4684 4 2 1 3 1963 1950 1949 1314
4685 4 2 1 3 758 1962 1963 1950
4686 4 2 1 3 758 1950 1948 1962
4687 4 2 1 3 1962 1963 1950 1949
4688 4 2 1 3 1962 1949 1950 1948
4689 4 2 1 3 14 1842 1964 1843
4690 4 2 1 3 1842 1292 1601 1844
4691 4 2 1 3 1964 1601 1272 1965
4692 4 2 1 3 1843 1844 1965 1332
4693 4 2 1 3 1842 1964 1843 1844
4694 4 2 1 3 1842 1844 1601 1964
4695 4 2 1 3 1964 1843 1844 1965
4696 4 2 1 3 1964 1965 1844 1601
4697 4 2 1 3 1255 1660 1726 1729
4698 4 2 1 3 1660 140 1814 1966
4699 4 2 1 3 1726 1814 1294 1731
4700 4 2 1 3 1729 1966 1731 1335
4701 4 2 1 3 1660 1726 1729 1966
4702 4 2 1 3 1660 1966 1814 1726
4703 4 2 1 3 1726 1729 1966 1731
4704 4 2 1 3 1726 1731 1966 1814
4705 4 2 1 3 897 1967 1208 1968
4706 4 2 1 3 1967 1257 1875 1876
4707 4 2 1 3 1208 1875 888 1877
4708 4 2 1 3 1968 1876 1877 1318
4709 4 2 1 3 1967 1208 1968 1876
4710 4 2 1 3 1967 1876 1875 1208
4711 4 2 1 3 1208 1968 1876 1877
4712 4 2 1 3 1208 1877 1876 1875
4713 4 2 1 3 213 507 508 1412
4714 4 2 1 3 507 99 470 1764
4715 4 2 1 3 508 470 141 1969
4716 4 2 1 3 1412 1764 1969 1325
4717 4 2 1 3 507 508 1412 1764
4718 4 2 1 3 507 1764 470 508
4719 4 2 1 3 508 1412 1764 1969
4720 4 2 1 3 508 1969 1764 470
4721 4 2 1 3 124 1970 1972 1973
4722 4 2 1 3 1970 1291 1971 1975
4723 4 2 1 3 1972 1971 1266 1974
4724 4 2 1 3 1973 1975 1974 1314
4725 4 2 1 3 1970 1972 1973 1975
4726 4 2 1 3 1970 1975 1971 1972
4727 4 2 1 3 1972 1973 1975 1974
4728 4 2 1 3 1972 1974 1975 1971
4729 4 2 1 3 1255 1728 1726 1653
4730 4 2 1 3 1728 894 1727 1892
4731 4 2 1 3 1726 1727 1294 1929
4732 4 2 1 3 1653 1892 1929 1301
4733 4 2 1 3 1728 1726 1653 1892
4734 4 2 1 3 1728 1892 1727 1726
4735 4 2 1 3 1726 1653 1892 1929
4736 4 2 1 3 1726 1929 1892 1727
4737 4 2 1 3 894 1231 1728 1730
4738 4 2 1 3 1231 906 1671 1976
4739 4 2 1 3 1728 1671 1255 1729
4740 4 2 1 3 1730 1976 1729 1335
4741 4 2 1 3 1231 1728 1730 1976
4742 4 2 1 3 1231 1976 1671 1728
4743 4 2 1 3 1728 1730 1976 1729
4744 4 2 1 3 1728 1729 1976 1671
4745 4 2 1 3 866 1977 1979 1980
4746 4 2 1 3 1977 181 1978 1981
4747 4 2 1 3 1979 1978 1273 1427
4748 4 2 1 3 1980 1981 1427 1307
4749 4 2 1 3 1977 1979 1980 1981
4750 4 2 1 3 1977 1981 1978 1979
4751 4 2 1 3 1979 1980 1981 1427
4752 4 2 1 3 1979 1427 1981 1978
4753 4 2 1 3 255 1982 1983 1984
4754 4 2 1 3 1982 1279 1795 1986
4755 4 2 1 3 1983 1795 1287 1985
4756 4 2 1 3 1984 1986 1985 1332
4757 4 2 1 3 1982 1983 1984 1986
4758 4 2 1 3 1982 1986 1795 1983
4759 4 2 1 3 1983 1984 1986 1985
4760 4 2 1 3 1983 1985 1986 1795
4761 4 2 1 3 132 1987 1988 1989
4762 4 2 1 3 1987 1304 1496 1990
4763 4 2 1 3 1988 1496 1282 1931
4764 4 2 1 3 1989 1990 1931 1309
4765 4 2 1 3 1987 1988 1989 1990
4766 4 2 1 3 1987 1990 1496 1988
4767 4 2 1 3 1988 1989 1990 1931
4768 4 2 1 3 1988 1931 1990 1496
4769 4 2 1 3 872 1132 1130 1428
4770 4 2 1 3 1132 908 1131 1928
4771 4 2 1 3 1130 1131 874 1617
4772 4 2 1 3 1428 1928 1617 1301
4773 4 2 1 3 1132 1130 1428 1928
4774 4 2 1 3 1132 1928 1131 1130
4775 4 2 1 3 1130 1428 1928 1617
4776 4 2 1 3 1130 1617 1928 1131
4777 4 2 1 3 885 1744 1745 1991
4778 4 2 1 3 1744 1281 1725 1992
4779 4 2 1 3 1745 1725 1276 1897
4780 4 2 1 3 1991 1992 1897 1315
4781 4 2 1 3 1744 1745 1991 1992
4782 4 2 1 3 1744 1992 1725 1745
4783 4 2 1 3 1745 1991 1992 1897
4784 4 2 1 3 1745 1897 1992 1725
4785 4 2 1 3 880 1157 1171 1551
4786 4 2 1 3 1157 904 1172 1475
4787 4 2 1 3 1171 1172 884 1471
4788 4 2 1 3 1551 1475 1471 1268
4789 4 2 1 3 1157 1171 1551 1475
4790 4 2 1 3 1157 1475 1172 1171
4791 4 2 1 3 1171 1551 1475 1471
4792 4 2 1 3 1171 1471 1475 1172
4793 4 2 1 3 132 1988 667 1989
4794 4 2 1 3 1988 1282 1819 1931
4795 4 2 1 3 667 1819 135 1930
4796 4 2 1 3 1989 1931 1930 1309
4797 4 2 1 3 1988 667 1989 1931
4798 4 2 1 3 1988 1931 1819 667
4799 4 2 1 3 667 1989 1931 1930
4800 4 2 1 3 667 1930 1931 1819
4801 4 2 1 3 1254 1405 1779 1516
4802 4 2 1 3 1405 1281 1782 1994
4803 4 2 1 3 1779 1782 1279 1993
4804 4 2 1 3 1516 1994 1993 1299
4805 4 2 1 3 1405 1779 1516 1994
4806 4 2 1 3 1405 1994 1782 1779
4807 4 2 1 3 1779 1516 1994 1993
4808 4 2 1 3 1779 1993 1994 1782
4809 4 2 1 3 1247 1361 1583 1510
4810 4 2 1 3 1361 1277 1869 1511
4811 4 2 1 3 1583 1869 1262 1624
4812 4 2 1 3 1510 1511 1624 1333
4813 4 2 1 3 1361 1583 1510 1511
4814 4 2 1 3 1361 1511 1869 1583
4815 4 2 1 3 1583 1510 1511 1624
4816 4 2 1 3 1583 1624 1511 1869
4817 4 2 1 3 1257 1848 1849 1626
4818 4 2 1 3 1848 1297 1847 1995
4819 4 2 1 3 1849 1847 145 1884
4820 4 2 1 3 1626 1995 1884 1298
4821 4 2 1 3 1848 1849 1626 1995
4822 4 2 1 3 1848 1995 1847 1849
4823 4 2 1 3 1849 1626 1995 1884
4824 4 2 1 3 1849 1884 1995 1847
4825 4 2 1 3 1255 1653 1640 1997
4826 4 2 1 3 1653 1301 1996 1999
4827 4 2 1 3 1640 1996 1280 1998
4828 4 2 1 3 1997 1999 1998 1338
4829 4 2 1 3 1653 1640 1997 1999
4830 4 2 1 3 1653 1999 1996 1640
4831 4 2 1 3 1640 1997 1999 1998
4832 4 2 1 3 1640 1998 1999 1996
4833 4 2 1 3 149 1962 758 2000
4834 4 2 1 3 1962 1261 1948 1953
4835 4 2 1 3 758 1948 225 1951
4836 4 2 1 3 2000 1953 1951 1339
4837 4 2 1 3 1962 758 2000 1953
4838 4 2 1 3 1962 1953 1948 758
4839 4 2 1 3 758 2000 1953 1951
4840 4 2 1 3 758 1951 1953 1948
4841 4 2 1 3 895 1919 1196 1920
4842 4 2 1 3 1919 1256 1704 1921
4843 4 2 1 3 1196 1704 911 2001
4844 4 2 1 3 1920 1921 2001 1315
4845 4 2 1 3 1919 1196 1920 1921
4846 4 2 1 3 1919 1921 1704 1196
4847 4 2 1 3 1196 1920 1921 2001
4848 4 2 1 3 1196 2001 1921 1704
4849 4 2 1 3 125 2002 627 2003
4850 4 2 1 3 2002 1266 1972 1971
4851 4 2 1 3 627 1972 124 1970
4852 4 2 1 3 2003 1971 1970 1291
4853 4 2 1 3 2002 627 2003 1971
4854 4 2 1 3 2002 1971 1972 627
4855 4 2 1 3 627 2003 1971 1970
4856 4 2 1 3 627 1970 1971 1972
4857 4 2 1 3 1248 1741 1870 2004
4858 4 2 1 3 1741 1280 1996 1998
4859 4 2 1 3 1870 1996 1301 1999
4860 4 2 1 3 2004 1998 1999 1338
4861 4 2 1 3 1741 1870 2004 1998
4862 4 2 1 3 1741 1998 1996 1870
4863 4 2 1 3 1870 2004 1998 1999
4864 4 2 1 3 1870 1999 1998 1996
4865 4 2 1 3 89 300 455 1546
4866 4 2 1 3 300 90 456 1907
4867 4 2 1 3 455 456 92 1503
4868 4 2 1 3 1546 1907 1503 1341
4869 4 2 1 3 300 455 1546 1907
4870 4 2 1 3 300 1907 456 455
4871 4 2 1 3 455 1546 1907 1503
4872 4 2 1 3 455 1503 1907 456
4873 4 2 1 3 1257 1519 1774 1626
4874 4 2 1 3 1519 1274 1634 1627
4875 4 2 1 3 1774 1634 1251 2005
4876 4 2 1 3 1626 1627 2005 1298
4877 4 2 1 3 1519 1774 1626 1627
4878 4 2 1 3 1519 1627 1634 1774
4879 4 2 1 3 1774 1626 1627 2005
4880 4 2 1 3 1774 2005 1627 1634
4881 4 2 1 3 1249 1791 1724 1674
4882 4 2 1 3 1791 1279 1782 1993
4883 4 2 1 3 1724 1782 1281 1994
4884 4 2 1 3 1674 1993 1994 1299
4885 4 2 1 3 1791 1724 1674 1993
4886 4 2 1 3 1791 1993 1782 1724
4887 4 2 1 3 1724 1674 1993 1994
4888 4 2 1 3 1724 1994 1993 1782
4889 4 2 1 3 888 1208 1211 1875
4890 4 2 1 3 1208 897 1212 1967
4891 4 2 1 3 1211 1212 912 1878
4892 4 2 1 3 1875 1967 1878 1257
4893 4 2 1 3 1208 1211 1875 1967
4894 4 2 1 3 1208 1967 1212 1211
4895 4 2 1 3 1211 1875 1967 1878
4896 4 2 1 3 1211 1878 1967 1212
4897 4 2 1 3 914 2006 1234 2007
4898 4 2 1 3 2006 1256 1919 1863
4899 4 2 1 3 1234 1919 895 1918
4900 4 2 1 3 2007 1863 1918 1295
4901 4 2 1 3 2006 1234 2007 1863
4902 4 2 1 3 2006 1863 1919 1234
4903 4 2 1 3 1234 2007 1863 1918
4904 4 2 1 3 1234 1918 1863 1919
4905 4 2 1 3 1248 1599 1741 1577
4906 4 2 1 3 1599 1265 1693 1597
4907 4 2 1 3 1741 1693 1280 1486
4908 4 2 1 3 1577 1597 1486 1302
4909 4 2 1 3 1599 1741 1577 1597
4910 4 2 1 3 1599 1597 1693 1741
4911 4 2 1 3 1741 1577 1597 1486
4912 4 2 1 3 1741 1486 1597 1693
4913 4 2 1 3 255 1982 501 1983
4914 4 2 1 3 1982 1279 1794 1795
4915 4 2 1 3 501 1794 100 1796
4916 4 2 1 3 1983 1795 1796 1287
4917 4 2 1 3 1982 501 1983 1795
4918 4 2 1 3 1982 1795 1794 501
4919 4 2 1 3 501 1983 1795 1796
4920 4 2 1 3 501 1796 1795 1794
4921 4 2 1 3 1250 1492 1494 2008
4922 4 2 1 3 1492 1255 1495 1997
4923 4 2 1 3 1494 1495 1282 2009
4924 4 2 1 3 2008 1997 2009 1338
4925 4 2 1 3 1492 1494 2008 1997
4926 4 2 1 3 1492 1997 1495 1494
4927 4 2 1 3 1494 2008 1997 2009
4928 4 2 1 3 1494 2009 1997 1495
4929 4 2 1 3 906 1670 1671 1976
4930 4 2 1 3 1670 1288 1488 2010
4931 4 2 1 3 1671 1488 1255 1729
4932 4 2 1 3 1976 2010 1729 1335
4933 4 2 1 3 1670 1671 1976 2010
4934 4 2 1 3 1670 2010 1488 1671
4935 4 2 1 3 1671 1976 2010 1729
4936 4 2 1 3 1671 1729 2010 1488
4937 4 2 1 3 117 584 2011 2012
4938 4 2 1 3 584 114 1836 1811
4939 4 2 1 3 2011 1836 1305 1837
4940 4 2 1 3 2012 1811 1837 1317
4941 4 2 1 3 584 2011 2012 1811
4942 4 2 1 3 584 1811 1836 2011
4943 4 2 1 3 2011 2012 1811 1837
4944 4 2 1 3 2011 1837 1811 1836
4945 4 2 1 3 932 2013 1246 2014
4946 4 2 1 3 2013 1273 1425 1427
4947 4 2 1 3 1246 1425 901 1417
4948 4 2 1 3 2014 1427 1417 1307
4949 4 2 1 3 2013 1246 2014 1427
4950 4 2 1 3 2013 1427 1425 1246
4951 4 2 1 3 1246 2014 1427 1417
4952 4 2 1 3 1246 1417 1427 1425
4953 4 2 1 3 10 11 298 1913
4954 4 2 1 3 11 12 299 1924
4955 4 2 1 3 298 299 164 1600
4956 4 2 1 3 1913 1924 1600 1272
4957 4 2 1 3 11 298 1913 1924
4958 4 2 1 3 11 1924 299 298
4959 4 2 1 3 298 1913 1924 1600
4960 4 2 1 3 298 1600 1924 299
4961 4 2 1 3 1250 1459 1956 1444
4962 4 2 1 3 1459 1268 1530 1436
4963 4 2 1 3 1956 1530 1270 1838
4964 4 2 1 3 1444 1436 1838 1296
4965 4 2 1 3 1459 1956 1444 1436
4966 4 2 1 3 1459 1436 1530 1956
4967 4 2 1 3 1956 1444 1436 1838
4968 4 2 1 3 1956 1838 1436 1530
4969 4 2 1 3 901 1449 1425 2015
4970 4 2 1 3 1449 1293 1450 2017
4971 4 2 1 3 1425 1450 1273 2016
4972 4 2 1 3 2015 2017 2016 1337
4973 4 2 1 3 1449 1425 2015 2017
4974 4 2 1 3 1449 2017 1450 1425
4975 4 2 1 3 1425 2015 2017 2016
4976 4 2 1 3 1425 2016 2017 1450
4977 4 2 1 3 1254 1779 1780 1885
4978 4 2 1 3 1779 1279 1410 1413
4979 4 2 1 3 1780 1410 1256 1414
4980 4 2 1 3 1885 1413 1414 1325
4981 4 2 1 3 1779 1780 1885 1413
4982 4 2 1 3 1779 1413 1410 1780
4983 4 2 1 3 1780 1885 1413 1414
4984 4 2 1 3 1780 1414 1413 1410
4985 4 2 1 3 162 441 1732 1664
4986 4 2 1 3 441 86 1915 2018
4987 4 2 1 3 1732 1915 869 1733
4988 4 2 1 3 1664 2018 1733 1271
4989 4 2 1 3 441 1732 1664 2018
4990 4 2 1 3 441 2018 1915 1732
4991 4 2 1 3 1732 1664 2018 1733
4992 4 2 1 3 1732 1733 2018 1915
4993 4 2 1 3 187 2019 353 2021
4994 4 2 1 3 2019 927 2020 2023
4995 4 2 1 3 353 2020 195 2022
4996 4 2 1 3 2021 2023 2022 1290
4997 4 2 1 3 2019 353 2021 2023
4998 4 2 1 3 2019 2023 2020 353
4999 4 2 1 3 353 2021 2023 2022
5000 4 2 1 3 353 2022 2023 2020
5001 4 2 1 3 205 630 628 1864
5002 4 2 1 3 630 130 619 1477
5003 4 2 1 3 628 619 123 1873
5004 4 2 1 3 1864 1477 1873 1266
5005 4 2 1 3 630 628 1864 1477
5006 4 2 1 3 630 1477 619 628
5007 4 2 1 3 628 1864 1477 1873
5008 4 2 1 3 628 1873 1477 619
5009 4 2 1 3 1250 1491 1492 2008
5010 4 2 1 3 1491 1300 1489 2024
5011 4 2 1 3 1492 1489 1255 1997
5012 4 2 1 3 2008 2024 1997 1338
5013 4 2 1 3 1491 1492 2008 2024
5014 4 2 1 3 1491 2024 1489 1492
5015 4 2 1 3 1492 2008 2024 1997
5016 4 2 1 3 1492 1997 2024 1489
5017 4 2 1 3 1248 1857 1514 1740
5018 4 2 1 3 1857 1258 2025 1858
5019 4 2 1 3 1514 2025 1272 1601
5020 4 2 1 3 1740 1858 1601 1292
5021 4 2 1 3 1857 1514 1740 1858
5022 4 2 1 3 1857 1858 2025 1514
5023 4 2 1 3 1514 1740 1858 1601
5024 4 2 1 3 1514 1601 1858 2025
5025 4 2 1 3 911 1704 1233 1706
5026 4 2 1 3 1704 1256 2006 1543
5027 4 2 1 3 1233 2006 914 1955
5028 4 2 1 3 1706 1543 1955 1306
5029 4 2 1 3 1704 1233 1706 1543
5030 4 2 1 3 1704 1543 2006 1233
5031 4 2 1 3 1233 1706 1543 1955
5032 4 2 1 3 1233 1955 1543 2006
5033 4 2 1 3 1255 1488 1660 1729
5034 4 2 1 3 1488 1288 1759 2010
5035 4 2 1 3 1660 1759 140 1966
5036 4 2 1 3 1729 2010 1966 1335
5037 4 2 1 3 1488 1660 1729 2010
5038 4 2 1 3 1488 2010 1759 1660
5039 4 2 1 3 1660 1729 2010 1966
5040 4 2 1 3 1660 1966 2010 1759
5041 4 2 1 3 1247 2026 1421 1443
5042 4 2 1 3 2026 1308 2027 2028
5043 4 2 1 3 1421 2027 1267 1442
5044 4 2 1 3 1443 2028 1442 1331
5045 4 2 1 3 2026 1421 1443 2028
5046 4 2 1 3 2026 2028 2027 1421
5047 4 2 1 3 1421 1443 2028 1442
5048 4 2 1 3 1421 1442 2028 2027
5049 4 2 1 3 97 494 1769 1773
5050 4 2 1 3 494 167 2029 2030
5051 4 2 1 3 1769 2029 1294 1772
5052 4 2 1 3 1773 2030 1772 1336
5053 4 2 1 3 494 1769 1773 2030
5054 4 2 1 3 494 2030 2029 1769
5055 4 2 1 3 1769 1773 2030 1772
5056 4 2 1 3 1769 1772 2030 2029
5057 4 2 1 3 1248 1514 1857 1517
5058 4 2 1 3 1514 1272 2025 1518
5059 4 2 1 3 1857 2025 1258 1507
5060 4 2 1 3 1517 1518 1507 1299
5061 4 2 1 3 1514 1857 1517 1518
5062 4 2 1 3 1514 1518 2025 1857
5063 4 2 1 3 1857 1517 1518 1507
5064 4 2 1 3 1857 1507 1518 2025
5065 4 2 1 3 205 1864 629 2031
5066 4 2 1 3 1864 1266 2002 1456
5067 4 2 1 3 629 2002 125 2032
5068 4 2 1 3 2031 1456 2032 1309
5069 4 2 1 3 1864 629 2031 1456
5070 4 2 1 3 1864 1456 2002 629
5071 4 2 1 3 629 2031 1456 2032
5072 4 2 1 3 629 2032 1456 2002
5073 4 2 1 3 872 1394 1396 2033
5074 4 2 1 3 1394 1265 1395 1805
5075 4 2 1 3 1396 1395 1286 2034
5076 4 2 1 3 2033 1805 2034 1336
5077 4 2 1 3 1394 1396 2033 1805
5078 4 2 1 3 1394 1805 1395 1396
5079 4 2 1 3 1396 2033 1805 2034
5080 4 2 1 3 1396 2034 1805 1395
5081 4 2 1 3 225 1950 2035 1951
5082 4 2 1 3 1950 1314 1550 1952
5083 4 2 1 3 2035 1550 1290 2036
5084 4 2 1 3 1951 1952 2036 1339
5085 4 2 1 3 1950 2035 1951 1952
5086 4 2 1 3 1950 1952 1550 2035
5087 4 2 1 3 2035 1951 1952 2036
5088 4 2 1 3 2035 2036 1952 1550
5089 4 2 1 3 160 690 785 2037
5090 4 2 1 3 690 210 753 1564
5091 4 2 1 3 785 753 235 2038
5092 4 2 1 3 2037 1564 2038 1292
5093 4 2 1 3 690 785 2037 1564
5094 4 2 1 3 690 1564 753 785
5095 4 2 1 3 785 2037 1564 2038
5096 4 2 1 3 785 2038 1564 753
5097 4 2 1 3 866 1979 1977 2039
5098 4 2 1 3 1979 1273 1978 2041
5099 4 2 1 3 1977 1978 181 2040
5100 4 2 1 3 2039 2041 2040 1344
5101 4 2 1 3 1979 1977 2039 2041
5102 4 2 1 3 1979 2041 1978 1977
5103 4 2 1 3 1977 2039 2041 2040
5104 4 2 1 3 1977 2040 2041 1978
5105 4 2 1 3 1267 1717 1715 2027
5106 4 2 1 3 1717 881 1716 2043
5107 4 2 1 3 1715 1716 1293 2042
5108 4 2 1 3 2027 2043 2042 1308
5109 4 2 1 3 1717 1715 2027 2043
5110 4 2 1 3 1717 2043 1716 1715
5111 4 2 1 3 1715 2027 2043 2042
5112 4 2 1 3 1715 2042 2043 1716
5113 4 2 1 3 1266 1402 1461 1549
5114 4 2 1 3 1402 1277 1361 1363
5115 4 2 1 3 1461 1361 1247 1350
5116 4 2 1 3 1549 1363 1350 1326
5117 4 2 1 3 1402 1461 1549 1363
5118 4 2 1 3 1402 1363 1361 1461
5119 4 2 1 3 1461 1549 1363 1350
5120 4 2 1 3 1461 1350 1363 1361
5121 4 2 1 3 912 1878 1212 1879
5122 4 2 1 3 1878 1257 1967 1848
5123 4 2 1 3 1212 1967 897 2044
5124 4 2 1 3 1879 1848 2044 1297
5125 4 2 1 3 1878 1212 1879 1848
5126 4 2 1 3 1878 1848 1967 1212
5127 4 2 1 3 1212 1879 1848 2044
5128 4 2 1 3 1212 2044 1848 1967
5129 4 2 1 3 137 699 697 1778
5130 4 2 1 3 699 236 698 1856
5131 4 2 1 3 697 698 144 1917
5132 4 2 1 3 1778 1856 1917 1304
5133 4 2 1 3 699 697 1778 1856
5134 4 2 1 3 699 1856 698 697
5135 4 2 1 3 697 1778 1856 1917
5136 4 2 1 3 697 1917 1856 698
5137 4 2 1 3 1267 2027 1715 1442
5138 4 2 1 3 2027 1308 2042 2028
5139 4 2 1 3 1715 2042 1293 1611
5140 4 2 1 3 1442 2028 1611 1331
5141 4 2 1 3 2027 1715 1442 2028
5142 4 2 1 3 2027 2028 2042 1715
5143 4 2 1 3 1715 1442 2028 1611
5144 4 2 1 3 1715 1611 2028 2042
5145 4 2 1 3 1269 1808 1432 1433
5146 4 2 1 3 1808 1289 1700 1701
5147 4 2 1 3 1432 1700 1252 1424
5148 4 2 1 3 1433 1701 1424 1328
5149 4 2 1 3 1808 1432 1433 1701
5150 4 2 1 3 1808 1701 1700 1432
5151 4 2 1 3 1432 1433 1701 1424
5152 4 2 1 3 1432 1424 1701 1700
5153 4 2 1 3 182 2045 478 2046
5154 4 2 1 3 2045 1273 1978 1427
5155 4 2 1 3 478 1978 181 1981
5156 4 2 1 3 2046 1427 1981 1307
5157 4 2 1 3 2045 478 2046 1427
5158 4 2 1 3 2045 1427 1978 478
5159 4 2 1 3 478 2046 1427 1981
5160 4 2 1 3 478 1981 1427 1978
5161 4 2 1 3 911 1196 1233 1704
5162 4 2 1 3 1196 895 1234 1919
5163 4 2 1 3 1233 1234 914 2006
5164 4 2 1 3 1704 1919 2006 1256
5165 4 2 1 3 1196 1233 1704 1919
5166 4 2 1 3 1196 1919 1234 1233
5167 4 2 1 3 1233 1704 1919 2006
5168 4 2 1 3 1233 2006 1919 1234
5169 4 2 1 3 1249 1734 1686 1675
5170 4 2 1 3 1734 1274 1572 1639
5171 4 2 1 3 1686 1572 1262 1584
5172 4 2 1 3 1675 1639 1584 1303
5173 4 2 1 3 1734 1686 1675 1639
5174 4 2 1 3 1734 1639 1572 1686
5175 4 2 1 3 1686 1675 1639 1584
5176 4 2 1 3 1686 1584 1639 1572
5177 4 2 1 3 141 718 508 1969
5178 4 2 1 3 718 261 717 1527
5179 4 2 1 3 508 717 213 1412
5180 4 2 1 3 1969 1527 1412 1325
5181 4 2 1 3 718 508 1969 1527
5182 4 2 1 3 718 1527 717 508
5183 4 2 1 3 508 1969 1527 1412
5184 4 2 1 3 508 1412 1527 717
5185 4 2 1 3 1248 1857 1859 1517
5186 4 2 1 3 1857 1258 1348 1507
5187 4 2 1 3 1859 1348 1296 1566
5188 4 2 1 3 1517 1507 1566 1299
5189 4 2 1 3 1857 1859 1517 1507
5190 4 2 1 3 1857 1507 1348 1859
5191 4 2 1 3 1859 1517 1507 1566
5192 4 2 1 3 1859 1566 1507 1348
5193 4 2 1 3 162 441 1664 2047
5194 4 2 1 3 441 86 2018 2049
5195 4 2 1 3 1664 2018 1271 2048
5196 4 2 1 3 2047 2049 2048 1297
5197 4 2 1 3 441 1664 2047 2049
5198 4 2 1 3 441 2049 2018 1664
5199 4 2 1 3 1664 2047 2049 2048
5200 4 2 1 3 1664 2048 2049 2018
5201 4 2 1 3 134 558 683 2050
5202 4 2 1 3 558 211 684 2052
5203 4 2 1 3 683 684 251 2051
5204 4 2 1 3 2050 2052 2051 1311
5205 4 2 1 3 558 683 2050 2052
5206 4 2 1 3 558 2052 684 683
5207 4 2 1 3 683 2050 2052 2051
5208 4 2 1 3 683 2051 2052 684
5209 4 2 1 3 251 2053 2055 2051
5210 4 2 1 3 2053 1298 2054 2057
5211 4 2 1 3 2055 2054 1271 2056
5212 4 2 1 3 2051 2057 2056 1311
5213 4 2 1 3 2053 2055 2051 2057
5214 4 2 1 3 2053 2057 2054 2055
5215 4 2 1 3 2055 2051 2057 2056
5216 4 2 1 3 2055 2056 2057 2054
5217 4 2 1 3 1272 1585 1913 1504
5218 4 2 1 3 1585 1302 1914 2058
5219 4 2 1 3 1913 1914 10 1906
5220 4 2 1 3 1504 2058 1906 1341
5221 4 2 1 3 1585 1913 1504 2058
5222 4 2 1 3 1585 2058 1914 1913
5223 4 2 1 3 1913 1504 2058 1906
5224 4 2 1 3 1913 1906 2058 1914
5225 4 2 1 3 238 1665 1663 2059
5226 4 2 1 3 1665 1271 1666 2061
5227 4 2 1 3 1663 1666 924 2060
5228 4 2 1 3 2059 2061 2060 1316
5229 4 2 1 3 1665 1663 2059 2061
5230 4 2 1 3 1665 2061 1666 1663
5231 4 2 1 3 1663 2059 2061 2060
5232 4 2 1 3 1663 2060 2061 1666
5233 4 2 1 3 129 2062 658 2063
5234 4 2 1 3 2062 1323 1381 1388
5235 4 2 1 3 658 1381 200 1455
5236 4 2 1 3 2063 1388 1455 1346
5237 4 2 1 3 2062 658 2063 1388
5238 4 2 1 3 2062 1388 1381 658
5239 4 2 1 3 658 2063 1388 1455
5240 4 2 1 3 658 1455 1388 1381
5241 4 2 1 3 1249 1674 1673 2064
5242 4 2 1 3 1674 1299 1507 2065
5243 4 2 1 3 1673 1507 1258 1828
5244 4 2 1 3 2064 2065 1828 1332
5245 4 2 1 3 1674 1673 2064 2065
5246 4 2 1 3 1674 2065 1507 1673
5247 4 2 1 3 1673 2064 2065 1828
5248 4 2 1 3 1673 1828 2065 1507
5249 4 2 1 3 149 2066 1962 2068
5250 4 2 1 3 2066 1291 2067 2070
5251 4 2 1 3 1962 2067 1261 2069
5252 4 2 1 3 2068 2070 2069 1327
5253 4 2 1 3 2066 1962 2068 2070
5254 4 2 1 3 2066 2070 2067 1962
5255 4 2 1 3 1962 2068 2070 2069
5256 4 2 1 3 1962 2069 2070 2067
5257 4 2 1 3 166 2071 2072 2073
5258 4 2 1 3 2071 1286 1598 2034
5259 4 2 1 3 2072 1598 1302 2074
5260 4 2 1 3 2073 2034 2074 1336
5261 4 2 1 3 2071 2072 2073 2034
5262 4 2 1 3 2071 2034 1598 2072
5263 4 2 1 3 2072 2073 2034 2074
5264 4 2 1 3 2072 2074 2034 1598
5265 4 2 1 3 251 786 2055 2053
5266 4 2 1 3 786 161 2075 2076
5267 4 2 1 3 2055 2075 1271 2054
5268 4 2 1 3 2053 2076 2054 1298
5269 4 2 1 3 786 2055 2053 2076
5270 4 2 1 3 786 2076 2075 2055
5271 4 2 1 3 2055 2053 2076 2054
5272 4 2 1 3 2055 2054 2076 2075
5273 4 2 1 3 121 618 609 1401
5274 4 2 1 3 618 130 620 1478
5275 4 2 1 3 609 620 217 1614
5276 4 2 1 3 1401 1478 1614 1277
5277 4 2 1 3 618 609 1401 1478
5278 4 2 1 3 618 1478 620 609
5279 4 2 1 3 609 1401 1478 1614
5280 4 2 1 3 609 1614 1478 620
5281 4 2 1 3 894 1232 1231 1730
5282 4 2 1 3 1232 917 1057 1800
5283 4 2 1 3 1231 1057 906 1976
5284 4 2 1 3 1730 1800 1976 1335
5285 4 2 1 3 1232 1231 1730 1800
5286 4 2 1 3 1232 1800 1057 1231
5287 4 2 1 3 1231 1730 1800 1976
5288 4 2 1 3 1231 1976 1800 1057
5289 4 2 1 3 114 1809 1810 2077
5290 4 2 1 3 1809 1289 1808 2079
5291 4 2 1 3 1810 1808 1269 2078
5292 4 2 1 3 2077 2079 2078 1342
5293 4 2 1 3 1809 1810 2077 2079
5294 4 2 1 3 1809 2079 1808 1810
5295 4 2 1 3 1810 2077 2079 2078
5296 4 2 1 3 1810 2078 2079 1808
5297 4 2 1 3 1261 2067 1962 1949
5298 4 2 1 3 2067 1291 2066 1975
5299 4 2 1 3 1962 2066 149 1963
5300 4 2 1 3 1949 1975 1963 1314
5301 4 2 1 3 2067 1962 1949 1975
5302 4 2 1 3 2067 1975 2066 1962
5303 4 2 1 3 1962 1949 1975 1963
5304 4 2 1 3 1962 1963 1975 2066
5305 4 2 1 3 138 704 702 1588
5306 4 2 1 3 704 259 703 2080
5307 4 2 1 3 702 703 140 1759
5308 4 2 1 3 1588 2080 1759 1288
5309 4 2 1 3 704 702 1588 2080
5310 4 2 1 3 704 2080 703 702
5311 4 2 1 3 702 1588 2080 1759
5312 4 2 1 3 702 1759 2080 703
5313 4 2 1 3 116 593 587 1903
5314 4 2 1 3 593 119 595 1591
5315 4 2 1 3 587 595 202 1760
5316 4 2 1 3 1903 1591 1760 1269
5317 4 2 1 3 593 587 1903 1591
5318 4 2 1 3 593 1591 595 587
5319 4 2 1 3 587 1903 1591 1760
5320 4 2 1 3 587 1760 1591 595
5321 4 2 1 3 251 684 786 2053
5322 4 2 1 3 684 211 741 2081
5323 4 2 1 3 786 741 161 2076
5324 4 2 1 3 2053 2081 2076 1298
5325 4 2 1 3 684 786 2053 2081
5326 4 2 1 3 684 2081 741 786
5327 4 2 1 3 786 2053 2081 2076
5328 4 2 1 3 786 2076 2081 741
5329 4 2 1 3 119 594 1590 1754
5330 4 2 1 3 594 118 2082 2083
5331 4 2 1 3 1590 2082 1275 1756
5332 4 2 1 3 1754 2083 1756 1317
5333 4 2 1 3 594 1590 1754 2083
5334 4 2 1 3 594 2083 2082 1590
5335 4 2 1 3 1590 1754 2083 1756
5336 4 2 1 3 1590 1756 2083 2082
5337 4 2 1 3 12 1924 13 1925
5338 4 2 1 3 1924 1272 1964 1601
5339 4 2 1 3 13 1964 14 1842
5340 4 2 1 3 1925 1601 1842 1292
5341 4 2 1 3 1924 13 1925 1601
5342 4 2 1 3 1924 1601 1964 13
5343 4 2 1 3 13 1925 1601 1842
5344 4 2 1 3 13 1842 1601 1964
5345 4 2 1 3 138 691 692 1559
5346 4 2 1 3 691 136 673 2084
5347 4 2 1 3 692 673 137 1777
5348 4 2 1 3 1559 2084 1777 1282
5349 4 2 1 3 691 692 1559 2084
5350 4 2 1 3 691 2084 673 692
5351 4 2 1 3 692 1559 2084 1777
5352 4 2 1 3 692 1777 2084 673
5353 4 2 1 3 902 1628 1177 1630
5354 4 2 1 3 1628 1267 1871 1629
5355 4 2 1 3 1177 1871 887 2085
5356 4 2 1 3 1630 1629 2085 1324
5357 4 2 1 3 1628 1177 1630 1629
5358 4 2 1 3 1628 1629 1871 1177
5359 4 2 1 3 1177 1630 1629 2085
5360 4 2 1 3 1177 2085 1629 1871
5361 4 2 1 3 908 1801 1142 1928
5362 4 2 1 3 1801 1294 1727 1929
5363 4 2 1 3 1142 1727 894 1892
5364 4 2 1 3 1928 1929 1892 1301
5365 4 2 1 3 1801 1142 1928 1929
5366 4 2 1 3 1801 1929 1727 1142
5367 4 2 1 3 1142 1928 1929 1892
5368 4 2 1 3 1142 1892 1929 1727
5369 4 2 1 3 164 477 301 1485
5370 4 2 1 3 477 165 474 1708
5371 4 2 1 3 301 474 93 2086
5372 4 2 1 3 1485 1708 2086 1302
5373 4 2 1 3 477 301 1485 1708
5374 4 2 1 3 477 1708 474 301
5375 4 2 1 3 301 1485 1708 2086
5376 4 2 1 3 301 2086 1708 474
5377 4 2 1 3 236 1855 733 1854
5378 4 2 1 3 1855 1259 2087 1374
5379 4 2 1 3 733 2087 228 2088
5380 4 2 1 3 1854 1374 2088 1288
5381 4 2 1 3 1855 733 1854 1374
5382 4 2 1 3 1855 1374 2087 733
5383 4 2 1 3 733 1854 1374 2088
5384 4 2 1 3 733 2088 1374 2087
5385 4 2 1 3 124 1973 1972 2089
5386 4 2 1 3 1973 1314 1974 1386
5387 4 2 1 3 1972 1974 1266 1657
5388 4 2 1 3 2089 1386 1657 1346
5389 4 2 1 3 1973 1972 2089 1386
5390 4 2 1 3 1973 1386 1974 1972
5391 4 2 1 3 1972 2089 1386 1657
5392 4 2 1 3 1972 1657 1386 1974
5393 4 2 1 3 1268 1436 1460 1538
5394 4 2 1 3 1436 1296 1349 1839
5395 4 2 1 3 1460 1349 1247 2026
5396 4 2 1 3 1538 1839 2026 1308
5397 4 2 1 3 1436 1460 1538 1839
5398 4 2 1 3 1436 1839 1349 1460
5399 4 2 1 3 1460 1538 1839 2026
5400 4 2 1 3 1460 2026 1839 1349
5401 4 2 1 3 901 1449 1186 1479
5402 4 2 1 3 1449 1293 2090 1643
5403 4 2 1 3 1186 2090 883 2091
5404 4 2 1 3 1479 1643 2091 1322
5405 4 2 1 3 1449 1186 1479 1643
5406 4 2 1 3 1449 1643 2090 1186
5407 4 2 1 3 1186 1479 1643 2091
5408 4 2 1 3 1186 2091 1643 2090
5409 4 2 1 3 89 455 457 1587
5410 4 2 1 3 455 92 458 1500
5411 4 2 1 3 457 458 98 2092
5412 4 2 1 3 1587 1500 2092 1279
5413 4 2 1 3 455 457 1587 1500
5414 4 2 1 3 455 1500 458 457
5415 4 2 1 3 457 1587 1500 2092
5416 4 2 1 3 457 2092 1500 458
5417 4 2 1 3 878 1147 1145 1685
5418 4 2 1 3 1147 909 1136 1548
5419 4 2 1 3 1145 1136 875 1371
5420 4 2 1 3 1685 1548 1371 1283
5421 4 2 1 3 1147 1145 1685 1548
5422 4 2 1 3 1147 1548 1136 1145
5423 4 2 1 3 1145 1685 1548 1371
5424 4 2 1 3 1145 1371 1548 1136
5425 4 2 1 3 1313 1748 1718 1702
5426 4 2 1 3 1748 1324 1629 1751
5427 4 2 1 3 1718 1629 1267 1423
5428 4 2 1 3 1702 1751 1423 1328
5429 4 2 1 3 1748 1718 1702 1751
5430 4 2 1 3 1748 1751 1629 1718
5431 4 2 1 3 1718 1702 1751 1423
5432 4 2 1 3 1718 1423 1751 1629
5433 4 2 1 3 1268 1678 1437 1439
5434 4 2 1 3 1678 1331 1677 2093
5435 4 2 1 3 1437 1677 1266 1438
5436 4 2 1 3 1439 2093 1438 1334
5437 4 2 1 3 1678 1437 1439 2093
5438 4 2 1 3 1678 2093 1677 1437
5439 4 2 1 3 1437 1439 2093 1438
5440 4 2 1 3 1437 1438 2093 1677
5441 4 2 1 3 1274 1627 2095 1711
5442 4 2 1 3 1627 1298 2094 2097
5443 4 2 1 3 2095 2094 108 2096
5444 4 2 1 3 1711 2097 2096 1312
5445 4 2 1 3 1627 2095 1711 2097
5446 4 2 1 3 1627 2097 2094 2095
5447 4 2 1 3 2095 1711 2097 2096
5448 4 2 1 3 2095 2096 2097 2094
5449 4 2 1 3 1273 1427 2045 1648
5450 4 2 1 3 1427 1307 2046 1383
5451 4 2 1 3 2045 2046 182 2098
5452 4 2 1 3 1648 1383 2098 1323
5453 4 2 1 3 1427 2045 1648 1383
5454 4 2 1 3 1427 1383 2046 2045
5455 4 2 1 3 2045 1648 1383 2098
5456 4 2 1 3 2045 2098 1383 2046
5457 4 2 1 3 1267 1420 1718 1423
5458 4 2 1 3 1420 1252 1699 1424
5459 4 2 1 3 1718 1699 1313 1702
5460 4 2 1 3 1423 1424 1702 1328
5461 4 2 1 3 1420 1718 1423 1424
5462 4 2 1 3 1420 1424 1699 1718
5463 4 2 1 3 1718 1423 1424 1702
5464 4 2 1 3 1718 1702 1424 1699
5465 4 2 1 3 143 730 553 1574
5466 4 2 1 3 730 207 729 2099
5467 4 2 1 3 553 729 206 1758
5468 4 2 1 3 1574 2099 1758 1287
5469 4 2 1 3 730 553 1574 2099
5470 4 2 1 3 730 2099 729 553
5471 4 2 1 3 553 1574 2099 1758
5472 4 2 1 3 553 1758 2099 729
5473 4 2 1 3 1247 2100 1349 1544
5474 4 2 1 3 2100 1263 1462 1465
5475 4 2 1 3 1349 1462 1296 1466
5476 4 2 1 3 1544 1465 1466 1303
5477 4 2 1 3 2100 1349 1544 1465
5478 4 2 1 3 2100 1465 1462 1349
5479 4 2 1 3 1349 1544 1465 1466
5480 4 2 1 3 1349 1466 1465 1462
5481 4 2 1 3 1249 2101 1861 2102
5482 4 2 1 3 2101 1285 1522 2103
5483 4 2 1 3 1861 1522 1257 1896
5484 4 2 1 3 2102 2103 1896 1315
5485 4 2 1 3 2101 1861 2102 2103
5486 4 2 1 3 2101 2103 1522 1861
5487 4 2 1 3 1861 2102 2103 1896
5488 4 2 1 3 1861 1896 2103 1522
5489 4 2 1 3 907 1654 1091 1910
5490 4 2 1 3 1654 1288 2104 1911
5491 4 2 1 3 1091 2104 862 2105
5492 4 2 1 3 1910 1911 2105 1345
5493 4 2 1 3 1654 1091 1910 1911
5494 4 2 1 3 1654 1911 2104 1091
5495 4 2 1 3 1091 1910 1911 2105
5496 4 2 1 3 1091 2105 1911 2104
5497 4 2 1 3 878 1158 1160 1788
5498 4 2 1 3 1158 882 1161 1943
5499 4 2 1 3 1160 1161 885 1746
5500 4 2 1 3 1788 1943 1746 1343
5501 4 2 1 3 1158 1160 1788 1943
5502 4 2 1 3 1158 1943 1161 1160
5503 4 2 1 3 1160 1788 1943 1746
5504 4 2 1 3 1160 1746 1943 1161
5505 4 2 1 3 220 484 1882 1743
5506 4 2 1 3 484 170 1939 1940
5507 4 2 1 3 1882 1939 1295 1926
5508 4 2 1 3 1743 1940 1926 1306
5509 4 2 1 3 484 1882 1743 1940
5510 4 2 1 3 484 1940 1939 1882
5511 4 2 1 3 1882 1743 1940 1926
5512 4 2 1 3 1882 1926 1940 1939
5513 4 2 1 3 1256 1863 2006 1543
5514 4 2 1 3 1863 1295 2007 1926
5515 4 2 1 3 2006 2007 914 1955
5516 4 2 1 3 1543 1926 1955 1306
5517 4 2 1 3 1863 2006 1543 1926
5518 4 2 1 3 1863 1926 2007 2006
5519 4 2 1 3 2006 1543 1926 1955
5520 4 2 1 3 2006 1955 1926 2007
5521 4 2 1 3 109 544 2106 2107
5522 4 2 1 3 544 108 2094 2096
5523 4 2 1 3 2106 2094 1298 2097
5524 4 2 1 3 2107 2096 2097 1312
5525 4 2 1 3 544 2106 2107 2096
5526 4 2 1 3 544 2096 2094 2106
5527 4 2 1 3 2106 2107 2096 2097
5528 4 2 1 3 2106 2097 2096 2094
5529 4 2 1 3 1249 1673 1714 2064
5530 4 2 1 3 1673 1258 1713 1828
5531 4 2 1 3 1714 1713 1287 1985
5532 4 2 1 3 2064 1828 1985 1332
5533 4 2 1 3 1673 1714 2064 1828
5534 4 2 1 3 1673 1828 1713 1714
5535 4 2 1 3 1714 2064 1828 1985
5536 4 2 1 3 1714 1985 1828 1713
5537 4 2 1 3 1249 1734 1861 2101
5538 4 2 1 3 1734 1274 1519 1524
5539 4 2 1 3 1861 1519 1257 1522
5540 4 2 1 3 2101 1524 1522 1285
5541 4 2 1 3 1734 1861 2101 1524
5542 4 2 1 3 1734 1524 1519 1861
5543 4 2 1 3 1861 2101 1524 1522
5544 4 2 1 3 1861 1522 1524 1519
5545 4 2 1 3 217 610 608 1614
5546 4 2 1 3 610 202 595 1761
5547 4 2 1 3 608 595 119 1593
5548 4 2 1 3 1614 1761 1593 1277
5549 4 2 1 3 610 608 1614 1761
5550 4 2 1 3 610 1761 595 608
5551 4 2 1 3 608 1614 1761 1593
5552 4 2 1 3 608 1593 1761 595
5553 4 2 1 3 1256 1781 1704 1921
5554 4 2 1 3 1781 1281 1798 1992
5555 4 2 1 3 1704 1798 911 2001
5556 4 2 1 3 1921 1992 2001 1315
5557 4 2 1 3 1781 1704 1921 1992
5558 4 2 1 3 1781 1992 1798 1704
5559 4 2 1 3 1704 1921 1992 2001
5560 4 2 1 3 1704 2001 1992 1798
5561 4 2 1 3 205 1864 2031 1865
5562 4 2 1 3 1864 1266 1456 1549
5563 4 2 1 3 2031 1456 1309 1742
5564 4 2 1 3 1865 1549 1742 1326
5565 4 2 1 3 1864 2031 1865 1549
5566 4 2 1 3 1864 1549 1456 2031
5567 4 2 1 3 2031 1865 1549 1742
5568 4 2 1 3 2031 1742 1549 1456
5569 4 2 1 3 143 1571 551 1710
5570 4 2 1 3 1571 1274 2095 1711
5571 4 2 1 3 551 2095 108 2096
5572 4 2 1 3 1710 1711 2096 1312
5573 4 2 1 3 1571 551 1710 1711
5574 4 2 1 3 1571 1711 2095 551
5575 4 2 1 3 551 1710 1711 2096
5576 4 2 1 3 551 2096 1711 2095
5577 4 2 1 3 922 1000 2109 2110
5578 4 2 1 3 1000 858 2108 2112
5579 4 2 1 3 2109 2108 96 2111
5580 4 2 1 3 2110 2112 2111 1278
5581 4 2 1 3 1000 2109 2110 2112
5582 4 2 1 3 1000 2112 2108 2109
5583 4 2 1 3 2109 2110 2112 2111
5584 4 2 1 3 2109 2111 2112 2108
5585 4 2 1 3 1256 1410 1792 1498
5586 4 2 1 3 1410 1279 1791 1499
5587 4 2 1 3 1792 1791 1249 2101
5588 4 2 1 3 1498 1499 2101 1285
5589 4 2 1 3 1410 1792 1498 1499
5590 4 2 1 3 1410 1499 1791 1792
5591 4 2 1 3 1792 1498 1499 2101
5592 4 2 1 3 1792 2101 1499 1791
5593 4 2 1 3 1267 1680 2113 1629
5594 4 2 1 3 1680 1276 1636 1679
5595 4 2 1 3 2113 1636 1251 2114
5596 4 2 1 3 1629 1679 2114 1324
5597 4 2 1 3 1680 2113 1629 1679
5598 4 2 1 3 1680 1679 1636 2113
5599 4 2 1 3 2113 1629 1679 2114
5600 4 2 1 3 2113 2114 1679 1636
5601 4 2 1 3 1262 1869 1868 1959
5602 4 2 1 3 1869 1277 1592 2115
5603 4 2 1 3 1868 1592 1269 2078
5604 4 2 1 3 1959 2115 2078 1342
5605 4 2 1 3 1869 1868 1959 2115
5606 4 2 1 3 1869 2115 1592 1868
5607 4 2 1 3 1868 1959 2115 2078
5608 4 2 1 3 1868 2078 2115 1592
5609 4 2 1 3 211 2081 684 2052
5610 4 2 1 3 2081 1298 2053 2057
5611 4 2 1 3 684 2053 251 2051
5612 4 2 1 3 2052 2057 2051 1311
5613 4 2 1 3 2081 684 2052 2057
5614 4 2 1 3 2081 2057 2053 684
5615 4 2 1 3 684 2052 2057 2051
5616 4 2 1 3 684 2051 2057 2053
5617 4 2 1 3 926 2116 2117 2118
5618 4 2 1 3 2116 97 326 1769
5619 4 2 1 3 2117 326 191 2119
5620 4 2 1 3 2118 1769 2119 1294
5621 4 2 1 3 2116 2117 2118 1769
5622 4 2 1 3 2116 1769 326 2117
5623 4 2 1 3 2117 2118 1769 2119
5624 4 2 1 3 2117 2119 1769 326
5625 4 2 1 3 2 2120 2121 2122
5626 4 2 1 3 2120 1326 1689 1536
5627 4 2 1 3 2121 1689 1329 1776
5628 4 2 1 3 2122 1536 1776 1333
5629 4 2 1 3 2120 2121 2122 1536
5630 4 2 1 3 2120 1536 1689 2121
5631 4 2 1 3 2121 2122 1536 1776
5632 4 2 1 3 2121 1776 1536 1689
5633 4 2 1 3 1255 1640 2123 1726
5634 4 2 1 3 1640 1280 1693 2124
5635 4 2 1 3 2123 1693 1265 1802
5636 4 2 1 3 1726 2124 1802 1294
5637 4 2 1 3 1640 2123 1726 2124
5638 4 2 1 3 1640 2124 1693 2123
5639 4 2 1 3 2123 1726 2124 1802
5640 4 2 1 3 2123 1802 2124 1693
5641 4 2 1 3 164 791 477 1484
5642 4 2 1 3 791 246 752 1829
5643 4 2 1 3 477 752 165 1707
5644 4 2 1 3 1484 1829 1707 1280
5645 4 2 1 3 791 477 1484 1829
5646 4 2 1 3 791 1829 752 477
5647 4 2 1 3 477 1484 1829 1707
5648 4 2 1 3 477 1707 1829 752
5649 4 2 1 3 1267 1718 1871 1629
5650 4 2 1 3 1718 1313 1872 1748
5651 4 2 1 3 1871 1872 887 2085
5652 4 2 1 3 1629 1748 2085 1324
5653 4 2 1 3 1718 1871 1629 1748
5654 4 2 1 3 1718 1748 1872 1871
5655 4 2 1 3 1871 1629 1748 2085
5656 4 2 1 3 1871 2085 1748 1872
5657 4 2 1 3 89 457 1545 1587
5658 4 2 1 3 457 98 2125 2092
5659 4 2 1 3 1545 2125 1272 1501
5660 4 2 1 3 1587 2092 1501 1279
5661 4 2 1 3 457 1545 1587 2092
5662 4 2 1 3 457 2092 2125 1545
5663 4 2 1 3 1545 1587 2092 1501
5664 4 2 1 3 1545 1501 2092 2125
5665 4 2 1 3 1248 1528 1822 1870
5666 4 2 1 3 1528 1283 1369 1430
5667 4 2 1 3 1822 1369 1270 1554
5668 4 2 1 3 1870 1430 1554 1301
5669 4 2 1 3 1528 1822 1870 1430
5670 4 2 1 3 1528 1430 1369 1822
5671 4 2 1 3 1822 1870 1430 1554
5672 4 2 1 3 1822 1554 1430 1369
5673 4 2 1 3 155 512 523 1886
5674 4 2 1 3 512 102 521 1833
5675 4 2 1 3 523 521 206 1758
5676 4 2 1 3 1886 1833 1758 1287
5677 4 2 1 3 512 523 1886 1833
5678 4 2 1 3 512 1833 521 523
5679 4 2 1 3 523 1886 1833 1758
5680 4 2 1 3 523 1758 1833 521
5681 4 2 1 3 912 1879 1087 1880
5682 4 2 1 3 1879 1297 2126 1852
5683 4 2 1 3 1087 2126 939 2127
5684 4 2 1 3 1880 1852 2127 1330
5685 4 2 1 3 1879 1087 1880 1852
5686 4 2 1 3 1879 1852 2126 1087
5687 4 2 1 3 1087 1880 1852 2127
5688 4 2 1 3 1087 2127 1852 2126
5689 4 2 1 3 1265 1693 2123 1429
5690 4 2 1 3 1693 1280 1640 1996
5691 4 2 1 3 2123 1640 1255 1653
5692 4 2 1 3 1429 1996 1653 1301
5693 4 2 1 3 1693 2123 1429 1996
5694 4 2 1 3 1693 1996 1640 2123
5695 4 2 1 3 2123 1429 1996 1653
5696 4 2 1 3 2123 1653 1996 1640
5697 4 2 1 3 127 2128 647 2129
5698 4 2 1 3 2128 1304 1987 1990
5699 4 2 1 3 647 1987 132 1989
5700 4 2 1 3 2129 1990 1989 1309
5701 4 2 1 3 2128 647 2129 1990
5702 4 2 1 3 2128 1990 1987 647
5703 4 2 1 3 647 2129 1990 1989
5704 4 2 1 3 647 1989 1990 1987
5705 4 2 1 3 1247 1583 1431 1422
5706 4 2 1 3 1583 1262 1868 2130
5707 4 2 1 3 1431 1868 1269 1433
5708 4 2 1 3 1422 2130 1433 1328
5709 4 2 1 3 1583 1431 1422 2130
5710 4 2 1 3 1583 2130 1868 1431
5711 4 2 1 3 1431 1422 2130 1433
5712 4 2 1 3 1431 1433 2130 1868
5713 4 2 1 3 936 1228 1229 1789
5714 4 2 1 3 1228 893 1227 1534
5715 4 2 1 3 1229 1227 911 1790
5716 4 2 1 3 1789 1534 1790 1284
5717 4 2 1 3 1228 1229 1789 1534
5718 4 2 1 3 1228 1534 1227 1229
5719 4 2 1 3 1229 1789 1534 1790
5720 4 2 1 3 1229 1790 1534 1227
5721 4 2 1 3 894 1231 1151 1728
5722 4 2 1 3 1231 906 1230 1671
5723 4 2 1 3 1151 1230 905 1649
5724 4 2 1 3 1728 1671 1649 1255
5725 4 2 1 3 1231 1151 1728 1671
5726 4 2 1 3 1231 1671 1230 1151
5727 4 2 1 3 1151 1728 1671 1649
5728 4 2 1 3 1151 1649 1671 1230
5729 4 2 1 3 924 1666 1064 2060
5730 4 2 1 3 1666 1271 2131 2061
5731 4 2 1 3 1064 2131 943 2132
5732 4 2 1 3 2060 2061 2132 1316
5733 4 2 1 3 1666 1064 2060 2061
5734 4 2 1 3 1666 2061 2131 1064
5735 4 2 1 3 1064 2060 2061 2132
5736 4 2 1 3 1064 2132 2061 2131
5737 4 2 1 3 114 582 1810 1811
5738 4 2 1 3 582 116 1903 1904
5739 4 2 1 3 1810 1903 1269 1755
5740 4 2 1 3 1811 1904 1755 1317
5741 4 2 1 3 582 1810 1811 1904
5742 4 2 1 3 582 1904 1903 1810
5743 4 2 1 3 1810 1811 1904 1755
5744 4 2 1 3 1810 1755 1904 1903
5745 4 2 1 3 897 2044 1967 1968
5746 4 2 1 3 2044 1297 1848 2133
5747 4 2 1 3 1967 1848 1257 1876
5748 4 2 1 3 1968 2133 1876 1318
5749 4 2 1 3 2044 1967 1968 2133
5750 4 2 1 3 2044 2133 1848 1967
5751 4 2 1 3 1967 1968 2133 1876
5752 4 2 1 3 1967 1876 2133 1848
5753 4 2 1 3 239 1933 1932 2134
5754 4 2 1 3 1933 1287 1575 2135
5755 4 2 1 3 1932 1575 1262 1624
5756 4 2 1 3 2134 2135 1624 1333
5757 4 2 1 3 1933 1932 2134 2135
5758 4 2 1 3 1933 2135 1575 1932
5759 4 2 1 3 1932 2134 2135 1624
5760 4 2 1 3 1932 1624 2135 1575
5761 4 2 1 3 916 2136 2137 2138
5762 4 2 1 3 2136 1316 2061 2140
5763 4 2 1 3 2137 2061 1271 2139
5764 4 2 1 3 2138 2140 2139 1324
5765 4 2 1 3 2136 2137 2138 2140
5766 4 2 1 3 2136 2140 2061 2137
5767 4 2 1 3 2137 2138 2140 2139
5768 4 2 1 3 2137 2139 2140 2061
5769 4 2 1 3 890 1187 1183 2141
5770 4 2 1 3 1187 901 1186 1479
5771 4 2 1 3 1183 1186 883 2091
5772 4 2 1 3 2141 1479 2091 1322
5773 4 2 1 3 1187 1183 2141 1479
5774 4 2 1 3 1187 1479 1186 1183
5775 4 2 1 3 1183 2141 1479 2091
5776 4 2 1 3 1183 2091 1479 1186
5777 4 2 1 3 4 2142 1889 1887
5778 4 2 1 3 2142 860 949 2143
5779 4 2 1 3 1889 949 870 1888
5780 4 2 1 3 1887 2143 1888 1286
5781 4 2 1 3 2142 1889 1887 2143
5782 4 2 1 3 2142 2143 949 1889
5783 4 2 1 3 1889 1887 2143 1888
5784 4 2 1 3 1889 1888 2143 949
5785 4 2 1 3 1248 1741 1599 1870
5786 4 2 1 3 1741 1280 1693 1996
5787 4 2 1 3 1599 1693 1265 1429
5788 4 2 1 3 1870 1996 1429 1301
5789 4 2 1 3 1741 1599 1870 1996
5790 4 2 1 3 1741 1996 1693 1599
5791 4 2 1 3 1599 1870 1996 1429
5792 4 2 1 3 1599 1429 1996 1693
5793 4 2 1 3 1256 1863 1498 1921
5794 4 2 1 3 1863 1295 1606 1922
5795 4 2 1 3 1498 1606 1285 2103
5796 4 2 1 3 1921 1922 2103 1315
5797 4 2 1 3 1863 1498 1921 1922
5798 4 2 1 3 1863 1922 1606 1498
5799 4 2 1 3 1498 1921 1922 2103
5800 4 2 1 3 1498 2103 1922 1606
5801 4 2 1 3 1265 1597 1395 1805
5802 4 2 1 3 1597 1302 1598 2074
5803 4 2 1 3 1395 1598 1286 2034
5804 4 2 1 3 1805 2074 2034 1336
5805 4 2 1 3 1597 1395 1805 2074
5806 4 2 1 3 1597 2074 1598 1395
5807 4 2 1 3 1395 1805 2074 2034
5808 4 2 1 3 1395 2034 2074 1598
5809 4 2 1 3 1252 2144 1645 1609
5810 4 2 1 3 2144 1317 1756 2145
5811 4 2 1 3 1645 1756 1275 1644
5812 4 2 1 3 1609 2145 1644 1323
5813 4 2 1 3 2144 1645 1609 2145
5814 4 2 1 3 2144 2145 1756 1645
5815 4 2 1 3 1645 1609 2145 1644
5816 4 2 1 3 1645 1644 2145 1756
5817 4 2 1 3 1257 1604 1878 1896
5818 4 2 1 3 1604 1295 2146 1922
5819 4 2 1 3 1878 2146 912 1944
5820 4 2 1 3 1896 1922 1944 1315
5821 4 2 1 3 1604 1878 1896 1922
5822 4 2 1 3 1604 1922 2146 1878
5823 4 2 1 3 1878 1896 1922 1944
5824 4 2 1 3 1878 1944 1922 2146
5825 4 2 1 3 1252 2147 2144 1609
5826 4 2 1 3 2147 1321 2148 2149
5827 4 2 1 3 2144 2148 1317 2145
5828 4 2 1 3 1609 2149 2145 1323
5829 4 2 1 3 2147 2144 1609 2149
5830 4 2 1 3 2147 2149 2148 2144
5831 4 2 1 3 2144 1609 2149 2145
5832 4 2 1 3 2144 2145 2149 2148
5833 4 2 1 3 1260 1902 1898 2150
5834 4 2 1 3 1902 1311 1900 2152
5835 4 2 1 3 1898 1900 240 2151
5836 4 2 1 3 2150 2152 2151 1316
5837 4 2 1 3 1902 1898 2150 2152
5838 4 2 1 3 1902 2152 1900 1898
5839 4 2 1 3 1898 2150 2152 2151
5840 4 2 1 3 1898 2151 2152 1900
5841 4 2 1 3 1290 1550 2153 2036
5842 4 2 1 3 1550 1314 1949 1952
5843 4 2 1 3 2153 1949 1261 1953
5844 4 2 1 3 2036 1952 1953 1339
5845 4 2 1 3 1550 2153 2036 1952
5846 4 2 1 3 1550 1952 1949 2153
5847 4 2 1 3 2153 2036 1952 1953
5848 4 2 1 3 2153 1953 1952 1949
5849 4 2 1 3 1265 1802 2154 1805
5850 4 2 1 3 1802 1294 2029 1772
5851 4 2 1 3 2154 2029 167 2030
5852 4 2 1 3 1805 1772 2030 1336
5853 4 2 1 3 1802 2154 1805 1772
5854 4 2 1 3 1802 1772 2029 2154
5855 4 2 1 3 2154 1805 1772 2030
5856 4 2 1 3 2154 2030 1772 2029
5857 4 2 1 3 926 2118 2117 2155
5858 4 2 1 3 2118 1294 2119 1731
5859 4 2 1 3 2117 2119 191 2156
5860 4 2 1 3 2155 1731 2156 1335
5861 4 2 1 3 2118 2117 2155 1731
5862 4 2 1 3 2118 1731 2119 2117
5863 4 2 1 3 2117 2155 1731 2156
5864 4 2 1 3 2117 2156 1731 2119
5865 4 2 1 3 1277 1511 2158 2115
5866 4 2 1 3 1511 1333 2157 2160
5867 4 2 1 3 2158 2157 204 2159
5868 4 2 1 3 2115 2160 2159 1342
5869 4 2 1 3 1511 2158 2115 2160
5870 4 2 1 3 1511 2160 2157 2158
5871 4 2 1 3 2158 2115 2160 2159
5872 4 2 1 3 2158 2159 2160 2157
5873 4 2 1 3 181 1978 415 2040
5874 4 2 1 3 1978 1273 2161 2041
5875 4 2 1 3 415 2161 218 2162
5876 4 2 1 3 2040 2041 2162 1344
5877 4 2 1 3 1978 415 2040 2041
5878 4 2 1 3 1978 2041 2161 415
5879 4 2 1 3 415 2040 2041 2162
5880 4 2 1 3 415 2162 2041 2161
5881 4 2 1 3 247 2163 2165 2166
5882 4 2 1 3 2163 1310 2164 2168
5883 4 2 1 3 2165 2164 1259 2167
5884 4 2 1 3 2166 2168 2167 1327
5885 4 2 1 3 2163 2165 2166 2168
5886 4 2 1 3 2163 2168 2164 2165
5887 4 2 1 3 2165 2166 2168 2167
5888 4 2 1 3 2165 2167 2168 2164
5889 4 2 1 3 218 415 816 2161
5890 4 2 1 3 415 181 478 1978
5891 4 2 1 3 816 478 182 2045
5892 4 2 1 3 2161 1978 2045 1273
5893 4 2 1 3 415 816 2161 1978
5894 4 2 1 3 415 1978 478 816
5895 4 2 1 3 816 2161 1978 2045
5896 4 2 1 3 816 2045 1978 478
5897 4 2 1 3 1285 1606 1522 2103
5898 4 2 1 3 1606 1295 1604 1922
5899 4 2 1 3 1522 1604 1257 1896
5900 4 2 1 3 2103 1922 1896 1315
5901 4 2 1 3 1606 1522 2103 1922
5902 4 2 1 3 1606 1922 1604 1522
5903 4 2 1 3 1522 2103 1922 1896
5904 4 2 1 3 1522 1896 1922 1604
5905 4 2 1 3 123 626 628 1873
5906 4 2 1 3 626 125 629 2002
5907 4 2 1 3 628 629 205 1864
5908 4 2 1 3 1873 2002 1864 1266
5909 4 2 1 3 626 628 1873 2002
5910 4 2 1 3 626 2002 629 628
5911 4 2 1 3 628 1873 2002 1864
5912 4 2 1 3 628 1864 2002 629
5913 4 2 1 3 125 626 627 2002
5914 4 2 1 3 626 123 621 1873
5915 4 2 1 3 627 621 124 1972
5916 4 2 1 3 2002 1873 1972 1266
5917 4 2 1 3 626 627 2002 1873
5918 4 2 1 3 626 1873 621 627
5919 4 2 1 3 627 2002 1873 1972
5920 4 2 1 3 627 1972 1873 621
5921 4 2 1 3 899 1245 1243 2169
5922 4 2 1 3 1245 940 1244 2171
5923 4 2 1 3 1243 1244 916 2170
5924 4 2 1 3 2169 2171 2170 1260
5925 4 2 1 3 1245 1243 2169 2171
5926 4 2 1 3 1245 2171 1244 1243
5927 4 2 1 3 1243 2169 2171 2170
5928 4 2 1 3 1243 2170 2171 1244
5929 4 2 1 3 202 1761 846 2172
5930 4 2 1 3 1761 1277 2158 2115
5931 4 2 1 3 846 2158 204 2159
5932 4 2 1 3 2172 2115 2159 1342
5933 4 2 1 3 1761 846 2172 2115
5934 4 2 1 3 1761 2115 2158 846
5935 4 2 1 3 846 2172 2115 2159
5936 4 2 1 3 846 2159 2115 2158
5937 4 2 1 3 1251 1634 1765 2173
5938 4 2 1 3 1634 1274 1572 1711
5939 4 2 1 3 1765 1572 1262 1709
5940 4 2 1 3 2173 1711 1709 1312
5941 4 2 1 3 1634 1765 2173 1711
5942 4 2 1 3 1634 1711 1572 1765
5943 4 2 1 3 1765 2173 1711 1709
5944 4 2 1 3 1765 1709 1711 1572
5945 4 2 1 3 150 677 2174 2175
5946 4 2 1 3 677 149 1962 2068
5947 4 2 1 3 2174 1962 1261 2069
5948 4 2 1 3 2175 2068 2069 1327
5949 4 2 1 3 677 2174 2175 2068
5950 4 2 1 3 677 2068 1962 2174
5951 4 2 1 3 2174 2175 2068 2069
5952 4 2 1 3 2174 2069 2068 1962
5953 4 2 1 3 88 2176 317 2177
5954 4 2 1 3 2176 1258 1824 1828
5955 4 2 1 3 317 1824 168 1826
5956 4 2 1 3 2177 1828 1826 1332
5957 4 2 1 3 2176 317 2177 1828
5958 4 2 1 3 2176 1828 1824 317
5959 4 2 1 3 317 2177 1828 1826
5960 4 2 1 3 317 1826 1828 1824
5961 4 2 1 3 1248 1822 1823 1859
5962 4 2 1 3 1822 1270 1365 1838
5963 4 2 1 3 1823 1365 1263 1462
5964 4 2 1 3 1859 1838 1462 1296
5965 4 2 1 3 1822 1823 1859 1838
5966 4 2 1 3 1822 1838 1365 1823
5967 4 2 1 3 1823 1859 1838 1462
5968 4 2 1 3 1823 1462 1838 1365
5969 4 2 1 3 247 435 767 2165
5970 4 2 1 3 435 228 733 2087
5971 4 2 1 3 767 733 236 1855
5972 4 2 1 3 2165 2087 1855 1259
5973 4 2 1 3 435 767 2165 2087
5974 4 2 1 3 435 2087 733 767
5975 4 2 1 3 767 2165 2087 1855
5976 4 2 1 3 767 1855 2087 733
5977 4 2 1 3 161 2178 2075 2076
5978 4 2 1 3 2178 1297 2048 1995
5979 4 2 1 3 2075 2048 1271 2054
5980 4 2 1 3 2076 1995 2054 1298
5981 4 2 1 3 2178 2075 2076 1995
5982 4 2 1 3 2178 1995 2048 2075
5983 4 2 1 3 2075 2076 1995 2054
5984 4 2 1 3 2075 2054 1995 2048
5985 4 2 1 3 1269 1592 1760 2078
5986 4 2 1 3 1592 1277 1761 2115
5987 4 2 1 3 1760 1761 202 2172
5988 4 2 1 3 2078 2115 2172 1342
5989 4 2 1 3 1592 1760 2078 2115
5990 4 2 1 3 1592 2115 1761 1760
5991 4 2 1 3 1760 2078 2115 2172
5992 4 2 1 3 1760 2172 2115 1761
5993 4 2 1 3 16 2179 2180 2181
5994 4 2 1 3 2179 1329 1688 1776
5995 4 2 1 3 2180 1688 1258 1512
5996 4 2 1 3 2181 1776 1512 1333
5997 4 2 1 3 2179 2180 2181 1776
5998 4 2 1 3 2179 1776 1688 2180
5999 4 2 1 3 2180 2181 1776 1512
6000 4 2 1 3 2180 1512 1776 1688
6001 4 2 1 3 177 577 578 1936
6002 4 2 1 3 577 113 579 2182
6003 4 2 1 3 578 579 240 1899
6004 4 2 1 3 1936 2182 1899 1289
6005 4 2 1 3 577 578 1936 2182
6006 4 2 1 3 577 2182 579 578
6007 4 2 1 3 578 1936 2182 1899
6008 4 2 1 3 578 1899 2182 579
6009 4 2 1 3 912 2146 1878 1880
6010 4 2 1 3 2146 1295 1604 1923
6011 4 2 1 3 1878 1604 1257 1851
6012 4 2 1 3 1880 1923 1851 1330
6013 4 2 1 3 2146 1878 1880 1923
6014 4 2 1 3 2146 1923 1604 1878
6015 4 2 1 3 1878 1880 1923 1851
6016 4 2 1 3 1878 1851 1923 1604
6017 4 2 1 3 1261 2069 2184 2185
6018 4 2 1 3 2069 1327 2183 2186
6019 4 2 1 3 2184 2183 1250 1735
6020 4 2 1 3 2185 2186 1735 1340
6021 4 2 1 3 2069 2184 2185 2186
6022 4 2 1 3 2069 2186 2183 2184
6023 4 2 1 3 2184 2185 2186 1735
6024 4 2 1 3 2184 1735 2186 2183
6025 4 2 1 3 935 1237 2188 2189
6026 4 2 1 3 1237 899 2187 2191
6027 4 2 1 3 2188 2187 1313 2190
6028 4 2 1 3 2189 2191 2190 1320
6029 4 2 1 3 1237 2188 2189 2191
6030 4 2 1 3 1237 2191 2187 2188
6031 4 2 1 3 2188 2189 2191 2190
6032 4 2 1 3 2188 2190 2191 2187
6033 4 2 1 3 1291 2192 2193 2194
6034 4 2 1 3 2192 1304 2128 1990
6035 4 2 1 3 2193 2128 127 2129
6036 4 2 1 3 2194 1990 2129 1309
6037 4 2 1 3 2192 2193 2194 1990
6038 4 2 1 3 2192 1990 2128 2193
6039 4 2 1 3 2193 2194 1990 2129
6040 4 2 1 3 2193 2129 1990 2128
6041 4 2 1 3 166 2072 2195 2073
6042 4 2 1 3 2072 1302 1597 2074
6043 4 2 1 3 2195 1597 1265 1805
6044 4 2 1 3 2073 2074 1805 1336
6045 4 2 1 3 2072 2195 2073 2074
6046 4 2 1 3 2072 2074 1597 2195
6047 4 2 1 3 2195 2073 2074 1805
6048 4 2 1 3 2195 1805 2074 1597
6049 4 2 1 3 143 1710 563 1957
6050 4 2 1 3 1710 1312 2196 1958
6051 4 2 1 3 563 2196 209 2197
6052 4 2 1 3 1957 1958 2197 1342
6053 4 2 1 3 1710 563 1957 1958
6054 4 2 1 3 1710 1958 2196 563
6055 4 2 1 3 563 1957 1958 2197
6056 4 2 1 3 563 2197 1958 2196
6057 4 2 1 3 168 1824 310 1825
6058 4 2 1 3 1824 1258 2180 1688
6059 4 2 1 3 310 2180 16 2179
6060 4 2 1 3 1825 1688 2179 1329
6061 4 2 1 3 1824 310 1825 1688
6062 4 2 1 3 1824 1688 2180 310
6063 4 2 1 3 310 1825 1688 2179
6064 4 2 1 3 310 2179 1688 2180
6065 4 2 1 3 1257 1775 1861 1896
6066 4 2 1 3 1775 1276 1721 1897
6067 4 2 1 3 1861 1721 1249 2102
6068 4 2 1 3 1896 1897 2102 1315
6069 4 2 1 3 1775 1861 1896 1897
6070 4 2 1 3 1775 1897 1721 1861
6071 4 2 1 3 1861 1896 1897 2102
6072 4 2 1 3 1861 2102 1897 1721
6073 4 2 1 3 908 1803 1132 1804
6074 4 2 1 3 1803 1265 1394 1805
6075 4 2 1 3 1132 1394 872 2033
6076 4 2 1 3 1804 1805 2033 1336
6077 4 2 1 3 1803 1132 1804 1805
6078 4 2 1 3 1803 1805 1394 1132
6079 4 2 1 3 1132 1804 1805 2033
6080 4 2 1 3 1132 2033 1805 1394
6081 4 2 1 3 1251 2114 2198 2199
6082 4 2 1 3 2114 1324 1753 1751
6083 4 2 1 3 2198 1753 1289 1701
6084 4 2 1 3 2199 1751 1701 1328
6085 4 2 1 3 2114 2198 2199 1751
6086 4 2 1 3 2114 1751 1753 2198
6087 4 2 1 3 2198 2199 1751 1701
6088 4 2 1 3 2198 1701 1751 1753
6089 4 2 1 3 1249 1724 1723 1674
6090 4 2 1 3 1724 1281 1683 1994
6091 4 2 1 3 1723 1683 1263 1506
6092 4 2 1 3 1674 1994 1506 1299
6093 4 2 1 3 1724 1723 1674 1994
6094 4 2 1 3 1724 1994 1683 1723
6095 4 2 1 3 1723 1674 1994 1506
6096 4 2 1 3 1723 1506 1994 1683
6097 4 2 1 3 119 593 594 1754
6098 4 2 1 3 593 116 591 1904
6099 4 2 1 3 594 591 118 2083
6100 4 2 1 3 1754 1904 2083 1317
6101 4 2 1 3 593 594 1754 1904
6102 4 2 1 3 593 1904 591 594
6103 4 2 1 3 594 1754 1904 2083
6104 4 2 1 3 594 2083 1904 591
6105 4 2 1 3 162 1664 440 2047
6106 4 2 1 3 1664 1271 2075 2048
6107 4 2 1 3 440 2075 161 2178
6108 4 2 1 3 2047 2048 2178 1297
6109 4 2 1 3 1664 440 2047 2048
6110 4 2 1 3 1664 2048 2075 440
6111 4 2 1 3 440 2047 2048 2178
6112 4 2 1 3 440 2178 2048 2075
6113 4 2 1 3 1249 1792 2101 2102
6114 4 2 1 3 1792 1256 1498 1921
6115 4 2 1 3 2101 1498 1285 2103
6116 4 2 1 3 2102 1921 2103 1315
6117 4 2 1 3 1792 2101 2102 1921
6118 4 2 1 3 1792 1921 1498 2101
6119 4 2 1 3 2101 2102 1921 2103
6120 4 2 1 3 2101 2103 1921 1498
6121 4 2 1 3 1259 1691 2167 2200
6122 4 2 1 3 1691 1250 2183 1735
6123 4 2 1 3 2167 2183 1327 2186
6124 4 2 1 3 2200 1735 2186 1340
6125 4 2 1 3 1691 2167 2200 1735
6126 4 2 1 3 1691 1735 2183 2167
6127 4 2 1 3 2167 2200 1735 2186
6128 4 2 1 3 2167 2186 1735 2183
6129 4 2 1 3 246 751 1829 1830
6130 4 2 1 3 751 148 1908 1909
6131 4 2 1 3 1829 1908 1280 1483
6132 4 2 1 3 1830 1909 1483 1292
6133 4 2 1 3 751 1829 1830 1909
6134 4 2 1 3 751 1909 1908 1829
6135 4 2 1 3 1829 1830 1909 1483
6136 4 2 1 3 1829 1483 1909 1908
6137 4 2 1 3 1257 1774 1775 1876
6138 4 2 1 3 1774 1251 1636 2201
6139 4 2 1 3 1775 1636 1276 1784
6140 4 2 1 3 1876 2201 1784 1318
6141 4 2 1 3 1774 1775 1876 2201
6142 4 2 1 3 1774 2201 1636 1775
6143 4 2 1 3 1775 1876 2201 1784
6144 4 2 1 3 1775 1784 2201 1636
6145 4 2 1 3 1262 1624 1869 1959
6146 4 2 1 3 1624 1333 1511 2160
6147 4 2 1 3 1869 1511 1277 2115
6148 4 2 1 3 1959 2160 2115 1342
6149 4 2 1 3 1624 1869 1959 2160
6150 4 2 1 3 1624 2160 1511 1869
6151 4 2 1 3 1869 1959 2160 2115
6152 4 2 1 3 1869 2115 2160 1511
6153 4 2 1 3 943 2131 1062 2132
6154 4 2 1 3 2131 1271 2137 2061
6155 4 2 1 3 1062 2137 916 2136
6156 4 2 1 3 2132 2061 2136 1316
6157 4 2 1 3 2131 1062 2132 2061
6158 4 2 1 3 2131 2061 2137 1062
6159 4 2 1 3 1062 2132 2061 2136
6160 4 2 1 3 1062 2136 2061 2137
6161 4 2 1 3 937 1096 1235 2202
6162 4 2 1 3 1096 914 1234 2007
6163 4 2 1 3 1235 1234 895 1918
6164 4 2 1 3 2202 2007 1918 1295
6165 4 2 1 3 1096 1235 2202 2007
6166 4 2 1 3 1096 2007 1234 1235
6167 4 2 1 3 1235 2202 2007 1918
6168 4 2 1 3 1235 1918 2007 1234
6169 4 2 1 3 935 2188 2204 2189
6170 4 2 1 3 2188 1313 2203 2190
6171 4 2 1 3 2204 2203 1278 2205
6172 4 2 1 3 2189 2190 2205 1320
6173 4 2 1 3 2188 2204 2189 2190
6174 4 2 1 3 2188 2190 2203 2204
6175 4 2 1 3 2204 2189 2190 2205
6176 4 2 1 3 2204 2205 2190 2203
6177 4 2 1 3 129 658 2206 2063
6178 4 2 1 3 658 200 1454 1455
6179 4 2 1 3 2206 1454 1314 1386
6180 4 2 1 3 2063 1455 1386 1346
6181 4 2 1 3 658 2206 2063 1455
6182 4 2 1 3 658 1455 1454 2206
6183 4 2 1 3 2206 2063 1455 1386
6184 4 2 1 3 2206 1386 1455 1454
6185 4 2 1 3 932 1246 1045 2014
6186 4 2 1 3 1246 901 1218 1417
6187 4 2 1 3 1045 1218 915 1418
6188 4 2 1 3 2014 1417 1418 1307
6189 4 2 1 3 1246 1045 2014 1417
6190 4 2 1 3 1246 1417 1218 1045
6191 4 2 1 3 1045 2014 1417 1418
6192 4 2 1 3 1045 1418 1417 1218
6193 4 2 1 3 901 1187 1218 1479
6194 4 2 1 3 1187 890 1219 2141
6195 4 2 1 3 1218 1219 915 1481
6196 4 2 1 3 1479 2141 1481 1322
6197 4 2 1 3 1187 1218 1479 2141
6198 4 2 1 3 1187 2141 1219 1218
6199 4 2 1 3 1218 1479 2141 1481
6200 4 2 1 3 1218 1481 2141 1219
6201 4 2 1 3 155 513 511 1886
6202 4 2 1 3 513 255 501 1983
6203 4 2 1 3 511 501 100 1796
6204 4 2 1 3 1886 1983 1796 1287
6205 4 2 1 3 513 511 1886 1983
6206 4 2 1 3 513 1983 501 511
6207 4 2 1 3 511 1886 1983 1796
6208 4 2 1 3 511 1796 1983 501
6209 4 2 1 3 88 2207 2176 2177
6210 4 2 1 3 2207 1287 1713 1985
6211 4 2 1 3 2176 1713 1258 1828
6212 4 2 1 3 2177 1985 1828 1332
6213 4 2 1 3 2207 2176 2177 1985
6214 4 2 1 3 2207 1985 1713 2176
6215 4 2 1 3 2176 2177 1985 1828
6216 4 2 1 3 2176 1828 1985 1713
6217 4 2 1 3 150 2208 2174 2210
6218 4 2 1 3 2208 1310 2209 2211
6219 4 2 1 3 2174 2209 1261 1953
6220 4 2 1 3 2210 2211 1953 1339
6221 4 2 1 3 2208 2174 2210 2211
6222 4 2 1 3 2208 2211 2209 2174
6223 4 2 1 3 2174 2210 2211 1953
6224 4 2 1 3 2174 1953 2211 2209
6225 4 2 1 3 168 310 311 1825
6226 4 2 1 3 310 16 15 2179
6227 4 2 1 3 311 15 14 1840
6228 4 2 1 3 1825 2179 1840 1329
6229 4 2 1 3 310 311 1825 2179
6230 4 2 1 3 310 2179 15 311
6231 4 2 1 3 311 1825 2179 1840
6232 4 2 1 3 311 1840 2179 15
6233 4 2 1 3 131 639 646 2212
6234 4 2 1 3 639 127 647 2129
6235 4 2 1 3 646 647 132 1989
6236 4 2 1 3 2212 2129 1989 1309
6237 4 2 1 3 639 646 2212 2129
6238 4 2 1 3 639 2129 647 646
6239 4 2 1 3 646 2212 2129 1989
6240 4 2 1 3 646 1989 2129 647
6241 4 2 1 3 123 621 1873 1934
6242 4 2 1 3 621 124 1972 2089
6243 4 2 1 3 1873 1972 1266 1657
6244 4 2 1 3 1934 2089 1657 1346
6245 4 2 1 3 621 1873 1934 2089
6246 4 2 1 3 621 2089 1972 1873
6247 4 2 1 3 1873 1934 2089 1657
6248 4 2 1 3 1873 1657 2089 1972
6249 4 2 1 3 240 579 580 1900
6250 4 2 1 3 579 113 566 2214
6251 4 2 1 3 580 566 208 2213
6252 4 2 1 3 1900 2214 2213 1311
6253 4 2 1 3 579 580 1900 2214
6254 4 2 1 3 579 2214 566 580
6255 4 2 1 3 580 1900 2214 2213
6256 4 2 1 3 580 2213 2214 566
6257 4 2 1 3 207 730 453 2099
6258 4 2 1 3 730 143 731 1574
6259 4 2 1 3 453 731 239 1933
6260 4 2 1 3 2099 1574 1933 1287
6261 4 2 1 3 730 453 2099 1574
6262 4 2 1 3 730 1574 731 453
6263 4 2 1 3 453 2099 1574 1933
6264 4 2 1 3 453 1933 1574 731
6265 4 2 1 3 260 304 2215 2216
6266 4 2 1 3 304 14 1964 1843
6267 4 2 1 3 2215 1964 1272 1965
6268 4 2 1 3 2216 1843 1965 1332
6269 4 2 1 3 304 2215 2216 1843
6270 4 2 1 3 304 1843 1964 2215
6271 4 2 1 3 2215 2216 1843 1965
6272 4 2 1 3 2215 1965 1843 1964
6273 4 2 1 3 922 2110 2109 2217
6274 4 2 1 3 2110 1278 2111 2205
6275 4 2 1 3 2109 2111 96 2218
6276 4 2 1 3 2217 2205 2218 1320
6277 4 2 1 3 2110 2109 2217 2205
6278 4 2 1 3 2110 2205 2111 2109
6279 4 2 1 3 2109 2217 2205 2218
6280 4 2 1 3 2109 2218 2205 2111
6281 4 2 1 3 938 1036 2220 2221
6282 4 2 1 3 1036 855 2219 2223
6283 4 2 1 3 2220 2219 105 2222
6284 4 2 1 3 2221 2223 2222 1284
6285 4 2 1 3 1036 2220 2221 2223
6286 4 2 1 3 1036 2223 2219 2220
6287 4 2 1 3 2220 2221 2223 2222
6288 4 2 1 3 2220 2222 2223 2219
6289 4 2 1 3 1268 2224 2225 1538
6290 4 2 1 3 2224 1293 2090 2042
6291 4 2 1 3 2225 2090 883 2226
6292 4 2 1 3 1538 2042 2226 1308
6293 4 2 1 3 2224 2225 1538 2042
6294 4 2 1 3 2224 2042 2090 2225
6295 4 2 1 3 2225 1538 2042 2226
6296 4 2 1 3 2225 2226 2042 2090
6297 4 2 1 3 1263 2100 1462 1676
6298 4 2 1 3 2100 1247 1349 2026
6299 4 2 1 3 1462 1349 1296 1839
6300 4 2 1 3 1676 2026 1839 1308
6301 4 2 1 3 2100 1462 1676 2026
6302 4 2 1 3 2100 2026 1349 1462
6303 4 2 1 3 1462 1676 2026 1839
6304 4 2 1 3 1462 1839 2026 1349
6305 4 2 1 3 261 1620 813 1542
6306 4 2 1 3 1620 1284 2227 1621
6307 4 2 1 3 813 2227 221 2228
6308 4 2 1 3 1542 1621 2228 1306
6309 4 2 1 3 1620 813 1542 1621
6310 4 2 1 3 1620 1621 2227 813
6311 4 2 1 3 813 1542 1621 2228
6312 4 2 1 3 813 2228 1621 2227
6313 4 2 1 3 910 2229 1074 2231
6314 4 2 1 3 2229 1259 2230 2164
6315 4 2 1 3 1074 2230 920 2232
6316 4 2 1 3 2231 2164 2232 1310
6317 4 2 1 3 2229 1074 2231 2164
6318 4 2 1 3 2229 2164 2230 1074
6319 4 2 1 3 1074 2231 2164 2232
6320 4 2 1 3 1074 2232 2164 2230
6321 4 2 1 3 883 2090 2225 2091
6322 4 2 1 3 2090 1293 2224 1643
6323 4 2 1 3 2225 2224 1268 1595
6324 4 2 1 3 2091 1643 1595 1322
6325 4 2 1 3 2090 2225 2091 1643
6326 4 2 1 3 2090 1643 2224 2225
6327 4 2 1 3 2225 2091 1643 1595
6328 4 2 1 3 2225 1595 1643 2224
6329 4 2 1 3 109 2106 2233 2107
6330 4 2 1 3 2106 1298 2057 2097
6331 4 2 1 3 2233 2057 1311 2234
6332 4 2 1 3 2107 2097 2234 1312
6333 4 2 1 3 2106 2233 2107 2097
6334 4 2 1 3 2106 2097 2057 2233
6335 4 2 1 3 2233 2107 2097 2234
6336 4 2 1 3 2233 2234 2097 2057
6337 4 2 1 3 167 2154 775 2029
6338 4 2 1 3 2154 1265 2235 1802
6339 4 2 1 3 775 2235 154 1813
6340 4 2 1 3 2029 1802 1813 1294
6341 4 2 1 3 2154 775 2029 1802
6342 4 2 1 3 2154 1802 2235 775
6343 4 2 1 3 775 2029 1802 1813
6344 4 2 1 3 775 1813 1802 2235
6345 4 2 1 3 1256 1781 1780 1619
6346 4 2 1 3 1781 1281 1405 1612
6347 4 2 1 3 1780 1405 1254 1533
6348 4 2 1 3 1619 1612 1533 1284
6349 4 2 1 3 1781 1780 1619 1612
6350 4 2 1 3 1781 1612 1405 1780
6351 4 2 1 3 1780 1619 1612 1533
6352 4 2 1 3 1780 1533 1612 1405
6353 4 2 1 3 260 304 305 2215
6354 4 2 1 3 304 14 13 1964
6355 4 2 1 3 305 13 12 1924
6356 4 2 1 3 2215 1964 1924 1272
6357 4 2 1 3 304 305 2215 1964
6358 4 2 1 3 304 1964 13 305
6359 4 2 1 3 305 2215 1964 1924
6360 4 2 1 3 305 1924 1964 13
6361 4 2 1 3 189 2236 2237 2238
6362 4 2 1 3 2236 924 1012 2060
6363 4 2 1 3 2237 1012 857 2239
6364 4 2 1 3 2238 2060 2239 1316
6365 4 2 1 3 2236 2237 2238 2060
6366 4 2 1 3 2236 2060 1012 2237
6367 4 2 1 3 2237 2238 2060 2239
6368 4 2 1 3 2237 2239 2060 1012
6369 4 2 1 3 877 1146 1366 2240
6370 4 2 1 3 1146 878 1682 1788
6371 4 2 1 3 1366 1682 1263 1738
6372 4 2 1 3 2240 1788 1738 1343
6373 4 2 1 3 1146 1366 2240 1788
6374 4 2 1 3 1146 1788 1682 1366
6375 4 2 1 3 1366 2240 1788 1738
6376 4 2 1 3 1366 1738 1788 1682
6377 4 2 1 3 944 1116 1081 1846
6378 4 2 1 3 1116 908 1132 1804
6379 4 2 1 3 1081 1132 872 2033
6380 4 2 1 3 1846 1804 2033 1336
6381 4 2 1 3 1116 1081 1846 1804
6382 4 2 1 3 1116 1804 1132 1081
6383 4 2 1 3 1081 1846 1804 2033
6384 4 2 1 3 1081 2033 1804 1132
6385 4 2 1 3 166 476 2195 2072
6386 4 2 1 3 476 158 1694 1695
6387 4 2 1 3 2195 1694 1265 1597
6388 4 2 1 3 2072 1695 1597 1302
6389 4 2 1 3 476 2195 2072 1695
6390 4 2 1 3 476 1695 1694 2195
6391 4 2 1 3 2195 2072 1695 1597
6392 4 2 1 3 2195 1597 1695 1694
6393 4 2 1 3 1266 1971 2002 1456
6394 4 2 1 3 1971 1291 2003 2194
6395 4 2 1 3 2002 2003 125 2032
6396 4 2 1 3 1456 2194 2032 1309
6397 4 2 1 3 1971 2002 1456 2194
6398 4 2 1 3 1971 2194 2003 2002
6399 4 2 1 3 2002 1456 2194 2032
6400 4 2 1 3 2002 2032 2194 2003
6401 4 2 1 3 203 845 2241 2242
6402 4 2 1 3 845 204 2157 2159
6403 4 2 1 3 2241 2157 1333 2160
6404 4 2 1 3 2242 2159 2160 1342
6405 4 2 1 3 845 2241 2242 2159
6406 4 2 1 3 845 2159 2157 2241
6407 4 2 1 3 2241 2242 2159 2160
6408 4 2 1 3 2241 2160 2159 2157
6409 4 2 1 3 868 1768 958 1770
6410 4 2 1 3 1768 97 2116 1769
6411 4 2 1 3 958 2116 926 2118
6412 4 2 1 3 1770 1769 2118 1294
6413 4 2 1 3 1768 958 1770 1769
6414 4 2 1 3 1768 1769 2116 958
6415 4 2 1 3 958 1770 1769 2118
6416 4 2 1 3 958 2118 1769 2116
6417 4 2 1 3 152 2243 279 2244
6418 4 2 1 3 2243 1286 1887 1357
6419 4 2 1 3 279 1887 4 1890
6420 4 2 1 3 2244 1357 1890 1319
6421 4 2 1 3 2243 279 2244 1357
6422 4 2 1 3 2243 1357 1887 279
6423 4 2 1 3 279 2244 1357 1890
6424 4 2 1 3 279 1890 1357 1887
6425 4 2 1 3 916 1243 2170 2138
6426 4 2 1 3 1243 899 2169 2245
6427 4 2 1 3 2170 2169 1260 1747
6428 4 2 1 3 2138 2245 1747 1324
6429 4 2 1 3 1243 2170 2138 2245
6430 4 2 1 3 1243 2245 2169 2170
6431 4 2 1 3 2170 2138 2245 1747
6432 4 2 1 3 2170 1747 2245 2169
6433 4 2 1 3 143 731 1573 1957
6434 4 2 1 3 731 239 1932 2246
6435 4 2 1 3 1573 1932 1262 1959
6436 4 2 1 3 1957 2246 1959 1342
6437 4 2 1 3 731 1573 1957 2246
6438 4 2 1 3 731 2246 1932 1573
6439 4 2 1 3 1573 1957 2246 1959
6440 4 2 1 3 1573 1959 2246 1932
6441 4 2 1 3 1259 2164 2165 1912
6442 4 2 1 3 2164 1310 2163 2248
6443 4 2 1 3 2165 2163 247 2247
6444 4 2 1 3 1912 2248 2247 1345
6445 4 2 1 3 2164 2165 1912 2248
6446 4 2 1 3 2164 2248 2163 2165
6447 4 2 1 3 2165 1912 2248 2247
6448 4 2 1 3 2165 2247 2248 2163
6449 4 2 1 3 114 1810 572 2077
6450 4 2 1 3 1810 1269 2249 2078
6451 4 2 1 3 572 2249 115 2250
6452 4 2 1 3 2077 2078 2250 1342
6453 4 2 1 3 1810 572 2077 2078
6454 4 2 1 3 1810 2078 2249 572
6455 4 2 1 3 572 2077 2078 2250
6456 4 2 1 3 572 2250 2078 2249
6457 4 2 1 3 240 1900 835 2151
6458 4 2 1 3 1900 1311 2251 2152
6459 4 2 1 3 835 2251 232 2252
6460 4 2 1 3 2151 2152 2252 1316
6461 4 2 1 3 1900 835 2151 2152
6462 4 2 1 3 1900 2152 2251 835
6463 4 2 1 3 835 2151 2152 2252
6464 4 2 1 3 835 2252 2152 2251
6465 4 2 1 3 1252 1647 2147 1609
6466 4 2 1 3 1647 1273 2253 1648
6467 4 2 1 3 2147 2253 1321 2149
6468 4 2 1 3 1609 1648 2149 1323
6469 4 2 1 3 1647 2147 1609 1648
6470 4 2 1 3 1647 1648 2253 2147
6471 4 2 1 3 2147 1609 1648 2149
6472 4 2 1 3 2147 2149 1648 2253
6473 4 2 1 3 905 1651 1150 1652
6474 4 2 1 3 1651 1270 1525 1554
6475 4 2 1 3 1150 1525 876 1555
6476 4 2 1 3 1652 1554 1555 1301
6477 4 2 1 3 1651 1150 1652 1554
6478 4 2 1 3 1651 1554 1525 1150
6479 4 2 1 3 1150 1652 1554 1555
6480 4 2 1 3 1150 1555 1554 1525
6481 4 2 1 3 140 1759 703 1966
6482 4 2 1 3 1759 1288 2080 2010
6483 4 2 1 3 703 2080 259 2254
6484 4 2 1 3 1966 2010 2254 1335
6485 4 2 1 3 1759 703 1966 2010
6486 4 2 1 3 1759 2010 2080 703
6487 4 2 1 3 703 1966 2010 2254
6488 4 2 1 3 703 2254 2010 2080
6489 4 2 1 3 1258 1713 2176 1512
6490 4 2 1 3 1713 1287 2207 2135
6491 4 2 1 3 2176 2207 88 2255
6492 4 2 1 3 1512 2135 2255 1333
6493 4 2 1 3 1713 2176 1512 2135
6494 4 2 1 3 1713 2135 2207 2176
6495 4 2 1 3 2176 1512 2135 2255
6496 4 2 1 3 2176 2255 2135 2207
6497 4 2 1 3 887 1177 1175 1871
6498 4 2 1 3 1177 902 1166 1628
6499 4 2 1 3 1175 1166 881 1717
6500 4 2 1 3 1871 1628 1717 1267
6501 4 2 1 3 1177 1175 1871 1628
6502 4 2 1 3 1177 1628 1166 1175
6503 4 2 1 3 1175 1871 1628 1717
6504 4 2 1 3 1175 1717 1628 1166
6505 4 2 1 3 219 2256 810 2257
6506 4 2 1 3 2256 1260 1898 2150
6507 4 2 1 3 810 1898 240 2151
6508 4 2 1 3 2257 2150 2151 1316
6509 4 2 1 3 2256 810 2257 2150
6510 4 2 1 3 2256 2150 1898 810
6511 4 2 1 3 810 2257 2150 2151
6512 4 2 1 3 810 2151 2150 1898
6513 4 2 1 3 1251 1636 2113 1637
6514 4 2 1 3 1636 1276 1680 1638
6515 4 2 1 3 2113 1680 1267 2258
6516 4 2 1 3 1637 1638 2258 1303
6517 4 2 1 3 1636 2113 1637 1638
6518 4 2 1 3 1636 1638 1680 2113
6519 4 2 1 3 2113 1637 1638 2258
6520 4 2 1 3 2113 2258 1638 1680
6521 4 2 1 3 1249 1791 1674 2064
6522 4 2 1 3 1791 1279 1993 1986
6523 4 2 1 3 1674 1993 1299 2065
6524 4 2 1 3 2064 1986 2065 1332
6525 4 2 1 3 1791 1674 2064 1986
6526 4 2 1 3 1791 1986 1993 1674
6527 4 2 1 3 1674 2064 1986 2065
6528 4 2 1 3 1674 2065 1986 1993
6529 4 2 1 3 168 317 310 1824
6530 4 2 1 3 317 88 270 2176
6531 4 2 1 3 310 270 16 2180
6532 4 2 1 3 1824 2176 2180 1258
6533 4 2 1 3 317 310 1824 2176
6534 4 2 1 3 317 2176 270 310
6535 4 2 1 3 310 1824 2176 2180
6536 4 2 1 3 310 2180 2176 270
6537 4 2 1 3 1271 2061 2056 2139
6538 4 2 1 3 2061 1316 2152 2140
6539 4 2 1 3 2056 2152 1311 2259
6540 4 2 1 3 2139 2140 2259 1324
6541 4 2 1 3 2061 2056 2139 2140
6542 4 2 1 3 2061 2140 2152 2056
6543 4 2 1 3 2056 2139 2140 2259
6544 4 2 1 3 2056 2259 2140 2152
6545 4 2 1 3 939 1087 1120 2126
6546 4 2 1 3 1087 912 1212 1879
6547 4 2 1 3 1120 1212 897 2044
6548 4 2 1 3 2126 1879 2044 1297
6549 4 2 1 3 1087 1120 2126 1879
6550 4 2 1 3 1087 1879 1212 1120
6551 4 2 1 3 1120 2126 1879 2044
6552 4 2 1 3 1120 2044 1879 1212
6553 4 2 1 3 240 1899 579 1900
6554 4 2 1 3 1899 1289 2182 1901
6555 4 2 1 3 579 2182 113 2214
6556 4 2 1 3 1900 1901 2214 1311
6557 4 2 1 3 1899 579 1900 1901
6558 4 2 1 3 1899 1901 2182 579
6559 4 2 1 3 579 1900 1901 2214
6560 4 2 1 3 579 2214 1901 2182
6561 4 2 1 3 236 733 698 1854
6562 4 2 1 3 733 228 734 2088
6563 4 2 1 3 698 734 144 1916
6564 4 2 1 3 1854 2088 1916 1288
6565 4 2 1 3 733 698 1854 2088
6566 4 2 1 3 733 2088 734 698
6567 4 2 1 3 698 1854 2088 1916
6568 4 2 1 3 698 1916 2088 734
6569 4 2 1 3 1278 2260 2262 2205
6570 4 2 1 3 2260 1305 2261 2264
6571 4 2 1 3 2262 2261 173 2263
6572 4 2 1 3 2205 2264 2263 1320
6573 4 2 1 3 2260 2262 2205 2264
6574 4 2 1 3 2260 2264 2261 2262
6575 4 2 1 3 2262 2205 2264 2263
6576 4 2 1 3 2262 2263 2264 2261
6577 4 2 1 3 1261 2067 2184 2069
6578 4 2 1 3 2067 1291 2265 2070
6579 4 2 1 3 2184 2265 1250 2183
6580 4 2 1 3 2069 2070 2183 1327
6581 4 2 1 3 2067 2184 2069 2070
6582 4 2 1 3 2067 2070 2265 2184
6583 4 2 1 3 2184 2069 2070 2183
6584 4 2 1 3 2184 2183 2070 2265
6585 4 2 1 3 114 1809 574 1836
6586 4 2 1 3 1809 1289 2266 1835
6587 4 2 1 3 574 2266 216 2267
6588 4 2 1 3 1836 1835 2267 1305
6589 4 2 1 3 1809 574 1836 1835
6590 4 2 1 3 1809 1835 2266 574
6591 4 2 1 3 574 1836 1835 2267
6592 4 2 1 3 574 2267 1835 2266
6593 4 2 1 3 149 643 2066 2068
6594 4 2 1 3 643 133 2268 2269
6595 4 2 1 3 2066 2268 1291 2070
6596 4 2 1 3 2068 2269 2070 1327
6597 4 2 1 3 643 2066 2068 2269
6598 4 2 1 3 643 2269 2268 2066
6599 4 2 1 3 2066 2068 2269 2070
6600 4 2 1 3 2066 2070 2269 2268
6601 4 2 1 3 247 2163 429 2247
6602 4 2 1 3 2163 1310 2270 2248
6603 4 2 1 3 429 2270 159 2271
6604 4 2 1 3 2247 2248 2271 1345
6605 4 2 1 3 2163 429 2247 2248
6606 4 2 1 3 2163 2248 2270 429
6607 4 2 1 3 429 2247 2248 2271
6608 4 2 1 3 429 2271 2248 2270
6609 4 2 1 3 880 1551 1169 1552
6610 4 2 1 3 1551 1268 2225 1538
6611 4 2 1 3 1169 2225 883 2226
6612 4 2 1 3 1552 1538 2226 1308
6613 4 2 1 3 1551 1169 1552 1538
6614 4 2 1 3 1551 1538 2225 1169
6615 4 2 1 3 1169 1552 1538 2226
6616 4 2 1 3 1169 2226 1538 2225
6617 4 2 1 3 1249 1674 1723 1675
6618 4 2 1 3 1674 1299 1506 1508
6619 4 2 1 3 1723 1506 1263 1465
6620 4 2 1 3 1675 1508 1465 1303
6621 4 2 1 3 1674 1723 1675 1508
6622 4 2 1 3 1674 1508 1506 1723
6623 4 2 1 3 1723 1675 1508 1465
6624 4 2 1 3 1723 1465 1508 1506
6625 4 2 1 3 219 2257 419 2273
6626 4 2 1 3 2257 1316 2272 2275
6627 4 2 1 3 419 2272 83 2274
6628 4 2 1 3 2273 2275 2274 1320
6629 4 2 1 3 2257 419 2273 2275
6630 4 2 1 3 2257 2275 2272 419
6631 4 2 1 3 419 2273 2275 2274
6632 4 2 1 3 419 2274 2275 2272
6633 4 2 1 3 909 1197 1137 1547
6634 4 2 1 3 1197 911 1227 1798
6635 4 2 1 3 1137 1227 893 1404
6636 4 2 1 3 1547 1798 1404 1281
6637 4 2 1 3 1197 1137 1547 1798
6638 4 2 1 3 1197 1798 1227 1137
6639 4 2 1 3 1137 1547 1798 1404
6640 4 2 1 3 1137 1404 1798 1227
6641 4 2 1 3 187 2276 2019 2021
6642 4 2 1 3 2276 854 985 2277
6643 4 2 1 3 2019 985 927 2023
6644 4 2 1 3 2021 2277 2023 1290
6645 4 2 1 3 2276 2019 2021 2277
6646 4 2 1 3 2276 2277 985 2019
6647 4 2 1 3 2019 2021 2277 2023
6648 4 2 1 3 2019 2023 2277 985
6649 4 2 1 3 94 359 2279 2280
6650 4 2 1 3 359 181 2278 1981
6651 4 2 1 3 2279 2278 930 2281
6652 4 2 1 3 2280 1981 2281 1307
6653 4 2 1 3 359 2279 2280 1981
6654 4 2 1 3 359 1981 2278 2279
6655 4 2 1 3 2279 2280 1981 2281
6656 4 2 1 3 2279 2281 1981 2278
6657 4 2 1 3 250 282 265 1894
6658 4 2 1 3 282 152 279 2244
6659 4 2 1 3 265 279 4 1890
6660 4 2 1 3 1894 2244 1890 1319
6661 4 2 1 3 282 265 1894 2244
6662 4 2 1 3 282 2244 279 265
6663 4 2 1 3 265 1894 2244 1890
6664 4 2 1 3 265 1890 2244 279
6665 4 2 1 3 863 1094 1938 1941
6666 4 2 1 3 1094 914 2007 1955
6667 4 2 1 3 1938 2007 1295 1926
6668 4 2 1 3 1941 1955 1926 1306
6669 4 2 1 3 1094 1938 1941 1955
6670 4 2 1 3 1094 1955 2007 1938
6671 4 2 1 3 1938 1941 1955 1926
6672 4 2 1 3 1938 1926 1955 2007
6673 4 2 1 3 907 1090 1091 1654
6674 4 2 1 3 1090 906 1089 1670
6675 4 2 1 3 1091 1089 862 2104
6676 4 2 1 3 1654 1670 2104 1288
6677 4 2 1 3 1090 1091 1654 1670
6678 4 2 1 3 1090 1670 1089 1091
6679 4 2 1 3 1091 1654 1670 2104
6680 4 2 1 3 1091 2104 1670 1089
6681 4 2 1 3 1249 2101 1791 1714
6682 4 2 1 3 2101 1285 1499 1797
6683 4 2 1 3 1791 1499 1279 1795
6684 4 2 1 3 1714 1797 1795 1287
6685 4 2 1 3 2101 1791 1714 1797
6686 4 2 1 3 2101 1797 1499 1791
6687 4 2 1 3 1791 1714 1797 1795
6688 4 2 1 3 1791 1795 1797 1499
6689 4 2 1 3 213 518 506 1497
6690 4 2 1 3 518 142 517 1845
6691 4 2 1 3 506 517 101 1737
6692 4 2 1 3 1497 1845 1737 1285
6693 4 2 1 3 518 506 1497 1845
6694 4 2 1 3 518 1845 517 506
6695 4 2 1 3 506 1497 1845 1737
6696 4 2 1 3 506 1737 1845 517
6697 4 2 1 3 104 1602 519 1603
6698 4 2 1 3 1602 1274 1832 1524
6699 4 2 1 3 519 1832 102 1831
6700 4 2 1 3 1603 1524 1831 1285
6701 4 2 1 3 1602 519 1603 1524
6702 4 2 1 3 1602 1524 1832 519
6703 4 2 1 3 519 1603 1524 1831
6704 4 2 1 3 519 1831 1524 1832
6705 4 2 1 3 86 1915 2018 2049
6706 4 2 1 3 1915 869 1733 2282
6707 4 2 1 3 2018 1733 1271 2048
6708 4 2 1 3 2049 2282 2048 1297
6709 4 2 1 3 1915 2018 2049 2282
6710 4 2 1 3 1915 2282 1733 2018
6711 4 2 1 3 2018 2049 2282 2048
6712 4 2 1 3 2018 2048 2282 1733
6713 4 2 1 3 163 307 302 2283
6714 4 2 1 3 307 164 299 1482
6715 4 2 1 3 302 299 12 1925
6716 4 2 1 3 2283 1482 1925 1292
6717 4 2 1 3 307 302 2283 1482
6718 4 2 1 3 307 1482 299 302
6719 4 2 1 3 302 2283 1482 1925
6720 4 2 1 3 302 1925 1482 299
6721 4 2 1 3 98 2125 2092 2284
6722 4 2 1 3 2125 1272 1501 1965
6723 4 2 1 3 2092 1501 1279 1986
6724 4 2 1 3 2284 1965 1986 1332
6725 4 2 1 3 2125 2092 2284 1965
6726 4 2 1 3 2125 1965 1501 2092
6727 4 2 1 3 2092 2284 1965 1986
6728 4 2 1 3 2092 1986 1965 1501
6729 4 2 1 3 114 584 582 1811
6730 4 2 1 3 584 117 583 2012
6731 4 2 1 3 582 583 116 1904
6732 4 2 1 3 1811 2012 1904 1317
6733 4 2 1 3 584 582 1811 2012
6734 4 2 1 3 584 2012 583 582
6735 4 2 1 3 582 1811 2012 1904
6736 4 2 1 3 582 1904 2012 583
6737 4 2 1 3 256 663 664 2285
6738 4 2 1 3 663 217 620 1614
6739 4 2 1 3 664 620 130 1478
6740 4 2 1 3 2285 1614 1478 1277
6741 4 2 1 3 663 664 2285 1614
6742 4 2 1 3 663 1614 620 664
6743 4 2 1 3 664 2285 1614 1478
6744 4 2 1 3 664 1478 1614 620
6745 4 2 1 3 219 810 423 2257
6746 4 2 1 3 810 240 834 2151
6747 4 2 1 3 423 834 190 2286
6748 4 2 1 3 2257 2151 2286 1316
6749 4 2 1 3 810 423 2257 2151
6750 4 2 1 3 810 2151 834 423
6751 4 2 1 3 423 2257 2151 2286
6752 4 2 1 3 423 2286 2151 834
6753 4 2 1 3 142 528 516 1845
6754 4 2 1 3 528 229 527 1568
6755 4 2 1 3 516 527 103 1712
6756 4 2 1 3 1845 1568 1712 1285
6757 4 2 1 3 528 516 1845 1568
6758 4 2 1 3 528 1568 527 516
6759 4 2 1 3 516 1845 1568 1712
6760 4 2 1 3 516 1712 1568 527
6761 4 2 1 3 1261 2209 2174 2069
6762 4 2 1 3 2209 1310 2208 2168
6763 4 2 1 3 2174 2208 150 2175
6764 4 2 1 3 2069 2168 2175 1327
6765 4 2 1 3 2209 2174 2069 2168
6766 4 2 1 3 2209 2168 2208 2174
6767 4 2 1 3 2174 2069 2168 2175
6768 4 2 1 3 2174 2175 2168 2208
6769 4 2 1 3 1262 1572 1686 1575
6770 4 2 1 3 1572 1274 1734 1576
6771 4 2 1 3 1686 1734 1249 1714
6772 4 2 1 3 1575 1576 1714 1287
6773 4 2 1 3 1572 1686 1575 1576
6774 4 2 1 3 1572 1576 1734 1686
6775 4 2 1 3 1686 1575 1576 1714
6776 4 2 1 3 1686 1714 1576 1734
6777 4 2 1 3 916 2170 1244 2136
6778 4 2 1 3 2170 1260 2171 2150
6779 4 2 1 3 1244 2171 940 2287
6780 4 2 1 3 2136 2150 2287 1316
6781 4 2 1 3 2170 1244 2136 2150
6782 4 2 1 3 2170 2150 2171 1244
6783 4 2 1 3 1244 2136 2150 2287
6784 4 2 1 3 1244 2287 2150 2171
6785 4 2 1 3 916 2137 1241 2138
6786 4 2 1 3 2137 1271 2288 2139
6787 4 2 1 3 1241 2288 898 2289
6788 4 2 1 3 2138 2139 2289 1324
6789 4 2 1 3 2137 1241 2138 2139
6790 4 2 1 3 2137 2139 2288 1241
6791 4 2 1 3 1241 2138 2139 2289
6792 4 2 1 3 1241 2289 2139 2288
6793 4 2 1 3 16 2180 270 2181
6794 4 2 1 3 2180 1258 2176 1512
6795 4 2 1 3 270 2176 88 2255
6796 4 2 1 3 2181 1512 2255 1333
6797 4 2 1 3 2180 270 2181 1512
6798 4 2 1 3 2180 1512 2176 270
6799 4 2 1 3 270 2181 1512 2255
6800 4 2 1 3 270 2255 1512 2176
6801 4 2 1 3 1251 1774 2005 2201
6802 4 2 1 3 1774 1257 1626 1876
6803 4 2 1 3 2005 1626 1298 2290
6804 4 2 1 3 2201 1876 2290 1318
6805 4 2 1 3 1774 2005 2201 1876
6806 4 2 1 3 1774 1876 1626 2005
6807 4 2 1 3 2005 2201 1876 2290
6808 4 2 1 3 2005 2290 1876 1626
6809 4 2 1 3 261 813 814 1542
6810 4 2 1 3 813 221 811 2228
6811 4 2 1 3 814 811 179 1954
6812 4 2 1 3 1542 2228 1954 1306
6813 4 2 1 3 813 814 1542 2228
6814 4 2 1 3 813 2228 811 814
6815 4 2 1 3 814 1542 2228 1954
6816 4 2 1 3 814 1954 2228 811
6817 4 2 1 3 175 795 2291 2292
6818 4 2 1 3 795 173 2262 2261
6819 4 2 1 3 2291 2262 1278 2260
6820 4 2 1 3 2292 2261 2260 1305
6821 4 2 1 3 795 2291 2292 2261
6822 4 2 1 3 795 2261 2262 2291
6823 4 2 1 3 2291 2292 2261 2260
6824 4 2 1 3 2291 2260 2261 2262
6825 4 2 1 3 247 765 2163 2166
6826 4 2 1 3 765 151 2293 2294
6827 4 2 1 3 2163 2293 1310 2168
6828 4 2 1 3 2166 2294 2168 1327
6829 4 2 1 3 765 2163 2166 2294
6830 4 2 1 3 765 2294 2293 2163
6831 4 2 1 3 2163 2166 2294 2168
6832 4 2 1 3 2163 2168 2294 2293
6833 4 2 1 3 230 743 428 2295
6834 4 2 1 3 743 160 785 2297
6835 4 2 1 3 428 785 235 2296
6836 4 2 1 3 2295 2297 2296 1329
6837 4 2 1 3 743 428 2295 2297
6838 4 2 1 3 743 2297 785 428
6839 4 2 1 3 428 2295 2297 2296
6840 4 2 1 3 428 2296 2297 785
6841 4 2 1 3 117 584 585 2011
6842 4 2 1 3 584 114 574 1836
6843 4 2 1 3 585 574 216 2267
6844 4 2 1 3 2011 1836 2267 1305
6845 4 2 1 3 584 585 2011 1836
6846 4 2 1 3 584 1836 574 585
6847 4 2 1 3 585 2011 1836 2267
6848 4 2 1 3 585 2267 1836 574
6849 4 2 1 3 902 1177 1207 1630
6850 4 2 1 3 1177 887 1205 2085
6851 4 2 1 3 1207 1205 903 2298
6852 4 2 1 3 1630 2085 2298 1324
6853 4 2 1 3 1177 1207 1630 2085
6854 4 2 1 3 1177 2085 1205 1207
6855 4 2 1 3 1207 1630 2085 2298
6856 4 2 1 3 1207 2298 2085 1205
6857 4 2 1 3 883 2225 1170 2091
6858 4 2 1 3 2225 1268 1471 1595
6859 4 2 1 3 1170 1471 884 1594
6860 4 2 1 3 2091 1595 1594 1322
6861 4 2 1 3 2225 1170 2091 1595
6862 4 2 1 3 2225 1595 1471 1170
6863 4 2 1 3 1170 2091 1595 1594
6864 4 2 1 3 1170 1594 1595 1471
6865 4 2 1 3 113 2182 577 2299
6866 4 2 1 3 2182 1289 1936 1835
6867 4 2 1 3 577 1936 177 1960
6868 4 2 1 3 2299 1835 1960 1305
6869 4 2 1 3 2182 577 2299 1835
6870 4 2 1 3 2182 1835 1936 577
6871 4 2 1 3 577 2299 1835 1960
6872 4 2 1 3 577 1960 1835 1936
6873 4 2 1 3 178 404 2300 2301
6874 4 2 1 3 404 105 2219 2222
6875 4 2 1 3 2300 2219 855 2223
6876 4 2 1 3 2301 2222 2223 1284
6877 4 2 1 3 404 2300 2301 2222
6878 4 2 1 3 404 2222 2219 2300
6879 4 2 1 3 2300 2301 2222 2223
6880 4 2 1 3 2300 2223 2222 2219
6881 4 2 1 3 1256 1792 1781 1921
6882 4 2 1 3 1792 1249 1724 2102
6883 4 2 1 3 1781 1724 1281 1992
6884 4 2 1 3 1921 2102 1992 1315
6885 4 2 1 3 1792 1781 1921 2102
6886 4 2 1 3 1792 2102 1724 1781
6887 4 2 1 3 1781 1921 2102 1992
6888 4 2 1 3 1781 1992 2102 1724
6889 4 2 1 3 1247 2100 1544 2026
6890 4 2 1 3 2100 1263 1465 1676
6891 4 2 1 3 1544 1465 1303 2302
6892 4 2 1 3 2026 1676 2302 1308
6893 4 2 1 3 2100 1544 2026 1676
6894 4 2 1 3 2100 1676 1465 1544
6895 4 2 1 3 1544 2026 1676 2302
6896 4 2 1 3 1544 2302 1676 1465
6897 4 2 1 3 186 2303 819 2304
6898 4 2 1 3 2303 1273 2045 1648
6899 4 2 1 3 819 2045 182 2098
6900 4 2 1 3 2304 1648 2098 1323
6901 4 2 1 3 2303 819 2304 1648
6902 4 2 1 3 2303 1648 2045 819
6903 4 2 1 3 819 2304 1648 2098
6904 4 2 1 3 819 2098 1648 2045
6905 4 2 1 3 923 2305 2306 2307
6906 4 2 1 3 2305 83 2272 2274
6907 4 2 1 3 2306 2272 1316 2275
6908 4 2 1 3 2307 2274 2275 1320
6909 4 2 1 3 2305 2306 2307 2274
6910 4 2 1 3 2305 2274 2272 2306
6911 4 2 1 3 2306 2307 2274 2275
6912 4 2 1 3 2306 2275 2274 2272
6913 4 2 1 3 877 1154 1146 2240
6914 4 2 1 3 1154 879 1153 2308
6915 4 2 1 3 1146 1153 878 1788
6916 4 2 1 3 2240 2308 1788 1343
6917 4 2 1 3 1154 1146 2240 2308
6918 4 2 1 3 1154 2308 1153 1146
6919 4 2 1 3 1146 2240 2308 1788
6920 4 2 1 3 1146 1788 2308 1153
6921 4 2 1 3 1251 1765 1637 2199
6922 4 2 1 3 1765 1262 1584 2130
6923 4 2 1 3 1637 1584 1303 2309
6924 4 2 1 3 2199 2130 2309 1328
6925 4 2 1 3 1765 1637 2199 2130
6926 4 2 1 3 1765 2130 1584 1637
6927 4 2 1 3 1637 2199 2130 2309
6928 4 2 1 3 1637 2309 2130 1584
6929 4 2 1 3 1255 1726 2123 1653
6930 4 2 1 3 1726 1294 1802 1929
6931 4 2 1 3 2123 1802 1265 1429
6932 4 2 1 3 1653 1929 1429 1301
6933 4 2 1 3 1726 2123 1653 1929
6934 4 2 1 3 1726 1929 1802 2123
6935 4 2 1 3 2123 1653 1929 1429
6936 4 2 1 3 2123 1429 1929 1802
6937 4 2 1 3 1251 2310 2198 2114
6938 4 2 1 3 2310 1260 1752 1747
6939 4 2 1 3 2198 1752 1289 1753
6940 4 2 1 3 2114 1747 1753 1324
6941 4 2 1 3 2310 2198 2114 1747
6942 4 2 1 3 2310 1747 1752 2198
6943 4 2 1 3 2198 2114 1747 1753
6944 4 2 1 3 2198 1753 1747 1752
6945 4 2 1 3 178 2301 2300 2311
6946 4 2 1 3 2301 1284 2223 1621
6947 4 2 1 3 2300 2223 855 2312
6948 4 2 1 3 2311 1621 2312 1306
6949 4 2 1 3 2301 2300 2311 1621
6950 4 2 1 3 2301 1621 2223 2300
6951 4 2 1 3 2300 2311 1621 2312
6952 4 2 1 3 2300 2312 1621 2223
6953 4 2 1 3 1260 1749 2169 2313
6954 4 2 1 3 1749 1313 2187 2190
6955 4 2 1 3 2169 2187 899 2191
6956 4 2 1 3 2313 2190 2191 1320
6957 4 2 1 3 1749 2169 2313 2190
6958 4 2 1 3 1749 2190 2187 2169
6959 4 2 1 3 2169 2313 2190 2191
6960 4 2 1 3 2169 2191 2190 2187
6961 4 2 1 3 1260 2150 2256 2313
6962 4 2 1 3 2150 1316 2257 2275
6963 4 2 1 3 2256 2257 219 2273
6964 4 2 1 3 2313 2275 2273 1320
6965 4 2 1 3 2150 2256 2313 2275
6966 4 2 1 3 2150 2275 2257 2256
6967 4 2 1 3 2256 2313 2275 2273
6968 4 2 1 3 2256 2273 2275 2257
6969 4 2 1 3 883 1169 1170 2225
6970 4 2 1 3 1169 880 1171 1551
6971 4 2 1 3 1170 1171 884 1471
6972 4 2 1 3 2225 1551 1471 1268
6973 4 2 1 3 1169 1170 2225 1551
6974 4 2 1 3 1169 1551 1171 1170
6975 4 2 1 3 1170 2225 1551 1471
6976 4 2 1 3 1170 1471 1551 1171
6977 4 2 1 3 889 1181 1182 2314
6978 4 2 1 3 1181 882 1167 1943
6979 4 2 1 3 1182 1167 902 1631
6980 4 2 1 3 2314 1943 1631 1343
6981 4 2 1 3 1181 1182 2314 1943
6982 4 2 1 3 1181 1943 1167 1182
6983 4 2 1 3 1182 2314 1943 1631
6984 4 2 1 3 1182 1631 1943 1167
6985 4 2 1 3 1260 2310 1752 1902
6986 4 2 1 3 2310 1251 2198 2315
6987 4 2 1 3 1752 2198 1289 1901
6988 4 2 1 3 1902 2315 1901 1311
6989 4 2 1 3 2310 1752 1902 2315
6990 4 2 1 3 2310 2315 2198 1752
6991 4 2 1 3 1752 1902 2315 1901
6992 4 2 1 3 1752 1901 2315 2198
6993 4 2 1 3 136 673 2084 2316
6994 4 2 1 3 673 137 1777 1778
6995 4 2 1 3 2084 1777 1282 1496
6996 4 2 1 3 2316 1778 1496 1304
6997 4 2 1 3 673 2084 2316 1778
6998 4 2 1 3 673 1778 1777 2084
6999 4 2 1 3 2084 2316 1778 1496
7000 4 2 1 3 2084 1496 1778 1777
7001 4 2 1 3 891 2317 1189 2318
7002 4 2 1 3 2317 1322 1594 1596
7003 4 2 1 3 1189 1594 884 1473
7004 4 2 1 3 2318 1596 1473 1340
7005 4 2 1 3 2317 1189 2318 1596
7006 4 2 1 3 2317 1596 1594 1189
7007 4 2 1 3 1189 2318 1596 1473
7008 4 2 1 3 1189 1473 1596 1594
7009 4 2 1 3 1311 2152 1902 2259
7010 4 2 1 3 2152 1316 2150 2140
7011 4 2 1 3 1902 2150 1260 1747
7012 4 2 1 3 2259 2140 1747 1324
7013 4 2 1 3 2152 1902 2259 2140
7014 4 2 1 3 2152 2140 2150 1902
7015 4 2 1 3 1902 2259 2140 1747
7016 4 2 1 3 1902 1747 2140 2150
7017 4 2 1 3 1248 1823 1528 1517
7018 4 2 1 3 1823 1263 1368 1506
7019 4 2 1 3 1528 1368 1283 1529
7020 4 2 1 3 1517 1506 1529 1299
7021 4 2 1 3 1823 1528 1517 1506
7022 4 2 1 3 1823 1506 1368 1528
7023 4 2 1 3 1528 1517 1506 1529
7024 4 2 1 3 1528 1529 1506 1368
7025 4 2 1 3 1254 1780 1533 1885
7026 4 2 1 3 1780 1256 1619 1414
7027 4 2 1 3 1533 1619 1284 1642
7028 4 2 1 3 1885 1414 1642 1325
7029 4 2 1 3 1780 1533 1885 1414
7030 4 2 1 3 1780 1414 1619 1533
7031 4 2 1 3 1533 1885 1414 1642
7032 4 2 1 3 1533 1642 1414 1619
7033 4 2 1 3 148 754 710 1909
7034 4 2 1 3 754 235 753 2038
7035 4 2 1 3 710 753 210 1564
7036 4 2 1 3 1909 2038 1564 1292
7037 4 2 1 3 754 710 1909 2038
7038 4 2 1 3 754 2038 753 710
7039 4 2 1 3 710 1909 2038 1564
7040 4 2 1 3 710 1564 2038 753
7041 4 2 1 3 149 2066 644 1963
7042 4 2 1 3 2066 1291 2319 1975
7043 4 2 1 3 644 2319 126 2320
7044 4 2 1 3 1963 1975 2320 1314
7045 4 2 1 3 2066 644 1963 1975
7046 4 2 1 3 2066 1975 2319 644
7047 4 2 1 3 644 1963 1975 2320
7048 4 2 1 3 644 2320 1975 2319
7049 4 2 1 3 938 2221 2220 2321
7050 4 2 1 3 2221 1284 2222 1535
7051 4 2 1 3 2220 2222 105 2322
7052 4 2 1 3 2321 1535 2322 1319
7053 4 2 1 3 2221 2220 2321 1535
7054 4 2 1 3 2221 1535 2222 2220
7055 4 2 1 3 2220 2321 1535 2322
7056 4 2 1 3 2220 2322 1535 2222
7057 4 2 1 3 898 1241 1123 2288
7058 4 2 1 3 1241 916 1062 2137
7059 4 2 1 3 1123 1062 943 2131
7060 4 2 1 3 2288 2137 2131 1271
7061 4 2 1 3 1241 1123 2288 2137
7062 4 2 1 3 1241 2137 1062 1123
7063 4 2 1 3 1123 2288 2137 2131
7064 4 2 1 3 1123 2131 2137 1062
7065 4 2 1 3 225 829 2035 1950
7066 4 2 1 3 829 200 1389 1454
7067 4 2 1 3 2035 1389 1290 1550
7068 4 2 1 3 1950 1454 1550 1314
7069 4 2 1 3 829 2035 1950 1454
7070 4 2 1 3 829 1454 1389 2035
7071 4 2 1 3 2035 1950 1454 1550
7072 4 2 1 3 2035 1550 1454 1389
7073 4 2 1 3 919 1222 2324 2325
7074 4 2 1 3 1222 891 2323 2326
7075 4 2 1 3 2324 2323 1261 1953
7076 4 2 1 3 2325 2326 1953 1339
7077 4 2 1 3 1222 2324 2325 2326
7078 4 2 1 3 1222 2326 2323 2324
7079 4 2 1 3 2324 2325 2326 1953
7080 4 2 1 3 2324 1953 2326 2323
7081 4 2 1 3 889 1785 1181 2314
7082 4 2 1 3 1785 1276 1942 1681
7083 4 2 1 3 1181 1942 882 1943
7084 4 2 1 3 2314 1681 1943 1343
7085 4 2 1 3 1785 1181 2314 1681
7086 4 2 1 3 1785 1681 1942 1181
7087 4 2 1 3 1181 2314 1681 1943
7088 4 2 1 3 1181 1943 1681 1942
7089 4 2 1 3 248 2327 789 2328
7090 4 2 1 3 2327 1271 1665 2061
7091 4 2 1 3 789 1665 238 2059
7092 4 2 1 3 2328 2061 2059 1316
7093 4 2 1 3 2327 789 2328 2061
7094 4 2 1 3 2327 2061 1665 789
7095 4 2 1 3 789 2328 2061 2059
7096 4 2 1 3 789 2059 2061 1665
7097 4 2 1 3 863 1094 1095 1938
7098 4 2 1 3 1094 914 1096 2007
7099 4 2 1 3 1095 1096 937 2202
7100 4 2 1 3 1938 2007 2202 1295
7101 4 2 1 3 1094 1095 1938 2007
7102 4 2 1 3 1094 2007 1096 1095
7103 4 2 1 3 1095 1938 2007 2202
7104 4 2 1 3 1095 2202 2007 1096
7105 4 2 1 3 118 604 2082 2083
7106 4 2 1 3 604 128 2329 2330
7107 4 2 1 3 2082 2329 1275 1756
7108 4 2 1 3 2083 2330 1756 1317
7109 4 2 1 3 604 2082 2083 2330
7110 4 2 1 3 604 2330 2329 2082
7111 4 2 1 3 2082 2083 2330 1756
7112 4 2 1 3 2082 1756 2330 2329
7113 4 2 1 3 1248 1740 1741 2004
7114 4 2 1 3 1740 1292 1483 2331
7115 4 2 1 3 1741 1483 1280 1998
7116 4 2 1 3 2004 2331 1998 1338
7117 4 2 1 3 1740 1741 2004 2331
7118 4 2 1 3 1740 2331 1483 1741
7119 4 2 1 3 1741 2004 2331 1998
7120 4 2 1 3 1741 1998 2331 1483
7121 4 2 1 3 1258 1858 1452 1688
7122 4 2 1 3 1858 1292 1883 1841
7123 4 2 1 3 1452 1883 1264 1687
7124 4 2 1 3 1688 1841 1687 1329
7125 4 2 1 3 1858 1452 1688 1841
7126 4 2 1 3 1858 1841 1883 1452
7127 4 2 1 3 1452 1688 1841 1687
7128 4 2 1 3 1452 1687 1841 1883
7129 4 2 1 3 900 1202 2332 2333
7130 4 2 1 3 1202 901 1425 2015
7131 4 2 1 3 2332 1425 1273 2016
7132 4 2 1 3 2333 2015 2016 1337
7133 4 2 1 3 1202 2332 2333 2015
7134 4 2 1 3 1202 2015 1425 2332
7135 4 2 1 3 2332 2333 2015 2016
7136 4 2 1 3 2332 2016 2015 1425
7137 4 2 1 3 899 1245 2169 2191
7138 4 2 1 3 1245 940 2171 2334
7139 4 2 1 3 2169 2171 1260 2313
7140 4 2 1 3 2191 2334 2313 1320
7141 4 2 1 3 1245 2169 2191 2334
7142 4 2 1 3 1245 2334 2171 2169
7143 4 2 1 3 2169 2191 2334 2313
7144 4 2 1 3 2169 2313 2334 2171
7145 4 2 1 3 920 1074 1092 2230
7146 4 2 1 3 1074 910 1226 2229
7147 4 2 1 3 1092 1226 907 1655
7148 4 2 1 3 2230 2229 1655 1259
7149 4 2 1 3 1074 1092 2230 2229
7150 4 2 1 3 1074 2229 1226 1092
7151 4 2 1 3 1092 2230 2229 1655
7152 4 2 1 3 1092 1655 2229 1226
7153 4 2 1 3 930 2278 991 2281
7154 4 2 1 3 2278 181 1977 1981
7155 4 2 1 3 991 1977 866 1980
7156 4 2 1 3 2281 1981 1980 1307
7157 4 2 1 3 2278 991 2281 1981
7158 4 2 1 3 2278 1981 1977 991
7159 4 2 1 3 991 2281 1981 1980
7160 4 2 1 3 991 1980 1981 1977
7161 4 2 1 3 121 611 616 1658
7162 4 2 1 3 611 122 617 2335
7163 4 2 1 3 616 617 123 1934
7164 4 2 1 3 1658 2335 1934 1346
7165 4 2 1 3 611 616 1658 2335
7166 4 2 1 3 611 2335 617 616
7167 4 2 1 3 616 1658 2335 1934
7168 4 2 1 3 616 1934 2335 617
7169 4 2 1 3 96 2108 368 2111
7170 4 2 1 3 2108 858 2336 2112
7171 4 2 1 3 368 2336 214 2337
7172 4 2 1 3 2111 2112 2337 1278
7173 4 2 1 3 2108 368 2111 2112
7174 4 2 1 3 2108 2112 2336 368
7175 4 2 1 3 368 2111 2112 2337
7176 4 2 1 3 368 2337 2112 2336
7177 4 2 1 3 1272 1601 2025 1965
7178 4 2 1 3 1601 1292 1858 1844
7179 4 2 1 3 2025 1858 1258 1828
7180 4 2 1 3 1965 1844 1828 1332
7181 4 2 1 3 1601 2025 1965 1844
7182 4 2 1 3 1601 1844 1858 2025
7183 4 2 1 3 2025 1965 1844 1828
7184 4 2 1 3 2025 1828 1844 1858
7185 4 2 1 3 883 2090 1168 2226
7186 4 2 1 3 2090 1293 1716 2042
7187 4 2 1 3 1168 1716 881 2043
7188 4 2 1 3 2226 2042 2043 1308
7189 4 2 1 3 2090 1168 2226 2042
7190 4 2 1 3 2090 2042 1716 1168
7191 4 2 1 3 1168 2226 2042 2043
7192 4 2 1 3 1168 2043 2042 1716
7193 4 2 1 3 4 2142 1887 2338
7194 4 2 1 3 2142 860 2143 2339
7195 4 2 1 3 1887 2143 1286 2034
7196 4 2 1 3 2338 2339 2034 1336
7197 4 2 1 3 2142 1887 2338 2339
7198 4 2 1 3 2142 2339 2143 1887
7199 4 2 1 3 1887 2338 2339 2034
7200 4 2 1 3 1887 2034 2339 2143
7201 4 2 1 3 238 1663 380 2059
7202 4 2 1 3 1663 924 2236 2060
7203 4 2 1 3 380 2236 189 2238
7204 4 2 1 3 2059 2060 2238 1316
7205 4 2 1 3 1663 380 2059 2060
7206 4 2 1 3 1663 2060 2236 380
7207 4 2 1 3 380 2059 2060 2238
7208 4 2 1 3 380 2238 2060 2236
7209 4 2 1 3 1277 1363 2341 1511
7210 4 2 1 3 1363 1326 2340 1536
7211 4 2 1 3 2341 2340 233 2342
7212 4 2 1 3 1511 1536 2342 1333
7213 4 2 1 3 1363 2341 1511 1536
7214 4 2 1 3 1363 1536 2340 2341
7215 4 2 1 3 2341 1511 1536 2342
7216 4 2 1 3 2341 2342 1536 2340
7217 4 2 1 3 1252 1607 1420 1699
7218 4 2 1 3 1607 1293 1715 1720
7219 4 2 1 3 1420 1715 1267 1718
7220 4 2 1 3 1699 1720 1718 1313
7221 4 2 1 3 1607 1420 1699 1720
7222 4 2 1 3 1607 1720 1715 1420
7223 4 2 1 3 1420 1699 1720 1718
7224 4 2 1 3 1420 1718 1720 1715
7225 4 2 1 3 863 2343 1937 1938
7226 4 2 1 3 2343 87 395 2344
7227 4 2 1 3 1937 395 170 1939
7228 4 2 1 3 1938 2344 1939 1295
7229 4 2 1 3 2343 1937 1938 2344
7230 4 2 1 3 2343 2344 395 1937
7231 4 2 1 3 1937 1938 2344 1939
7232 4 2 1 3 1937 1939 2344 395
7233 4 2 1 3 135 686 689 1819
7234 4 2 1 3 686 210 690 1561
7235 4 2 1 3 689 690 160 1821
7236 4 2 1 3 1819 1561 1821 1282
7237 4 2 1 3 686 689 1819 1561
7238 4 2 1 3 686 1561 690 689
7239 4 2 1 3 689 1819 1561 1821
7240 4 2 1 3 689 1821 1561 690
7241 4 2 1 3 176 800 2345 2346
7242 4 2 1 3 800 175 2291 2292
7243 4 2 1 3 2345 2291 1278 2260
7244 4 2 1 3 2346 2292 2260 1305
7245 4 2 1 3 800 2345 2346 2292
7246 4 2 1 3 800 2292 2291 2345
7247 4 2 1 3 2345 2346 2292 2260
7248 4 2 1 3 2345 2260 2292 2291
7249 4 2 1 3 863 1027 2343 1938
7250 4 2 1 3 1027 921 2347 2348
7251 4 2 1 3 2343 2347 87 2344
7252 4 2 1 3 1938 2348 2344 1295
7253 4 2 1 3 1027 2343 1938 2348
7254 4 2 1 3 1027 2348 2347 2343
7255 4 2 1 3 2343 1938 2348 2344
7256 4 2 1 3 2343 2344 2348 2347
7257 4 2 1 3 98 459 457 2125
7258 4 2 1 3 459 260 306 2215
7259 4 2 1 3 457 306 89 1545
7260 4 2 1 3 2125 2215 1545 1272
7261 4 2 1 3 459 457 2125 2215
7262 4 2 1 3 459 2215 306 457
7263 4 2 1 3 457 2125 2215 1545
7264 4 2 1 3 457 1545 2215 306
7265 4 2 1 3 1247 1544 1421 2026
7266 4 2 1 3 1544 1303 2258 2302
7267 4 2 1 3 1421 2258 1267 2027
7268 4 2 1 3 2026 2302 2027 1308
7269 4 2 1 3 1544 1421 2026 2302
7270 4 2 1 3 1544 2302 2258 1421
7271 4 2 1 3 1421 2026 2302 2027
7272 4 2 1 3 1421 2027 2302 2258
7273 4 2 1 3 1248 1859 1823 1517
7274 4 2 1 3 1859 1296 1462 1566
7275 4 2 1 3 1823 1462 1263 1506
7276 4 2 1 3 1517 1566 1506 1299
7277 4 2 1 3 1859 1823 1517 1566
7278 4 2 1 3 1859 1566 1462 1823
7279 4 2 1 3 1823 1517 1566 1506
7280 4 2 1 3 1823 1506 1566 1462
7281 4 2 1 3 241 495 496 2349
7282 4 2 1 3 495 97 494 1769
7283 4 2 1 3 496 494 167 2029
7284 4 2 1 3 2349 1769 2029 1294
7285 4 2 1 3 495 496 2349 1769
7286 4 2 1 3 495 1769 494 496
7287 4 2 1 3 496 2349 1769 2029
7288 4 2 1 3 496 2029 1769 494
7289 4 2 1 3 121 1398 607 1658
7290 4 2 1 3 1398 1275 2350 1659
7291 4 2 1 3 607 2350 120 2351
7292 4 2 1 3 1658 1659 2351 1346
7293 4 2 1 3 1398 607 1658 1659
7294 4 2 1 3 1398 1659 2350 607
7295 4 2 1 3 607 1658 1659 2351
7296 4 2 1 3 607 2351 1659 2350
7297 4 2 1 3 176 800 801 2345
7298 4 2 1 3 800 175 796 2291
7299 4 2 1 3 801 796 174 2352
7300 4 2 1 3 2345 2291 2352 1278
7301 4 2 1 3 800 801 2345 2291
7302 4 2 1 3 800 2291 796 801
7303 4 2 1 3 801 2345 2291 2352
7304 4 2 1 3 801 2352 2291 796
7305 4 2 1 3 160 688 689 1817
7306 4 2 1 3 688 146 669 2353
7307 4 2 1 3 689 669 135 1818
7308 4 2 1 3 1817 2353 1818 1264
7309 4 2 1 3 688 689 1817 2353
7310 4 2 1 3 688 2353 669 689
7311 4 2 1 3 689 1817 2353 1818
7312 4 2 1 3 689 1818 2353 669
7313 4 2 1 3 162 440 441 2047
7314 4 2 1 3 440 161 437 2178
7315 4 2 1 3 441 437 86 2049
7316 4 2 1 3 2047 2178 2049 1297
7317 4 2 1 3 440 441 2047 2178
7318 4 2 1 3 440 2178 437 441
7319 4 2 1 3 441 2047 2178 2049
7320 4 2 1 3 441 2049 2178 437
7321 4 2 1 3 203 589 845 2242
7322 4 2 1 3 589 202 846 2172
7323 4 2 1 3 845 846 204 2159
7324 4 2 1 3 2242 2172 2159 1342
7325 4 2 1 3 589 845 2242 2172
7326 4 2 1 3 589 2172 846 845
7327 4 2 1 3 845 2242 2172 2159
7328 4 2 1 3 845 2159 2172 846
7329 4 2 1 3 116 581 582 1903
7330 4 2 1 3 581 115 572 2249
7331 4 2 1 3 582 572 114 1810
7332 4 2 1 3 1903 2249 1810 1269
7333 4 2 1 3 581 582 1903 2249
7334 4 2 1 3 581 2249 572 582
7335 4 2 1 3 582 1903 2249 1810
7336 4 2 1 3 582 1810 2249 572
7337 4 2 1 3 166 2071 284 2072
7338 4 2 1 3 2071 1286 2354 1598
7339 4 2 1 3 284 2354 6 2355
7340 4 2 1 3 2072 1598 2355 1302
7341 4 2 1 3 2071 284 2072 1598
7342 4 2 1 3 2071 1598 2354 284
7343 4 2 1 3 284 2072 1598 2355
7344 4 2 1 3 284 2355 1598 2354
7345 4 2 1 3 101 504 1736 1737
7346 4 2 1 3 504 100 1794 1793
7347 4 2 1 3 1736 1794 1279 1499
7348 4 2 1 3 1737 1793 1499 1285
7349 4 2 1 3 504 1736 1737 1793
7350 4 2 1 3 504 1793 1794 1736
7351 4 2 1 3 1736 1737 1793 1499
7352 4 2 1 3 1736 1499 1793 1794
7353 4 2 1 3 940 2287 2171 2334
7354 4 2 1 3 2287 1316 2150 2275
7355 4 2 1 3 2171 2150 1260 2313
7356 4 2 1 3 2334 2275 2313 1320
7357 4 2 1 3 2287 2171 2334 2275
7358 4 2 1 3 2287 2275 2150 2171
7359 4 2 1 3 2171 2334 2275 2313
7360 4 2 1 3 2171 2313 2275 2150
7361 4 2 1 3 244 2356 839 2358
7362 4 2 1 3 2356 1288 2357 2010
7363 4 2 1 3 839 2357 196 2359
7364 4 2 1 3 2358 2010 2359 1335
7365 4 2 1 3 2356 839 2358 2010
7366 4 2 1 3 2356 2010 2357 839
7367 4 2 1 3 839 2358 2010 2359
7368 4 2 1 3 839 2359 2010 2357
7369 4 2 1 3 176 2346 2345 2360
7370 4 2 1 3 2346 1305 2260 2362
7371 4 2 1 3 2345 2260 1278 2361
7372 4 2 1 3 2360 2362 2361 1321
7373 4 2 1 3 2346 2345 2360 2362
7374 4 2 1 3 2346 2362 2260 2345
7375 4 2 1 3 2345 2360 2362 2361
7376 4 2 1 3 2345 2361 2362 2260
7377 4 2 1 3 1250 1509 1444 2008
7378 4 2 1 3 1509 1264 1451 2364
7379 4 2 1 3 1444 1451 1296 2363
7380 4 2 1 3 2008 2364 2363 1338
7381 4 2 1 3 1509 1444 2008 2364
7382 4 2 1 3 1509 2364 1451 1444
7383 4 2 1 3 1444 2008 2364 2363
7384 4 2 1 3 1444 2363 2364 1451
7385 4 2 1 3 932 1108 1246 2013
7386 4 2 1 3 1108 900 1202 2332
7387 4 2 1 3 1246 1202 901 1425
7388 4 2 1 3 2013 2332 1425 1273
7389 4 2 1 3 1108 1246 2013 2332
7390 4 2 1 3 1108 2332 1202 1246
7391 4 2 1 3 1246 2013 2332 1425
7392 4 2 1 3 1246 1425 2332 1202
7393 4 2 1 3 1255 1489 1650 1997
7394 4 2 1 3 1489 1300 1532 2024
7395 4 2 1 3 1650 1532 1270 2365
7396 4 2 1 3 1997 2024 2365 1338
7397 4 2 1 3 1489 1650 1997 2024
7398 4 2 1 3 1489 2024 1532 1650
7399 4 2 1 3 1650 1997 2024 2365
7400 4 2 1 3 1650 2365 2024 1532
7401 4 2 1 3 108 551 533 2095
7402 4 2 1 3 551 143 553 1571
7403 4 2 1 3 533 553 206 1757
7404 4 2 1 3 2095 1571 1757 1274
7405 4 2 1 3 551 533 2095 1571
7406 4 2 1 3 551 1571 553 533
7407 4 2 1 3 533 2095 1571 1757
7408 4 2 1 3 533 1757 1571 553
7409 4 2 1 3 119 601 606 1590
7410 4 2 1 3 601 120 607 2350
7411 4 2 1 3 606 607 121 1398
7412 4 2 1 3 1590 2350 1398 1275
7413 4 2 1 3 601 606 1590 2350
7414 4 2 1 3 601 2350 607 606
7415 4 2 1 3 606 1590 2350 1398
7416 4 2 1 3 606 1398 2350 607
7417 4 2 1 3 128 2329 2330 2366
7418 4 2 1 3 2329 1275 1756 1644
7419 4 2 1 3 2330 1756 1317 2145
7420 4 2 1 3 2366 1644 2145 1323
7421 4 2 1 3 2329 2330 2366 1644
7422 4 2 1 3 2329 1644 1756 2330
7423 4 2 1 3 2330 2366 1644 2145
7424 4 2 1 3 2330 2145 1644 1756
7425 4 2 1 3 1260 2310 1902 1747
7426 4 2 1 3 2310 1251 2315 2114
7427 4 2 1 3 1902 2315 1311 2259
7428 4 2 1 3 1747 2114 2259 1324
7429 4 2 1 3 2310 1902 1747 2114
7430 4 2 1 3 2310 2114 2315 1902
7431 4 2 1 3 1902 1747 2114 2259
7432 4 2 1 3 1902 2259 2114 2315
7433 4 2 1 3 862 2104 1089 2367
7434 4 2 1 3 2104 1288 1670 2010
7435 4 2 1 3 1089 1670 906 1976
7436 4 2 1 3 2367 2010 1976 1335
7437 4 2 1 3 2104 1089 2367 2010
7438 4 2 1 3 2104 2010 1670 1089
7439 4 2 1 3 1089 2367 2010 1976
7440 4 2 1 3 1089 1976 2010 1670
7441 4 2 1 3 187 2021 824 2369
7442 4 2 1 3 2021 1290 2368 1391
7443 4 2 1 3 824 2368 188 2370
7444 4 2 1 3 2369 1391 2370 1307
7445 4 2 1 3 2021 824 2369 1391
7446 4 2 1 3 2021 1391 2368 824
7447 4 2 1 3 824 2369 1391 2370
7448 4 2 1 3 824 2370 1391 2368
7449 4 2 1 3 200 659 822 1378
7450 4 2 1 3 659 184 818 1766
7451 4 2 1 3 822 818 183 2371
7452 4 2 1 3 1378 1766 2371 1307
7453 4 2 1 3 659 822 1378 1766
7454 4 2 1 3 659 1766 818 822
7455 4 2 1 3 822 1378 1766 2371
7456 4 2 1 3 822 2371 1766 818
7457 4 2 1 3 920 2232 2230 2372
7458 4 2 1 3 2232 1310 2164 2248
7459 4 2 1 3 2230 2164 1259 1912
7460 4 2 1 3 2372 2248 1912 1345
7461 4 2 1 3 2232 2230 2372 2248
7462 4 2 1 3 2232 2248 2164 2230
7463 4 2 1 3 2230 2372 2248 1912
7464 4 2 1 3 2230 1912 2248 2164
7465 4 2 1 3 135 1818 669 1930
7466 4 2 1 3 1818 1264 2353 1468
7467 4 2 1 3 669 2353 146 2373
7468 4 2 1 3 1930 1468 2373 1309
7469 4 2 1 3 1818 669 1930 1468
7470 4 2 1 3 1818 1468 2353 669
7471 4 2 1 3 669 1930 1468 2373
7472 4 2 1 3 669 2373 1468 2353
7473 4 2 1 3 1286 1357 2375 2376
7474 4 2 1 3 1357 1319 2374 2378
7475 4 2 1 3 2375 2374 198 2377
7476 4 2 1 3 2376 2378 2377 1341
7477 4 2 1 3 1357 2375 2376 2378
7478 4 2 1 3 1357 2378 2374 2375
7479 4 2 1 3 2375 2376 2378 2377
7480 4 2 1 3 2375 2377 2378 2374
7481 4 2 1 3 229 1605 784 1905
7482 4 2 1 3 1605 1295 2379 1923
7483 4 2 1 3 784 2379 257 2380
7484 4 2 1 3 1905 1923 2380 1330
7485 4 2 1 3 1605 784 1905 1923
7486 4 2 1 3 1605 1923 2379 784
7487 4 2 1 3 784 1905 1923 2380
7488 4 2 1 3 784 2380 1923 2379
7489 4 2 1 3 228 2087 435 2381
7490 4 2 1 3 2087 1259 2165 1912
7491 4 2 1 3 435 2165 247 2247
7492 4 2 1 3 2381 1912 2247 1345
7493 4 2 1 3 2087 435 2381 1912
7494 4 2 1 3 2087 1912 2165 435
7495 4 2 1 3 435 2381 1912 2247
7496 4 2 1 3 435 2247 1912 2165
7497 4 2 1 3 923 2306 1103 2307
7498 4 2 1 3 2306 1316 2287 2275
7499 4 2 1 3 1103 2287 940 2334
7500 4 2 1 3 2307 2275 2334 1320
7501 4 2 1 3 2306 1103 2307 2275
7502 4 2 1 3 2306 2275 2287 1103
7503 4 2 1 3 1103 2307 2275 2334
7504 4 2 1 3 1103 2334 2275 2287
7505 4 2 1 3 1259 1691 1375 2167
7506 4 2 1 3 1691 1250 1493 2183
7507 4 2 1 3 1375 1493 1304 2382
7508 4 2 1 3 2167 2183 2382 1327
7509 4 2 1 3 1691 1375 2167 2183
7510 4 2 1 3 1691 2183 1493 1375
7511 4 2 1 3 1375 2167 2183 2382
7512 4 2 1 3 1375 2382 2183 1493
7513 4 2 1 3 895 1210 1235 1918
7514 4 2 1 3 1210 912 1236 2146
7515 4 2 1 3 1235 1236 937 2202
7516 4 2 1 3 1918 2146 2202 1295
7517 4 2 1 3 1210 1235 1918 2146
7518 4 2 1 3 1210 2146 1236 1235
7519 4 2 1 3 1235 1918 2146 2202
7520 4 2 1 3 1235 2202 2146 1236
7521 4 2 1 3 232 2251 2383 2252
7522 4 2 1 3 2251 1311 2056 2152
7523 4 2 1 3 2383 2056 1271 2061
7524 4 2 1 3 2252 2152 2061 1316
7525 4 2 1 3 2251 2383 2252 2152
7526 4 2 1 3 2251 2152 2056 2383
7527 4 2 1 3 2383 2252 2152 2061
7528 4 2 1 3 2383 2061 2152 2056
7529 4 2 1 3 198 2375 288 2374
7530 4 2 1 3 2375 1286 2243 1357
7531 4 2 1 3 288 2243 152 2244
7532 4 2 1 3 2374 1357 2244 1319
7533 4 2 1 3 2375 288 2374 1357
7534 4 2 1 3 2375 1357 2243 288
7535 4 2 1 3 288 2374 1357 2244
7536 4 2 1 3 288 2244 1357 2243
7537 4 2 1 3 116 587 581 1903
7538 4 2 1 3 587 202 586 1760
7539 4 2 1 3 581 586 115 2249
7540 4 2 1 3 1903 1760 2249 1269
7541 4 2 1 3 587 581 1903 1760
7542 4 2 1 3 587 1760 586 581
7543 4 2 1 3 581 1903 1760 2249
7544 4 2 1 3 581 2249 1760 586
7545 4 2 1 3 128 2330 2384 2366
7546 4 2 1 3 2330 1317 2148 2145
7547 4 2 1 3 2384 2148 1321 2149
7548 4 2 1 3 2366 2145 2149 1323
7549 4 2 1 3 2330 2384 2366 2145
7550 4 2 1 3 2330 2145 2148 2384
7551 4 2 1 3 2384 2366 2145 2149
7552 4 2 1 3 2384 2149 2145 2148
7553 4 2 1 3 1259 1375 1855 2167
7554 4 2 1 3 1375 1304 1856 2382
7555 4 2 1 3 1855 1856 236 2385
7556 4 2 1 3 2167 2382 2385 1327
7557 4 2 1 3 1375 1855 2167 2382
7558 4 2 1 3 1375 2382 1856 1855
7559 4 2 1 3 1855 2167 2382 2385
7560 4 2 1 3 1855 2385 2382 1856
7561 4 2 1 3 1281 1408 1683 1994
7562 4 2 1 3 1408 1283 1368 1529
7563 4 2 1 3 1683 1368 1263 1506
7564 4 2 1 3 1994 1529 1506 1299
7565 4 2 1 3 1408 1683 1994 1529
7566 4 2 1 3 1408 1529 1368 1683
7567 4 2 1 3 1683 1994 1529 1506
7568 4 2 1 3 1683 1506 1529 1368
7569 4 2 1 3 260 2215 459 2216
7570 4 2 1 3 2215 1272 2125 1965
7571 4 2 1 3 459 2125 98 2284
7572 4 2 1 3 2216 1965 2284 1332
7573 4 2 1 3 2215 459 2216 1965
7574 4 2 1 3 2215 1965 2125 459
7575 4 2 1 3 459 2216 1965 2284
7576 4 2 1 3 459 2284 1965 2125
7577 4 2 1 3 195 827 353 2022
7578 4 2 1 3 827 188 824 2368
7579 4 2 1 3 353 824 187 2021
7580 4 2 1 3 2022 2368 2021 1290
7581 4 2 1 3 827 353 2022 2368
7582 4 2 1 3 827 2368 824 353
7583 4 2 1 3 353 2022 2368 2021
7584 4 2 1 3 353 2021 2368 824
7585 4 2 1 3 1249 1714 1791 2064
7586 4 2 1 3 1714 1287 1795 1985
7587 4 2 1 3 1791 1795 1279 1986
7588 4 2 1 3 2064 1985 1986 1332
7589 4 2 1 3 1714 1791 2064 1985
7590 4 2 1 3 1714 1985 1795 1791
7591 4 2 1 3 1791 2064 1985 1986
7592 4 2 1 3 1791 1986 1985 1795
7593 4 2 1 3 154 775 750 2235
7594 4 2 1 3 775 167 774 2154
7595 4 2 1 3 750 774 158 1694
7596 4 2 1 3 2235 2154 1694 1265
7597 4 2 1 3 775 750 2235 2154
7598 4 2 1 3 775 2154 774 750
7599 4 2 1 3 750 2235 2154 1694
7600 4 2 1 3 750 1694 2154 774
7601 4 2 1 3 200 658 659 1381
7602 4 2 1 3 658 129 657 2062
7603 4 2 1 3 659 657 184 1767
7604 4 2 1 3 1381 2062 1767 1323
7605 4 2 1 3 658 659 1381 2062
7606 4 2 1 3 658 2062 657 659
7607 4 2 1 3 659 1381 2062 1767
7608 4 2 1 3 659 1767 2062 657
7609 4 2 1 3 113 575 2182 2299
7610 4 2 1 3 575 216 2266 2267
7611 4 2 1 3 2182 2266 1289 1835
7612 4 2 1 3 2299 2267 1835 1305
7613 4 2 1 3 575 2182 2299 2267
7614 4 2 1 3 575 2267 2266 2182
7615 4 2 1 3 2182 2299 2267 1835
7616 4 2 1 3 2182 1835 2267 2266
7617 4 2 1 3 195 2022 2020 2386
7618 4 2 1 3 2022 1290 2023 2036
7619 4 2 1 3 2020 2023 927 2387
7620 4 2 1 3 2386 2036 2387 1339
7621 4 2 1 3 2022 2020 2386 2036
7622 4 2 1 3 2022 2036 2023 2020
7623 4 2 1 3 2020 2386 2036 2387
7624 4 2 1 3 2020 2387 2036 2023
7625 4 2 1 3 112 2388 569 2389
7626 4 2 1 3 2388 1289 1809 2079
7627 4 2 1 3 569 1809 114 2077
7628 4 2 1 3 2389 2079 2077 1342
7629 4 2 1 3 2388 569 2389 2079
7630 4 2 1 3 2388 2079 1809 569
7631 4 2 1 3 569 2389 2079 2077
7632 4 2 1 3 569 2077 2079 1809
7633 4 2 1 3 177 1960 1935 2390
7634 4 2 1 3 1960 1305 1961 2264
7635 4 2 1 3 1935 1961 1260 2313
7636 4 2 1 3 2390 2264 2313 1320
7637 4 2 1 3 1960 1935 2390 2264
7638 4 2 1 3 1960 2264 1961 1935
7639 4 2 1 3 1935 2390 2264 2313
7640 4 2 1 3 1935 2313 2264 1961
7641 4 2 1 3 908 1113 1142 1801
7642 4 2 1 3 1113 917 1232 1799
7643 4 2 1 3 1142 1232 894 1727
7644 4 2 1 3 1801 1799 1727 1294
7645 4 2 1 3 1113 1142 1801 1799
7646 4 2 1 3 1113 1799 1232 1142
7647 4 2 1 3 1142 1801 1799 1727
7648 4 2 1 3 1142 1727 1799 1232
7649 4 2 1 3 163 302 303 2283
7650 4 2 1 3 302 12 13 1925
7651 4 2 1 3 303 13 14 1842
7652 4 2 1 3 2283 1925 1842 1292
7653 4 2 1 3 302 303 2283 1925
7654 4 2 1 3 302 1925 13 303
7655 4 2 1 3 303 2283 1925 1842
7656 4 2 1 3 303 1842 1925 13
7657 4 2 1 3 108 2095 532 2094
7658 4 2 1 3 2095 1274 1806 1627
7659 4 2 1 3 532 1806 107 1807
7660 4 2 1 3 2094 1627 1807 1298
7661 4 2 1 3 2095 532 2094 1627
7662 4 2 1 3 2095 1627 1806 532
7663 4 2 1 3 532 2094 1627 1807
7664 4 2 1 3 532 1807 1627 1806
7665 4 2 1 3 126 644 642 2319
7666 4 2 1 3 644 149 643 2066
7667 4 2 1 3 642 643 133 2268
7668 4 2 1 3 2319 2066 2268 1291
7669 4 2 1 3 644 642 2319 2066
7670 4 2 1 3 644 2066 643 642
7671 4 2 1 3 642 2319 2066 2268
7672 4 2 1 3 642 2268 2066 643
7673 4 2 1 3 1276 1784 1636 1679
7674 4 2 1 3 1784 1318 2201 1787
7675 4 2 1 3 1636 2201 1251 2114
7676 4 2 1 3 1679 1787 2114 1324
7677 4 2 1 3 1784 1636 1679 1787
7678 4 2 1 3 1784 1787 2201 1636
7679 4 2 1 3 1636 1679 1787 2114
7680 4 2 1 3 1636 2114 1787 2201
7681 4 2 1 3 1274 1524 1734 1576
7682 4 2 1 3 1524 1285 2101 1797
7683 4 2 1 3 1734 2101 1249 1714
7684 4 2 1 3 1576 1797 1714 1287
7685 4 2 1 3 1524 1734 1576 1797
7686 4 2 1 3 1524 1797 2101 1734
7687 4 2 1 3 1734 1576 1797 1714
7688 4 2 1 3 1734 1714 1797 2101
7689 4 2 1 3 202 586 1760 2172
7690 4 2 1 3 586 115 2249 2250
7691 4 2 1 3 1760 2249 1269 2078
7692 4 2 1 3 2172 2250 2078 1342
7693 4 2 1 3 586 1760 2172 2250
7694 4 2 1 3 586 2250 2249 1760
7695 4 2 1 3 1760 2172 2250 2078
7696 4 2 1 3 1760 2078 2250 2249
7697 4 2 1 3 1269 1589 1432 1755
7698 4 2 1 3 1589 1275 1645 1756
7699 4 2 1 3 1432 1645 1252 2144
7700 4 2 1 3 1755 1756 2144 1317
7701 4 2 1 3 1589 1432 1755 1756
7702 4 2 1 3 1589 1756 1645 1432
7703 4 2 1 3 1432 1755 1756 2144
7704 4 2 1 3 1432 2144 1756 1645
7705 4 2 1 3 183 482 823 2371
7706 4 2 1 3 482 187 824 2369
7707 4 2 1 3 823 824 188 2370
7708 4 2 1 3 2371 2369 2370 1307
7709 4 2 1 3 482 823 2371 2369
7710 4 2 1 3 482 2369 824 823
7711 4 2 1 3 823 2371 2369 2370
7712 4 2 1 3 823 2370 2369 824
7713 4 2 1 3 261 813 1620 1527
7714 4 2 1 3 813 221 2227 2391
7715 4 2 1 3 1620 2227 1284 1642
7716 4 2 1 3 1527 2391 1642 1325
7717 4 2 1 3 813 1620 1527 2391
7718 4 2 1 3 813 2391 2227 1620
7719 4 2 1 3 1620 1527 2391 1642
7720 4 2 1 3 1620 1642 2391 2227
7721 4 2 1 3 139 1641 695 1558
7722 4 2 1 3 1641 1280 1563 1562
7723 4 2 1 3 695 1563 210 1561
7724 4 2 1 3 1558 1562 1561 1282
7725 4 2 1 3 1641 695 1558 1562
7726 4 2 1 3 1641 1562 1563 695
7727 4 2 1 3 695 1558 1562 1561
7728 4 2 1 3 695 1561 1562 1563
7729 4 2 1 3 866 1979 1107 1980
7730 4 2 1 3 1979 1273 2013 1427
7731 4 2 1 3 1107 2013 932 2014
7732 4 2 1 3 1980 1427 2014 1307
7733 4 2 1 3 1979 1107 1980 1427
7734 4 2 1 3 1979 1427 2013 1107
7735 4 2 1 3 1107 1980 1427 2014
7736 4 2 1 3 1107 2014 1427 2013
7737 4 2 1 3 227 2392 714 2393
7738 4 2 1 3 2392 1294 1814 1731
7739 4 2 1 3 714 1814 140 1966
7740 4 2 1 3 2393 1731 1966 1335
7741 4 2 1 3 2392 714 2393 1731
7742 4 2 1 3 2392 1731 1814 714
7743 4 2 1 3 714 2393 1731 1966
7744 4 2 1 3 714 1966 1731 1814
7745 4 2 1 3 228 2088 2087 2381
7746 4 2 1 3 2088 1288 1374 1911
7747 4 2 1 3 2087 1374 1259 1912
7748 4 2 1 3 2381 1911 1912 1345
7749 4 2 1 3 2088 2087 2381 1911
7750 4 2 1 3 2088 1911 1374 2087
7751 4 2 1 3 2087 2381 1911 1912
7752 4 2 1 3 2087 1912 1911 1374
7753 4 2 1 3 104 522 519 1602
7754 4 2 1 3 522 206 521 1757
7755 4 2 1 3 519 521 102 1832
7756 4 2 1 3 1602 1757 1832 1274
7757 4 2 1 3 522 519 1602 1757
7758 4 2 1 3 522 1757 521 519
7759 4 2 1 3 519 1602 1757 1832
7760 4 2 1 3 519 1832 1757 521
7761 4 2 1 3 1260 2150 2170 1747
7762 4 2 1 3 2150 1316 2136 2140
7763 4 2 1 3 2170 2136 916 2138
7764 4 2 1 3 1747 2140 2138 1324
7765 4 2 1 3 2150 2170 1747 2140
7766 4 2 1 3 2150 2140 2136 2170
7767 4 2 1 3 2170 1747 2140 2138
7768 4 2 1 3 2170 2138 2140 2136
7769 4 2 1 3 925 967 1058 2394
7770 4 2 1 3 967 862 1089 2367
7771 4 2 1 3 1058 1089 906 1976
7772 4 2 1 3 2394 2367 1976 1335
7773 4 2 1 3 967 1058 2394 2367
7774 4 2 1 3 967 2367 1089 1058
7775 4 2 1 3 1058 2394 2367 1976
7776 4 2 1 3 1058 1976 2367 1089
7777 4 2 1 3 1250 2265 2184 1446
7778 4 2 1 3 2265 1291 2067 2396
7779 4 2 1 3 2184 2067 1261 2395
7780 4 2 1 3 1446 2396 2395 1334
7781 4 2 1 3 2265 2184 1446 2396
7782 4 2 1 3 2265 2396 2067 2184
7783 4 2 1 3 2184 1446 2396 2395
7784 4 2 1 3 2184 2395 2396 2067
7785 4 2 1 3 166 295 476 2072
7786 4 2 1 3 295 93 475 2086
7787 4 2 1 3 476 475 158 1695
7788 4 2 1 3 2072 2086 1695 1302
7789 4 2 1 3 295 476 2072 2086
7790 4 2 1 3 295 2086 475 476
7791 4 2 1 3 476 2072 2086 1695
7792 4 2 1 3 476 1695 2086 475
7793 4 2 1 3 1261 2397 2153 1953
7794 4 2 1 3 2397 1322 1586 2398
7795 4 2 1 3 2153 1586 1290 2036
7796 4 2 1 3 1953 2398 2036 1339
7797 4 2 1 3 2397 2153 1953 2398
7798 4 2 1 3 2397 2398 1586 2153
7799 4 2 1 3 2153 1953 2398 2036
7800 4 2 1 3 2153 2036 2398 1586
7801 4 2 1 3 6 2354 284 2399
7802 4 2 1 3 2354 1286 2071 2034
7803 4 2 1 3 284 2071 166 2073
7804 4 2 1 3 2399 2034 2073 1336
7805 4 2 1 3 2354 284 2399 2034
7806 4 2 1 3 2354 2034 2071 284
7807 4 2 1 3 284 2399 2034 2073
7808 4 2 1 3 284 2073 2034 2071
7809 4 2 1 3 902 1207 1182 1630
7810 4 2 1 3 1207 903 1215 2298
7811 4 2 1 3 1182 1215 889 1786
7812 4 2 1 3 1630 2298 1786 1324
7813 4 2 1 3 1207 1182 1630 2298
7814 4 2 1 3 1207 2298 1215 1182
7815 4 2 1 3 1182 1630 2298 1786
7816 4 2 1 3 1182 1786 2298 1215
7817 4 2 1 3 1276 1725 1721 1897
7818 4 2 1 3 1725 1281 1724 1992
7819 4 2 1 3 1721 1724 1249 2102
7820 4 2 1 3 1897 1992 2102 1315
7821 4 2 1 3 1725 1721 1897 1992
7822 4 2 1 3 1725 1992 1724 1721
7823 4 2 1 3 1721 1897 1992 2102
7824 4 2 1 3 1721 2102 1992 1724
7825 4 2 1 3 1278 2260 2400 2203
7826 4 2 1 3 2260 1305 1961 2401
7827 4 2 1 3 2400 1961 1260 1749
7828 4 2 1 3 2203 2401 1749 1313
7829 4 2 1 3 2260 2400 2203 2401
7830 4 2 1 3 2260 2401 1961 2400
7831 4 2 1 3 2400 2203 2401 1749
7832 4 2 1 3 2400 1749 2401 1961
7833 4 2 1 3 938 1054 2221 2321
7834 4 2 1 3 1054 918 2402 2403
7835 4 2 1 3 2221 2402 1284 1535
7836 4 2 1 3 2321 2403 1535 1319
7837 4 2 1 3 1054 2221 2321 2403
7838 4 2 1 3 1054 2403 2402 2221
7839 4 2 1 3 2221 2321 2403 1535
7840 4 2 1 3 2221 1535 2403 2402
7841 4 2 1 3 135 667 671 1819
7842 4 2 1 3 667 132 672 1988
7843 4 2 1 3 671 672 136 2084
7844 4 2 1 3 1819 1988 2084 1282
7845 4 2 1 3 667 671 1819 1988
7846 4 2 1 3 667 1988 672 671
7847 4 2 1 3 671 1819 1988 2084
7848 4 2 1 3 671 2084 1988 672
7849 4 2 1 3 1264 1820 1509 1468
7850 4 2 1 3 1820 1282 1494 1931
7851 4 2 1 3 1509 1494 1250 1457
7852 4 2 1 3 1468 1931 1457 1309
7853 4 2 1 3 1820 1509 1468 1931
7854 4 2 1 3 1820 1931 1494 1509
7855 4 2 1 3 1509 1468 1931 1457
7856 4 2 1 3 1509 1457 1931 1494
7857 4 2 1 3 218 2161 826 2405
7858 4 2 1 3 2161 1273 2404 2253
7859 4 2 1 3 826 2404 245 2406
7860 4 2 1 3 2405 2253 2406 1321
7861 4 2 1 3 2161 826 2405 2253
7862 4 2 1 3 2161 2253 2404 826
7863 4 2 1 3 826 2405 2253 2406
7864 4 2 1 3 826 2406 2253 2404
7865 4 2 1 3 119 594 601 1590
7866 4 2 1 3 594 118 602 2082
7867 4 2 1 3 601 602 120 2350
7868 4 2 1 3 1590 2082 2350 1275
7869 4 2 1 3 594 601 1590 2082
7870 4 2 1 3 594 2082 602 601
7871 4 2 1 3 601 1590 2082 2350
7872 4 2 1 3 601 2350 2082 602
7873 4 2 1 3 256 2285 664 2407
7874 4 2 1 3 2285 1277 1478 1363
7875 4 2 1 3 664 1478 130 1618
7876 4 2 1 3 2407 1363 1618 1326
7877 4 2 1 3 2285 664 2407 1363
7878 4 2 1 3 2285 1363 1478 664
7879 4 2 1 3 664 2407 1363 1618
7880 4 2 1 3 664 1618 1363 1478
7881 4 2 1 3 885 1161 1178 1745
7882 4 2 1 3 1161 882 1179 1942
7883 4 2 1 3 1178 1179 888 1874
7884 4 2 1 3 1745 1942 1874 1276
7885 4 2 1 3 1161 1178 1745 1942
7886 4 2 1 3 1161 1942 1179 1178
7887 4 2 1 3 1178 1745 1942 1874
7888 4 2 1 3 1178 1874 1942 1179
7889 4 2 1 3 191 326 497 2119
7890 4 2 1 3 326 97 495 1769
7891 4 2 1 3 497 495 241 2349
7892 4 2 1 3 2119 1769 2349 1294
7893 4 2 1 3 326 497 2119 1769
7894 4 2 1 3 326 1769 495 497
7895 4 2 1 3 497 2119 1769 2349
7896 4 2 1 3 497 2349 1769 495
7897 4 2 1 3 1250 1446 2184 1735
7898 4 2 1 3 1446 1334 2395 1762
7899 4 2 1 3 2184 2395 1261 2185
7900 4 2 1 3 1735 1762 2185 1340
7901 4 2 1 3 1446 2184 1735 1762
7902 4 2 1 3 1446 1762 2395 2184
7903 4 2 1 3 2184 1735 1762 2185
7904 4 2 1 3 2184 2185 1762 2395
7905 4 2 1 3 876 1149 1144 1525
7906 4 2 1 3 1149 904 1148 1531
7907 4 2 1 3 1144 1148 877 1364
7908 4 2 1 3 1525 1531 1364 1270
7909 4 2 1 3 1149 1144 1525 1531
7910 4 2 1 3 1149 1531 1148 1144
7911 4 2 1 3 1144 1525 1531 1364
7912 4 2 1 3 1144 1364 1531 1148
7913 4 2 1 3 869 1733 2282 2408
7914 4 2 1 3 1733 1271 2048 2409
7915 4 2 1 3 2282 2048 1297 2133
7916 4 2 1 3 2408 2409 2133 1318
7917 4 2 1 3 1733 2282 2408 2409
7918 4 2 1 3 1733 2409 2048 2282
7919 4 2 1 3 2282 2408 2409 2133
7920 4 2 1 3 2282 2133 2409 2048
7921 4 2 1 3 159 429 761 2270
7922 4 2 1 3 429 247 765 2163
7923 4 2 1 3 761 765 151 2293
7924 4 2 1 3 2270 2163 2293 1310
7925 4 2 1 3 429 761 2270 2163
7926 4 2 1 3 429 2163 765 761
7927 4 2 1 3 761 2270 2163 2293
7928 4 2 1 3 761 2293 2163 765
7929 4 2 1 3 177 797 1960 2390
7930 4 2 1 3 797 173 2261 2263
7931 4 2 1 3 1960 2261 1305 2264
7932 4 2 1 3 2390 2263 2264 1320
7933 4 2 1 3 797 1960 2390 2263
7934 4 2 1 3 797 2263 2261 1960
7935 4 2 1 3 1960 2390 2263 2264
7936 4 2 1 3 1960 2264 2263 2261
7937 4 2 1 3 184 817 1766 1767
7938 4 2 1 3 817 182 2046 2098
7939 4 2 1 3 1766 2046 1307 1383
7940 4 2 1 3 1767 2098 1383 1323
7941 4 2 1 3 817 1766 1767 2098
7942 4 2 1 3 817 2098 2046 1766
7943 4 2 1 3 1766 1767 2098 1383
7944 4 2 1 3 1766 1383 2098 2046
7945 4 2 1 3 161 740 2178 2076
7946 4 2 1 3 740 145 1847 1884
7947 4 2 1 3 2178 1847 1297 1995
7948 4 2 1 3 2076 1884 1995 1298
7949 4 2 1 3 740 2178 2076 1884
7950 4 2 1 3 740 1884 1847 2178
7951 4 2 1 3 2178 2076 1884 1995
7952 4 2 1 3 2178 1995 1884 1847
7953 4 2 1 3 261 721 813 1527
7954 4 2 1 3 721 253 844 2410
7955 4 2 1 3 813 844 221 2391
7956 4 2 1 3 1527 2410 2391 1325
7957 4 2 1 3 721 813 1527 2410
7958 4 2 1 3 721 2410 844 813
7959 4 2 1 3 813 1527 2410 2391
7960 4 2 1 3 813 2391 2410 844
7961 4 2 1 3 913 2411 2412 2413
7962 4 2 1 3 2411 1290 1586 2036
7963 4 2 1 3 2412 1586 1322 2398
7964 4 2 1 3 2413 2036 2398 1339
7965 4 2 1 3 2411 2412 2413 2036
7966 4 2 1 3 2411 2036 1586 2412
7967 4 2 1 3 2412 2413 2036 2398
7968 4 2 1 3 2412 2398 2036 1586
7969 4 2 1 3 885 1745 1178 1991
7970 4 2 1 3 1745 1276 1874 1897
7971 4 2 1 3 1178 1874 888 1895
7972 4 2 1 3 1991 1897 1895 1315
7973 4 2 1 3 1745 1178 1991 1897
7974 4 2 1 3 1745 1897 1874 1178
7975 4 2 1 3 1178 1991 1897 1895
7976 4 2 1 3 1178 1895 1897 1874
7977 4 2 1 3 246 755 751 1830
7978 4 2 1 3 755 235 754 2038
7979 4 2 1 3 751 754 148 1909
7980 4 2 1 3 1830 2038 1909 1292
7981 4 2 1 3 755 751 1830 2038
7982 4 2 1 3 755 2038 754 751
7983 4 2 1 3 751 1830 2038 1909
7984 4 2 1 3 751 1909 2038 754
7985 4 2 1 3 262 2414 411 2415
7986 4 2 1 3 2414 1290 2022 2036
7987 4 2 1 3 411 2022 195 2386
7988 4 2 1 3 2415 2036 2386 1339
7989 4 2 1 3 2414 411 2415 2036
7990 4 2 1 3 2414 2036 2022 411
7991 4 2 1 3 411 2415 2036 2386
7992 4 2 1 3 411 2386 2036 2022
7993 4 2 1 3 924 1064 1012 2060
7994 4 2 1 3 1064 943 1063 2132
7995 4 2 1 3 1012 1063 857 2239
7996 4 2 1 3 2060 2132 2239 1316
7997 4 2 1 3 1064 1012 2060 2132
7998 4 2 1 3 1064 2132 1063 1012
7999 4 2 1 3 1012 2060 2132 2239
8000 4 2 1 3 1012 2239 2132 1063
8001 4 2 1 3 99 1763 469 1764
8002 4 2 1 3 1763 1279 1500 1413
8003 4 2 1 3 469 1500 92 1569
8004 4 2 1 3 1764 1413 1569 1325
8005 4 2 1 3 1763 469 1764 1413
8006 4 2 1 3 1763 1413 1500 469
8007 4 2 1 3 469 1764 1413 1569
8008 4 2 1 3 469 1569 1413 1500
8009 4 2 1 3 1247 1544 1583 1422
8010 4 2 1 3 1544 1303 1584 2309
8011 4 2 1 3 1583 1584 1262 2130
8012 4 2 1 3 1422 2309 2130 1328
8013 4 2 1 3 1544 1583 1422 2309
8014 4 2 1 3 1544 2309 1584 1583
8015 4 2 1 3 1583 1422 2309 2130
8016 4 2 1 3 1583 2130 2309 1584
8017 4 2 1 3 120 602 603 2350
8018 4 2 1 3 602 118 604 2082
8019 4 2 1 3 603 604 128 2329
8020 4 2 1 3 2350 2082 2329 1275
8021 4 2 1 3 602 603 2350 2082
8022 4 2 1 3 602 2082 604 603
8023 4 2 1 3 603 2350 2082 2329
8024 4 2 1 3 603 2329 2082 604
8025 4 2 1 3 243 2416 2418 2419
8026 4 2 1 3 2416 928 2417 2420
8027 4 2 1 3 2418 2417 1297 1852
8028 4 2 1 3 2419 2420 1852 1330
8029 4 2 1 3 2416 2418 2419 2420
8030 4 2 1 3 2416 2420 2417 2418
8031 4 2 1 3 2418 2419 2420 1852
8032 4 2 1 3 2418 1852 2420 2417
8033 4 2 1 3 145 539 540 1884
8034 4 2 1 3 539 107 530 1807
8035 4 2 1 3 540 530 106 1625
8036 4 2 1 3 1884 1807 1625 1298
8037 4 2 1 3 539 540 1884 1807
8038 4 2 1 3 539 1807 530 540
8039 4 2 1 3 540 1884 1807 1625
8040 4 2 1 3 540 1625 1807 530
8041 4 2 1 3 930 2421 2279 2281
8042 4 2 1 3 2421 187 356 2369
8043 4 2 1 3 2279 356 94 2280
8044 4 2 1 3 2281 2369 2280 1307
8045 4 2 1 3 2421 2279 2281 2369
8046 4 2 1 3 2421 2369 356 2279
8047 4 2 1 3 2279 2281 2369 2280
8048 4 2 1 3 2279 2280 2369 356
8049 4 2 1 3 1247 1460 2026 1443
8050 4 2 1 3 1460 1268 1538 1678
8051 4 2 1 3 2026 1538 1308 2028
8052 4 2 1 3 1443 1678 2028 1331
8053 4 2 1 3 1460 2026 1443 1678
8054 4 2 1 3 1460 1678 1538 2026
8055 4 2 1 3 2026 1443 1678 2028
8056 4 2 1 3 2026 2028 1678 1538
8057 4 2 1 3 190 834 836 2286
8058 4 2 1 3 834 240 835 2151
8059 4 2 1 3 836 835 232 2252
8060 4 2 1 3 2286 2151 2252 1316
8061 4 2 1 3 834 836 2286 2151
8062 4 2 1 3 834 2151 835 836
8063 4 2 1 3 836 2286 2151 2252
8064 4 2 1 3 836 2252 2151 835
8065 4 2 1 3 175 795 796 2291
8066 4 2 1 3 795 173 490 2262
8067 4 2 1 3 796 490 174 2352
8068 4 2 1 3 2291 2262 2352 1278
8069 4 2 1 3 795 796 2291 2262
8070 4 2 1 3 795 2262 490 796
8071 4 2 1 3 796 2291 2262 2352
8072 4 2 1 3 796 2352 2262 490
8073 4 2 1 3 156 543 783 1867
8074 4 2 1 3 543 229 784 1905
8075 4 2 1 3 783 784 257 2380
8076 4 2 1 3 1867 1905 2380 1330
8077 4 2 1 3 543 783 1867 1905
8078 4 2 1 3 543 1905 784 783
8079 4 2 1 3 783 1867 1905 2380
8080 4 2 1 3 783 2380 1905 784
8081 4 2 1 3 248 837 2327 2328
8082 4 2 1 3 837 232 2383 2252
8083 4 2 1 3 2327 2383 1271 2061
8084 4 2 1 3 2328 2252 2061 1316
8085 4 2 1 3 837 2327 2328 2252
8086 4 2 1 3 837 2252 2383 2327
8087 4 2 1 3 2327 2328 2252 2061
8088 4 2 1 3 2327 2061 2252 2383
8089 4 2 1 3 99 505 499 1763
8090 4 2 1 3 505 101 504 1736
8091 4 2 1 3 499 504 100 1794
8092 4 2 1 3 1763 1736 1794 1279
8093 4 2 1 3 505 499 1763 1736
8094 4 2 1 3 505 1736 504 499
8095 4 2 1 3 499 1763 1736 1794
8096 4 2 1 3 499 1794 1736 504
8097 4 2 1 3 859 2422 2423 2424
8098 4 2 1 3 2422 85 341 2426
8099 4 2 1 3 2423 341 254 2425
8100 4 2 1 3 2424 2426 2425 1310
8101 4 2 1 3 2422 2423 2424 2426
8102 4 2 1 3 2422 2426 341 2423
8103 4 2 1 3 2423 2424 2426 2425
8104 4 2 1 3 2423 2425 2426 341
8105 4 2 1 3 177 1935 799 2390
8106 4 2 1 3 1935 1260 2256 2313
8107 4 2 1 3 799 2256 219 2273
8108 4 2 1 3 2390 2313 2273 1320
8109 4 2 1 3 1935 799 2390 2313
8110 4 2 1 3 1935 2313 2256 799
8111 4 2 1 3 799 2390 2313 2273
8112 4 2 1 3 799 2273 2313 2256
8113 4 2 1 3 232 685 2383 2251
8114 4 2 1 3 685 251 2055 2051
8115 4 2 1 3 2383 2055 1271 2056
8116 4 2 1 3 2251 2051 2056 1311
8117 4 2 1 3 685 2383 2251 2051
8118 4 2 1 3 685 2051 2055 2383
8119 4 2 1 3 2383 2251 2051 2056
8120 4 2 1 3 2383 2056 2051 2055
8121 4 2 1 3 186 2427 2303 2304
8122 4 2 1 3 2427 1321 2253 2149
8123 4 2 1 3 2303 2253 1273 1648
8124 4 2 1 3 2304 2149 1648 1323
8125 4 2 1 3 2427 2303 2304 2149
8126 4 2 1 3 2427 2149 2253 2303
8127 4 2 1 3 2303 2304 2149 1648
8128 4 2 1 3 2303 1648 2149 2253
8129 4 2 1 3 96 2111 491 2218
8130 4 2 1 3 2111 1278 2352 2205
8131 4 2 1 3 491 2352 174 2428
8132 4 2 1 3 2218 2205 2428 1320
8133 4 2 1 3 2111 491 2218 2205
8134 4 2 1 3 2111 2205 2352 491
8135 4 2 1 3 491 2218 2205 2428
8136 4 2 1 3 491 2428 2205 2352
8137 4 2 1 3 239 2134 1932 2246
8138 4 2 1 3 2134 1333 1624 2160
8139 4 2 1 3 1932 1624 1262 1959
8140 4 2 1 3 2246 2160 1959 1342
8141 4 2 1 3 2134 1932 2246 2160
8142 4 2 1 3 2134 2160 1624 1932
8143 4 2 1 3 1932 2246 2160 1959
8144 4 2 1 3 1932 1959 2160 1624
8145 4 2 1 3 254 341 432 2425
8146 4 2 1 3 341 85 431 2426
8147 4 2 1 3 432 431 159 2270
8148 4 2 1 3 2425 2426 2270 1310
8149 4 2 1 3 341 432 2425 2426
8150 4 2 1 3 341 2426 431 432
8151 4 2 1 3 432 2425 2426 2270
8152 4 2 1 3 432 2270 2426 431
8153 4 2 1 3 221 2227 535 2228
8154 4 2 1 3 2227 1284 2301 1621
8155 4 2 1 3 535 2301 178 2311
8156 4 2 1 3 2228 1621 2311 1306
8157 4 2 1 3 2227 535 2228 1621
8158 4 2 1 3 2227 1621 2301 535
8159 4 2 1 3 535 2228 1621 2311
8160 4 2 1 3 535 2311 1621 2301
8161 4 2 1 3 88 2207 452 2255
8162 4 2 1 3 2207 1287 1933 2135
8163 4 2 1 3 452 1933 239 2134
8164 4 2 1 3 2255 2135 2134 1333
8165 4 2 1 3 2207 452 2255 2135
8166 4 2 1 3 2207 2135 1933 452
8167 4 2 1 3 452 2255 2135 2134
8168 4 2 1 3 452 2134 2135 1933
8169 4 2 1 3 899 2187 2169 2245
8170 4 2 1 3 2187 1313 1749 1748
8171 4 2 1 3 2169 1749 1260 1747
8172 4 2 1 3 2245 1748 1747 1324
8173 4 2 1 3 2187 2169 2245 1748
8174 4 2 1 3 2187 1748 1749 2169
8175 4 2 1 3 2169 2245 1748 1747
8176 4 2 1 3 2169 1747 1748 1749
8177 4 2 1 3 1273 1450 1647 2016
8178 4 2 1 3 1450 1293 1607 2017
8179 4 2 1 3 1647 1607 1252 2429
8180 4 2 1 3 2016 2017 2429 1337
8181 4 2 1 3 1450 1647 2016 2017
8182 4 2 1 3 1450 2017 1607 1647
8183 4 2 1 3 1647 2016 2017 2429
8184 4 2 1 3 1647 2429 2017 1607
8185 4 2 1 3 136 2084 672 2316
8186 4 2 1 3 2084 1282 1988 1496
8187 4 2 1 3 672 1988 132 1987
8188 4 2 1 3 2316 1496 1987 1304
8189 4 2 1 3 2084 672 2316 1496
8190 4 2 1 3 2084 1496 1988 672
8191 4 2 1 3 672 2316 1496 1987
8192 4 2 1 3 672 1987 1496 1988
8193 4 2 1 3 895 1210 1918 1920
8194 4 2 1 3 1210 912 2146 1944
8195 4 2 1 3 1918 2146 1295 1922
8196 4 2 1 3 1920 1944 1922 1315
8197 4 2 1 3 1210 1918 1920 1944
8198 4 2 1 3 1210 1944 2146 1918
8199 4 2 1 3 1918 1920 1944 1922
8200 4 2 1 3 1918 1922 1944 2146
8201 4 2 1 3 96 368 491 2111
8202 4 2 1 3 368 214 492 2337
8203 4 2 1 3 491 492 174 2352
8204 4 2 1 3 2111 2337 2352 1278
8205 4 2 1 3 368 491 2111 2337
8206 4 2 1 3 368 2337 492 491
8207 4 2 1 3 491 2111 2337 2352
8208 4 2 1 3 491 2352 2337 492
8209 4 2 1 3 923 1006 2431 2307
8210 4 2 1 3 1006 865 2430 2433
8211 4 2 1 3 2431 2430 172 2432
8212 4 2 1 3 2307 2433 2432 1320
8213 4 2 1 3 1006 2431 2307 2433
8214 4 2 1 3 1006 2433 2430 2431
8215 4 2 1 3 2431 2307 2433 2432
8216 4 2 1 3 2431 2432 2433 2430
8217 4 2 1 3 96 491 489 2218
8218 4 2 1 3 491 174 490 2428
8219 4 2 1 3 489 490 173 2263
8220 4 2 1 3 2218 2428 2263 1320
8221 4 2 1 3 491 489 2218 2428
8222 4 2 1 3 491 2428 490 489
8223 4 2 1 3 489 2218 2428 2263
8224 4 2 1 3 489 2263 2428 490
8225 4 2 1 3 111 555 2434 2435
8226 4 2 1 3 555 109 2233 2107
8227 4 2 1 3 2434 2233 1311 2234
8228 4 2 1 3 2435 2107 2234 1312
8229 4 2 1 3 555 2434 2435 2107
8230 4 2 1 3 555 2107 2233 2434
8231 4 2 1 3 2434 2435 2107 2234
8232 4 2 1 3 2434 2234 2107 2233
8233 4 2 1 3 935 1238 2204 2188
8234 4 2 1 3 1238 896 2436 2437
8235 4 2 1 3 2204 2436 1278 2203
8236 4 2 1 3 2188 2437 2203 1313
8237 4 2 1 3 1238 2204 2188 2437
8238 4 2 1 3 1238 2437 2436 2204
8239 4 2 1 3 2204 2188 2437 2203
8240 4 2 1 3 2204 2203 2437 2436
8241 4 2 1 3 109 544 545 2106
8242 4 2 1 3 544 108 532 2094
8243 4 2 1 3 545 532 107 1807
8244 4 2 1 3 2106 2094 1807 1298
8245 4 2 1 3 544 545 2106 2094
8246 4 2 1 3 544 2094 532 545
8247 4 2 1 3 545 2106 2094 1807
8248 4 2 1 3 545 1807 2094 532
8249 4 2 1 3 197 715 716 2438
8250 4 2 1 3 715 140 703 1966
8251 4 2 1 3 716 703 259 2254
8252 4 2 1 3 2438 1966 2254 1335
8253 4 2 1 3 715 716 2438 1966
8254 4 2 1 3 715 1966 703 716
8255 4 2 1 3 716 2438 1966 2254
8256 4 2 1 3 716 2254 1966 703
8257 4 2 1 3 1262 1575 1582 1624
8258 4 2 1 3 1575 1287 1713 2135
8259 4 2 1 3 1582 1713 1258 1512
8260 4 2 1 3 1624 2135 1512 1333
8261 4 2 1 3 1575 1582 1624 2135
8262 4 2 1 3 1575 2135 1713 1582
8263 4 2 1 3 1582 1624 2135 1512
8264 4 2 1 3 1582 1512 2135 1713
8265 4 2 1 3 1259 2164 2229 2200
8266 4 2 1 3 2164 1310 2231 2440
8267 4 2 1 3 2229 2231 910 2439
8268 4 2 1 3 2200 2440 2439 1340
8269 4 2 1 3 2164 2229 2200 2440
8270 4 2 1 3 2164 2440 2231 2229
8271 4 2 1 3 2229 2200 2440 2439
8272 4 2 1 3 2229 2439 2440 2231
8273 4 2 1 3 162 787 440 1664
8274 4 2 1 3 787 251 786 2055
8275 4 2 1 3 440 786 161 2075
8276 4 2 1 3 1664 2055 2075 1271
8277 4 2 1 3 787 440 1664 2055
8278 4 2 1 3 787 2055 786 440
8279 4 2 1 3 440 1664 2055 2075
8280 4 2 1 3 440 2075 2055 786
8281 4 2 1 3 132 667 646 1989
8282 4 2 1 3 667 135 666 1930
8283 4 2 1 3 646 666 131 2212
8284 4 2 1 3 1989 1930 2212 1309
8285 4 2 1 3 667 646 1989 1930
8286 4 2 1 3 667 1930 666 646
8287 4 2 1 3 646 1989 1930 2212
8288 4 2 1 3 646 2212 1930 666
8289 4 2 1 3 85 2426 2422 2441
8290 4 2 1 3 2426 1310 2424 2248
8291 4 2 1 3 2422 2424 859 2442
8292 4 2 1 3 2441 2248 2442 1345
8293 4 2 1 3 2426 2422 2441 2248
8294 4 2 1 3 2426 2248 2424 2422
8295 4 2 1 3 2422 2441 2248 2442
8296 4 2 1 3 2422 2442 2248 2424
8297 4 2 1 3 892 1190 1191 1623
8298 4 2 1 3 1190 891 1189 2318
8299 4 2 1 3 1191 1189 884 1473
8300 4 2 1 3 1623 2318 1473 1340
8301 4 2 1 3 1190 1191 1623 2318
8302 4 2 1 3 1190 2318 1189 1191
8303 4 2 1 3 1191 1623 2318 1473
8304 4 2 1 3 1191 1473 2318 1189
8305 4 2 1 3 174 2352 490 2428
8306 4 2 1 3 2352 1278 2262 2205
8307 4 2 1 3 490 2262 173 2263
8308 4 2 1 3 2428 2205 2263 1320
8309 4 2 1 3 2352 490 2428 2205
8310 4 2 1 3 2352 2205 2262 490
8311 4 2 1 3 490 2428 2205 2263
8312 4 2 1 3 490 2263 2205 2262
8313 4 2 1 3 245 2404 653 2406
8314 4 2 1 3 2404 1273 2303 2253
8315 4 2 1 3 653 2303 186 2427
8316 4 2 1 3 2406 2253 2427 1321
8317 4 2 1 3 2404 653 2406 2253
8318 4 2 1 3 2404 2253 2303 653
8319 4 2 1 3 653 2406 2253 2427
8320 4 2 1 3 653 2427 2253 2303
8321 4 2 1 3 248 788 789 2327
8322 4 2 1 3 788 162 442 1664
8323 4 2 1 3 789 442 238 1665
8324 4 2 1 3 2327 1664 1665 1271
8325 4 2 1 3 788 789 2327 1664
8326 4 2 1 3 788 1664 442 789
8327 4 2 1 3 789 2327 1664 1665
8328 4 2 1 3 789 1665 1664 442
8329 4 2 1 3 1251 1637 2113 2199
8330 4 2 1 3 1637 1303 2258 2309
8331 4 2 1 3 2113 2258 1267 1423
8332 4 2 1 3 2199 2309 1423 1328
8333 4 2 1 3 1637 2113 2199 2309
8334 4 2 1 3 1637 2309 2258 2113
8335 4 2 1 3 2113 2199 2309 1423
8336 4 2 1 3 2113 1423 2309 2258
8337 4 2 1 3 907 1225 1090 1656
8338 4 2 1 3 1225 905 1230 1669
8339 4 2 1 3 1090 1230 906 1672
8340 4 2 1 3 1656 1669 1672 1300
8341 4 2 1 3 1225 1090 1656 1669
8342 4 2 1 3 1225 1669 1230 1090
8343 4 2 1 3 1090 1656 1669 1672
8344 4 2 1 3 1090 1672 1669 1230
8345 4 2 1 3 919 2324 1222 2443
8346 4 2 1 3 2324 1261 2323 2185
8347 4 2 1 3 1222 2323 891 2318
8348 4 2 1 3 2443 2185 2318 1340
8349 4 2 1 3 2324 1222 2443 2185
8350 4 2 1 3 2324 2185 2323 1222
8351 4 2 1 3 1222 2443 2185 2318
8352 4 2 1 3 1222 2318 2185 2323
8353 4 2 1 3 178 535 404 2301
8354 4 2 1 3 535 221 534 2227
8355 4 2 1 3 404 534 105 2222
8356 4 2 1 3 2301 2227 2222 1284
8357 4 2 1 3 535 404 2301 2227
8358 4 2 1 3 535 2227 534 404
8359 4 2 1 3 404 2301 2227 2222
8360 4 2 1 3 404 2222 2227 534
8361 4 2 1 3 186 653 821 2303
8362 4 2 1 3 653 245 826 2404
8363 4 2 1 3 821 826 218 2161
8364 4 2 1 3 2303 2404 2161 1273
8365 4 2 1 3 653 821 2303 2404
8366 4 2 1 3 653 2404 826 821
8367 4 2 1 3 821 2303 2404 2161
8368 4 2 1 3 821 2161 2404 826
8369 4 2 1 3 2 276 2120 2122
8370 4 2 1 3 276 233 2340 2342
8371 4 2 1 3 2120 2340 1326 1536
8372 4 2 1 3 2122 2342 1536 1333
8373 4 2 1 3 276 2120 2122 2342
8374 4 2 1 3 276 2342 2340 2120
8375 4 2 1 3 2120 2122 2342 1536
8376 4 2 1 3 2120 1536 2342 2340
8377 4 2 1 3 854 2277 2276 2444
8378 4 2 1 3 2277 1290 2021 1391
8379 4 2 1 3 2276 2021 187 2369
8380 4 2 1 3 2444 1391 2369 1307
8381 4 2 1 3 2277 2276 2444 1391
8382 4 2 1 3 2277 1391 2021 2276
8383 4 2 1 3 2276 2444 1391 2369
8384 4 2 1 3 2276 2369 1391 2021
8385 4 2 1 3 1253 1379 1426 1382
8386 4 2 1 3 1379 1307 1427 1383
8387 4 2 1 3 1426 1427 1273 1648
8388 4 2 1 3 1382 1383 1648 1323
8389 4 2 1 3 1379 1426 1382 1383
8390 4 2 1 3 1379 1383 1427 1426
8391 4 2 1 3 1426 1382 1383 1648
8392 4 2 1 3 1426 1648 1383 1427
8393 4 2 1 3 110 552 549 2445
8394 4 2 1 3 552 143 551 1710
8395 4 2 1 3 549 551 108 2096
8396 4 2 1 3 2445 1710 2096 1312
8397 4 2 1 3 552 549 2445 1710
8398 4 2 1 3 552 1710 551 549
8399 4 2 1 3 549 2445 1710 2096
8400 4 2 1 3 549 2096 1710 551
8401 4 2 1 3 935 2204 1066 2189
8402 4 2 1 3 2204 1278 2110 2205
8403 4 2 1 3 1066 2110 922 2217
8404 4 2 1 3 2189 2205 2217 1320
8405 4 2 1 3 2204 1066 2189 2205
8406 4 2 1 3 2204 2205 2110 1066
8407 4 2 1 3 1066 2189 2205 2217
8408 4 2 1 3 1066 2217 2205 2110
8409 4 2 1 3 12 11 296 1924
8410 4 2 1 3 11 10 297 1913
8411 4 2 1 3 296 297 89 1545
8412 4 2 1 3 1924 1913 1545 1272
8413 4 2 1 3 11 296 1924 1913
8414 4 2 1 3 11 1913 297 296
8415 4 2 1 3 296 1924 1913 1545
8416 4 2 1 3 296 1545 1913 297
8417 4 2 1 3 1255 1650 1653 1997
8418 4 2 1 3 1650 1270 1554 2365
8419 4 2 1 3 1653 1554 1301 1999
8420 4 2 1 3 1997 2365 1999 1338
8421 4 2 1 3 1650 1653 1997 2365
8422 4 2 1 3 1650 2365 1554 1653
8423 4 2 1 3 1653 1997 2365 1999
8424 4 2 1 3 1653 1999 2365 1554
8425 4 2 1 3 861 1021 2446 2447
8426 4 2 1 3 1021 928 2416 2420
8427 4 2 1 3 2446 2416 243 2419
8428 4 2 1 3 2447 2420 2419 1330
8429 4 2 1 3 1021 2446 2447 2420
8430 4 2 1 3 1021 2420 2416 2446
8431 4 2 1 3 2446 2447 2420 2419
8432 4 2 1 3 2446 2419 2420 2416
8433 4 2 1 3 905 1150 1151 1652
8434 4 2 1 3 1150 876 1140 1555
8435 4 2 1 3 1151 1140 894 1892
8436 4 2 1 3 1652 1555 1892 1301
8437 4 2 1 3 1150 1151 1652 1555
8438 4 2 1 3 1150 1555 1140 1151
8439 4 2 1 3 1151 1652 1555 1892
8440 4 2 1 3 1151 1892 1555 1140
8441 4 2 1 3 879 1163 1165 2308
8442 4 2 1 3 1163 881 1166 2448
8443 4 2 1 3 1165 1166 902 1631
8444 4 2 1 3 2308 2448 1631 1343
8445 4 2 1 3 1163 1165 2308 2448
8446 4 2 1 3 1163 2448 1166 1165
8447 4 2 1 3 1165 2308 2448 1631
8448 4 2 1 3 1165 1631 2448 1166
8449 4 2 1 3 1252 2449 2450 1699
8450 4 2 1 3 2449 1305 2260 2401
8451 4 2 1 3 2450 2260 1278 2203
8452 4 2 1 3 1699 2401 2203 1313
8453 4 2 1 3 2449 2450 1699 2401
8454 4 2 1 3 2449 2401 2260 2450
8455 4 2 1 3 2450 1699 2401 2203
8456 4 2 1 3 2450 2203 2401 2260
8457 4 2 1 3 1248 1927 1740 2004
8458 4 2 1 3 1927 1264 1883 2364
8459 4 2 1 3 1740 1883 1292 2331
8460 4 2 1 3 2004 2364 2331 1338
8461 4 2 1 3 1927 1740 2004 2364
8462 4 2 1 3 1927 2364 1883 1740
8463 4 2 1 3 1740 2004 2364 2331
8464 4 2 1 3 1740 2331 2364 1883
8465 4 2 1 3 113 577 575 2299
8466 4 2 1 3 577 177 576 1960
8467 4 2 1 3 575 576 216 2267
8468 4 2 1 3 2299 1960 2267 1305
8469 4 2 1 3 577 575 2299 1960
8470 4 2 1 3 577 1960 576 575
8471 4 2 1 3 575 2299 1960 2267
8472 4 2 1 3 575 2267 1960 576
8473 4 2 1 3 85 430 431 2441
8474 4 2 1 3 430 247 429 2247
8475 4 2 1 3 431 429 159 2271
8476 4 2 1 3 2441 2247 2271 1345
8477 4 2 1 3 430 431 2441 2247
8478 4 2 1 3 430 2247 429 431
8479 4 2 1 3 431 2441 2247 2271
8480 4 2 1 3 431 2271 2247 429
8481 4 2 1 3 85 431 2426 2441
8482 4 2 1 3 431 159 2270 2271
8483 4 2 1 3 2426 2270 1310 2248
8484 4 2 1 3 2441 2271 2248 1345
8485 4 2 1 3 431 2426 2441 2271
8486 4 2 1 3 431 2271 2270 2426
8487 4 2 1 3 2426 2441 2271 2248
8488 4 2 1 3 2426 2248 2271 2270
8489 4 2 1 3 900 2332 1105 2451
8490 4 2 1 3 2332 1273 1979 2041
8491 4 2 1 3 1105 1979 866 2039
8492 4 2 1 3 2451 2041 2039 1344
8493 4 2 1 3 2332 1105 2451 2041
8494 4 2 1 3 2332 2041 1979 1105
8495 4 2 1 3 1105 2451 2041 2039
8496 4 2 1 3 1105 2039 2041 1979
8497 4 2 1 3 122 611 612 2335
8498 4 2 1 3 611 121 607 1658
8499 4 2 1 3 612 607 120 2351
8500 4 2 1 3 2335 1658 2351 1346
8501 4 2 1 3 611 612 2335 1658
8502 4 2 1 3 611 1658 607 612
8503 4 2 1 3 612 2335 1658 2351
8504 4 2 1 3 612 2351 1658 607
8505 4 2 1 3 149 758 757 2000
8506 4 2 1 3 758 225 760 1951
8507 4 2 1 3 757 760 242 2452
8508 4 2 1 3 2000 1951 2452 1339
8509 4 2 1 3 758 757 2000 1951
8510 4 2 1 3 758 1951 760 757
8511 4 2 1 3 757 2000 1951 2452
8512 4 2 1 3 757 2452 1951 760
8513 4 2 1 3 120 2350 603 2453
8514 4 2 1 3 2350 1275 2329 1644
8515 4 2 1 3 603 2329 128 2366
8516 4 2 1 3 2453 1644 2366 1323
8517 4 2 1 3 2350 603 2453 1644
8518 4 2 1 3 2350 1644 2329 603
8519 4 2 1 3 603 2453 1644 2366
8520 4 2 1 3 603 2366 1644 2329
8521 4 2 1 3 1293 2042 2224 1611
8522 4 2 1 3 2042 1308 1538 2028
8523 4 2 1 3 2224 1538 1268 1678
8524 4 2 1 3 1611 2028 1678 1331
8525 4 2 1 3 2042 2224 1611 2028
8526 4 2 1 3 2042 2028 1538 2224
8527 4 2 1 3 2224 1611 2028 1678
8528 4 2 1 3 2224 1678 2028 1538
8529 4 2 1 3 174 801 2352 2454
8530 4 2 1 3 801 176 2345 2360
8531 4 2 1 3 2352 2345 1278 2361
8532 4 2 1 3 2454 2360 2361 1321
8533 4 2 1 3 801 2352 2454 2360
8534 4 2 1 3 801 2360 2345 2352
8535 4 2 1 3 2352 2454 2360 2361
8536 4 2 1 3 2352 2361 2360 2345
8537 4 2 1 3 220 483 484 1743
8538 4 2 1 3 483 95 398 2455
8539 4 2 1 3 484 398 170 1940
8540 4 2 1 3 1743 2455 1940 1306
8541 4 2 1 3 483 484 1743 2455
8542 4 2 1 3 483 2455 398 484
8543 4 2 1 3 484 1743 2455 1940
8544 4 2 1 3 484 1940 2455 398
8545 4 2 1 3 1254 1779 1513 1516
8546 4 2 1 3 1779 1279 1501 1993
8547 4 2 1 3 1513 1501 1272 1518
8548 4 2 1 3 1516 1993 1518 1299
8549 4 2 1 3 1779 1513 1516 1993
8550 4 2 1 3 1779 1993 1501 1513
8551 4 2 1 3 1513 1516 1993 1518
8552 4 2 1 3 1513 1518 1993 1501
8553 4 2 1 3 1250 1494 1509 2008
8554 4 2 1 3 1494 1282 1820 2009
8555 4 2 1 3 1509 1820 1264 2364
8556 4 2 1 3 2008 2009 2364 1338
8557 4 2 1 3 1494 1509 2008 2009
8558 4 2 1 3 1494 2009 1820 1509
8559 4 2 1 3 1509 2008 2009 2364
8560 4 2 1 3 1509 2364 2009 1820
8561 4 2 1 3 262 828 411 2414
8562 4 2 1 3 828 188 827 2368
8563 4 2 1 3 411 827 195 2022
8564 4 2 1 3 2414 2368 2022 1290
8565 4 2 1 3 828 411 2414 2368
8566 4 2 1 3 828 2368 827 411
8567 4 2 1 3 411 2414 2368 2022
8568 4 2 1 3 411 2022 2368 827
8569 4 2 1 3 935 1065 1066 2204
8570 4 2 1 3 1065 858 1000 2112
8571 4 2 1 3 1066 1000 922 2110
8572 4 2 1 3 2204 2112 2110 1278
8573 4 2 1 3 1065 1066 2204 2112
8574 4 2 1 3 1065 2112 1000 1066
8575 4 2 1 3 1066 2204 2112 2110
8576 4 2 1 3 1066 2110 2112 1000
8577 4 2 1 3 919 1111 1222 2325
8578 4 2 1 3 1111 913 1217 2413
8579 4 2 1 3 1222 1217 891 2326
8580 4 2 1 3 2325 2413 2326 1339
8581 4 2 1 3 1111 1222 2325 2413
8582 4 2 1 3 1111 2413 1217 1222
8583 4 2 1 3 1222 2325 2413 2326
8584 4 2 1 3 1222 2326 2413 1217
8585 4 2 1 3 900 1108 1105 2332
8586 4 2 1 3 1108 932 1107 2013
8587 4 2 1 3 1105 1107 866 1979
8588 4 2 1 3 2332 2013 1979 1273
8589 4 2 1 3 1108 1105 2332 2013
8590 4 2 1 3 1108 2013 1107 1105
8591 4 2 1 3 1105 2332 2013 1979
8592 4 2 1 3 1105 1979 2013 1107
8593 4 2 1 3 879 2456 1163 2308
8594 4 2 1 3 2456 1308 2043 2457
8595 4 2 1 3 1163 2043 881 2448
8596 4 2 1 3 2308 2457 2448 1343
8597 4 2 1 3 2456 1163 2308 2457
8598 4 2 1 3 2456 2457 2043 1163
8599 4 2 1 3 1163 2308 2457 2448
8600 4 2 1 3 1163 2448 2457 2043
8601 4 2 1 3 251 790 685 2055
8602 4 2 1 3 790 248 837 2327
8603 4 2 1 3 685 837 232 2383
8604 4 2 1 3 2055 2327 2383 1271
8605 4 2 1 3 790 685 2055 2327
8606 4 2 1 3 790 2327 837 685
8607 4 2 1 3 685 2055 2327 2383
8608 4 2 1 3 685 2383 2327 837
8609 4 2 1 3 859 2424 1073 2442
8610 4 2 1 3 2424 1310 2232 2248
8611 4 2 1 3 1073 2232 920 2372
8612 4 2 1 3 2442 2248 2372 1345
8613 4 2 1 3 2424 1073 2442 2248
8614 4 2 1 3 2424 2248 2232 1073
8615 4 2 1 3 1073 2442 2248 2372
8616 4 2 1 3 1073 2372 2248 2232
8617 4 2 1 3 139 693 694 1558
8618 4 2 1 3 693 136 691 2084
8619 4 2 1 3 694 691 138 1559
8620 4 2 1 3 1558 2084 1559 1282
8621 4 2 1 3 693 694 1558 2084
8622 4 2 1 3 693 2084 691 694
8623 4 2 1 3 694 1558 2084 1559
8624 4 2 1 3 694 1559 2084 691
8625 4 2 1 3 1282 1496 1494 1931
8626 4 2 1 3 1496 1304 1493 1990
8627 4 2 1 3 1494 1493 1250 1457
8628 4 2 1 3 1931 1990 1457 1309
8629 4 2 1 3 1496 1494 1931 1990
8630 4 2 1 3 1496 1990 1493 1494
8631 4 2 1 3 1494 1931 1990 1457
8632 4 2 1 3 1494 1457 1990 1493
8633 4 2 1 3 1250 1691 1491 1735
8634 4 2 1 3 1691 1259 1372 2200
8635 4 2 1 3 1491 1372 1300 1474
8636 4 2 1 3 1735 2200 1474 1340
8637 4 2 1 3 1691 1491 1735 2200
8638 4 2 1 3 1691 2200 1372 1491
8639 4 2 1 3 1491 1735 2200 1474
8640 4 2 1 3 1491 1474 2200 1372
8641 4 2 1 3 219 799 810 2256
8642 4 2 1 3 799 177 578 1935
8643 4 2 1 3 810 578 240 1898
8644 4 2 1 3 2256 1935 1898 1260
8645 4 2 1 3 799 810 2256 1935
8646 4 2 1 3 799 1935 578 810
8647 4 2 1 3 810 2256 1935 1898
8648 4 2 1 3 810 1898 1935 578
8649 4 2 1 3 107 532 529 1806
8650 4 2 1 3 532 108 531 2095
8651 4 2 1 3 529 531 104 1602
8652 4 2 1 3 1806 2095 1602 1274
8653 4 2 1 3 532 529 1806 2095
8654 4 2 1 3 532 2095 531 529
8655 4 2 1 3 529 1806 2095 1602
8656 4 2 1 3 529 1602 2095 531
8657 4 2 1 3 163 792 307 2283
8658 4 2 1 3 792 246 791 1830
8659 4 2 1 3 307 791 164 1482
8660 4 2 1 3 2283 1830 1482 1292
8661 4 2 1 3 792 307 2283 1830
8662 4 2 1 3 792 1830 791 307
8663 4 2 1 3 307 2283 1830 1482
8664 4 2 1 3 307 1482 1830 791
8665 4 2 1 3 870 1888 1077 1891
8666 4 2 1 3 1888 1286 1696 1357
8667 4 2 1 3 1077 1696 871 1697
8668 4 2 1 3 1891 1357 1697 1319
8669 4 2 1 3 1888 1077 1891 1357
8670 4 2 1 3 1888 1357 1696 1077
8671 4 2 1 3 1077 1891 1357 1697
8672 4 2 1 3 1077 1697 1357 1696
8673 4 2 1 3 1250 2265 1445 1457
8674 4 2 1 3 2265 1291 1971 2194
8675 4 2 1 3 1445 1971 1266 1456
8676 4 2 1 3 1457 2194 1456 1309
8677 4 2 1 3 2265 1445 1457 2194
8678 4 2 1 3 2265 2194 1971 1445
8679 4 2 1 3 1445 1457 2194 1456
8680 4 2 1 3 1445 1456 2194 1971
8681 4 2 1 3 1250 1444 1956 2008
8682 4 2 1 3 1444 1296 1838 2363
8683 4 2 1 3 1956 1838 1270 2365
8684 4 2 1 3 2008 2363 2365 1338
8685 4 2 1 3 1444 1956 2008 2363
8686 4 2 1 3 1444 2363 1838 1956
8687 4 2 1 3 1956 2008 2363 2365
8688 4 2 1 3 1956 2365 2363 1838
8689 4 2 1 3 935 1237 1238 2188
8690 4 2 1 3 1237 899 1204 2187
8691 4 2 1 3 1238 1204 896 2437
8692 4 2 1 3 2188 2187 2437 1313
8693 4 2 1 3 1237 1238 2188 2187
8694 4 2 1 3 1237 2187 1204 1238
8695 4 2 1 3 1238 2188 2187 2437
8696 4 2 1 3 1238 2437 2187 1204
8697 4 2 1 3 1254 1885 1356 1853
8698 4 2 1 3 1885 1325 2458 1570
8699 4 2 1 3 1356 2458 1319 2378
8700 4 2 1 3 1853 1570 2378 1341
8701 4 2 1 3 1885 1356 1853 1570
8702 4 2 1 3 1885 1570 2458 1356
8703 4 2 1 3 1356 1853 1570 2378
8704 4 2 1 3 1356 2378 1570 2458
8705 4 2 1 3 924 1015 1064 1666
8706 4 2 1 3 1015 869 1122 1733
8707 4 2 1 3 1064 1122 943 2131
8708 4 2 1 3 1666 1733 2131 1271
8709 4 2 1 3 1015 1064 1666 1733
8710 4 2 1 3 1015 1733 1122 1064
8711 4 2 1 3 1064 1666 1733 2131
8712 4 2 1 3 1064 2131 1733 1122
8713 4 2 1 3 907 1655 1226 2459
8714 4 2 1 3 1655 1259 2229 2200
8715 4 2 1 3 1226 2229 910 2439
8716 4 2 1 3 2459 2200 2439 1340
8717 4 2 1 3 1655 1226 2459 2200
8718 4 2 1 3 1655 2200 2229 1226
8719 4 2 1 3 1226 2459 2200 2439
8720 4 2 1 3 1226 2439 2200 2229
8721 4 2 1 3 875 1371 1134 1553
8722 4 2 1 3 1371 1283 1616 1430
8723 4 2 1 3 1134 1616 874 1617
8724 4 2 1 3 1553 1430 1617 1301
8725 4 2 1 3 1371 1134 1553 1430
8726 4 2 1 3 1371 1430 1616 1134
8727 4 2 1 3 1134 1553 1430 1617
8728 4 2 1 3 1134 1617 1430 1616
8729 4 2 1 3 112 569 571 2389
8730 4 2 1 3 569 114 572 2077
8731 4 2 1 3 571 572 115 2250
8732 4 2 1 3 2389 2077 2250 1342
8733 4 2 1 3 569 571 2389 2077
8734 4 2 1 3 569 2077 572 571
8735 4 2 1 3 571 2389 2077 2250
8736 4 2 1 3 571 2250 2077 572
8737 4 2 1 3 1275 1644 2350 1659
8738 4 2 1 3 1644 1323 2453 1388
8739 4 2 1 3 2350 2453 120 2351
8740 4 2 1 3 1659 1388 2351 1346
8741 4 2 1 3 1644 2350 1659 1388
8742 4 2 1 3 1644 1388 2453 2350
8743 4 2 1 3 2350 1659 1388 2351
8744 4 2 1 3 2350 2351 1388 2453
8745 4 2 1 3 869 1118 1733 2408
8746 4 2 1 3 1118 898 2288 2460
8747 4 2 1 3 1733 2288 1271 2409
8748 4 2 1 3 2408 2460 2409 1318
8749 4 2 1 3 1118 1733 2408 2460
8750 4 2 1 3 1118 2460 2288 1733
8751 4 2 1 3 1733 2408 2460 2409
8752 4 2 1 3 1733 2409 2460 2288
8753 4 2 1 3 245 2406 653 2461
8754 4 2 1 3 2406 1321 2427 2149
8755 4 2 1 3 653 2427 186 2304
8756 4 2 1 3 2461 2149 2304 1323
8757 4 2 1 3 2406 653 2461 2149
8758 4 2 1 3 2406 2149 2427 653
8759 4 2 1 3 653 2461 2149 2304
8760 4 2 1 3 653 2304 2149 2427
8761 4 2 1 3 161 741 740 2076
8762 4 2 1 3 741 211 548 2081
8763 4 2 1 3 740 548 145 1884
8764 4 2 1 3 2076 2081 1884 1298
8765 4 2 1 3 741 740 2076 2081
8766 4 2 1 3 741 2081 548 740
8767 4 2 1 3 740 2076 2081 1884
8768 4 2 1 3 740 1884 2081 548
8769 4 2 1 3 920 2230 1092 2372
8770 4 2 1 3 2230 1259 1655 1912
8771 4 2 1 3 1092 1655 907 1910
8772 4 2 1 3 2372 1912 1910 1345
8773 4 2 1 3 2230 1092 2372 1912
8774 4 2 1 3 2230 1912 1655 1092
8775 4 2 1 3 1092 2372 1912 1910
8776 4 2 1 3 1092 1910 1912 1655
8777 4 2 1 3 83 2305 374 2274
8778 4 2 1 3 2305 923 2431 2307
8779 4 2 1 3 374 2431 172 2432
8780 4 2 1 3 2274 2307 2432 1320
8781 4 2 1 3 2305 374 2274 2307
8782 4 2 1 3 2305 2307 2431 374
8783 4 2 1 3 374 2274 2307 2432
8784 4 2 1 3 374 2432 2307 2431
8785 4 2 1 3 245 654 2406 2461
8786 4 2 1 3 654 128 2384 2366
8787 4 2 1 3 2406 2384 1321 2149
8788 4 2 1 3 2461 2366 2149 1323
8789 4 2 1 3 654 2406 2461 2366
8790 4 2 1 3 654 2366 2384 2406
8791 4 2 1 3 2406 2461 2366 2149
8792 4 2 1 3 2406 2149 2366 2384
8793 4 2 1 3 885 1195 1744 1991
8794 4 2 1 3 1195 911 1798 2001
8795 4 2 1 3 1744 1798 1281 1992
8796 4 2 1 3 1991 2001 1992 1315
8797 4 2 1 3 1195 1744 1991 2001
8798 4 2 1 3 1195 2001 1798 1744
8799 4 2 1 3 1744 1991 2001 1992
8800 4 2 1 3 1744 1992 2001 1798
8801 4 2 1 3 143 552 563 1710
8802 4 2 1 3 552 110 561 2445
8803 4 2 1 3 563 561 209 2196
8804 4 2 1 3 1710 2445 2196 1312
8805 4 2 1 3 552 563 1710 2445
8806 4 2 1 3 552 2445 561 563
8807 4 2 1 3 563 1710 2445 2196
8808 4 2 1 3 563 2196 2445 561
8809 4 2 1 3 1266 1438 2463 1657
8810 4 2 1 3 1438 1334 2462 2464
8811 4 2 1 3 2463 2462 1253 1387
8812 4 2 1 3 1657 2464 1387 1346
8813 4 2 1 3 1438 2463 1657 2464
8814 4 2 1 3 1438 2464 2462 2463
8815 4 2 1 3 2463 1657 2464 1387
8816 4 2 1 3 2463 1387 2464 2462
8817 4 2 1 3 919 2465 2324 2443
8818 4 2 1 3 2465 1310 2209 2440
8819 4 2 1 3 2324 2209 1261 2185
8820 4 2 1 3 2443 2440 2185 1340
8821 4 2 1 3 2465 2324 2443 2440
8822 4 2 1 3 2465 2440 2209 2324
8823 4 2 1 3 2324 2443 2440 2185
8824 4 2 1 3 2324 2185 2440 2209
8825 4 2 1 3 225 759 829 1950
8826 4 2 1 3 759 201 660 2466
8827 4 2 1 3 829 660 200 1454
8828 4 2 1 3 1950 2466 1454 1314
8829 4 2 1 3 759 829 1950 2466
8830 4 2 1 3 759 2466 660 829
8831 4 2 1 3 829 1950 2466 1454
8832 4 2 1 3 829 1454 2466 660
8833 4 2 1 3 103 520 514 1712
8834 4 2 1 3 520 104 519 1603
8835 4 2 1 3 514 519 102 1831
8836 4 2 1 3 1712 1603 1831 1285
8837 4 2 1 3 520 514 1712 1603
8838 4 2 1 3 520 1603 519 514
8839 4 2 1 3 514 1712 1603 1831
8840 4 2 1 3 514 1831 1603 519
8841 4 2 1 3 143 563 731 1957
8842 4 2 1 3 563 209 732 2197
8843 4 2 1 3 731 732 239 2246
8844 4 2 1 3 1957 2197 2246 1342
8845 4 2 1 3 563 731 1957 2197
8846 4 2 1 3 563 2197 732 731
8847 4 2 1 3 731 1957 2197 2246
8848 4 2 1 3 731 2246 2197 732
8849 4 2 1 3 214 2337 2336 2467
8850 4 2 1 3 2337 1278 2112 2469
8851 4 2 1 3 2336 2112 858 2468
8852 4 2 1 3 2467 2469 2468 1344
8853 4 2 1 3 2337 2336 2467 2469
8854 4 2 1 3 2337 2469 2112 2336
8855 4 2 1 3 2336 2467 2469 2468
8856 4 2 1 3 2336 2468 2469 2112
8857 4 2 1 3 1250 1445 2265 1446
8858 4 2 1 3 1445 1266 1971 1438
8859 4 2 1 3 2265 1971 1291 2396
8860 4 2 1 3 1446 1438 2396 1334
8861 4 2 1 3 1445 2265 1446 1438
8862 4 2 1 3 1445 1438 1971 2265
8863 4 2 1 3 2265 1446 1438 2396
8864 4 2 1 3 2265 2396 1438 1971
8865 4 2 1 3 105 2222 537 2322
8866 4 2 1 3 2222 1284 2470 1535
8867 4 2 1 3 537 2470 199 2471
8868 4 2 1 3 2322 1535 2471 1319
8869 4 2 1 3 2222 537 2322 1535
8870 4 2 1 3 2222 1535 2470 537
8871 4 2 1 3 537 2322 1535 2471
8872 4 2 1 3 537 2471 1535 2470
8873 4 2 1 3 928 2472 2416 2417
8874 4 2 1 3 2472 86 386 2049
8875 4 2 1 3 2416 386 243 2418
8876 4 2 1 3 2417 2049 2418 1297
8877 4 2 1 3 2472 2416 2417 2049
8878 4 2 1 3 2472 2049 386 2416
8879 4 2 1 3 2416 2417 2049 2418
8880 4 2 1 3 2416 2418 2049 386
8881 4 2 1 3 199 2471 2473 2474
8882 4 2 1 3 2471 1319 2458 2378
8883 4 2 1 3 2473 2458 1325 1570
8884 4 2 1 3 2474 2378 1570 1341
8885 4 2 1 3 2471 2473 2474 2378
8886 4 2 1 3 2471 2378 2458 2473
8887 4 2 1 3 2473 2474 2378 1570
8888 4 2 1 3 2473 1570 2378 2458
8889 4 2 1 3 1284 1535 1533 1642
8890 4 2 1 3 1535 1319 1356 2458
8891 4 2 1 3 1533 1356 1254 1885
8892 4 2 1 3 1642 2458 1885 1325
8893 4 2 1 3 1535 1533 1642 2458
8894 4 2 1 3 1535 2458 1356 1533
8895 4 2 1 3 1533 1642 2458 1885
8896 4 2 1 3 1533 1885 2458 1356
8897 4 2 1 3 1261 2209 2324 1953
8898 4 2 1 3 2209 1310 2465 2211
8899 4 2 1 3 2324 2465 919 2325
8900 4 2 1 3 1953 2211 2325 1339
8901 4 2 1 3 2209 2324 1953 2211
8902 4 2 1 3 2209 2211 2465 2324
8903 4 2 1 3 2324 1953 2211 2325
8904 4 2 1 3 2324 2325 2211 2465
8905 4 2 1 3 1253 1615 2463 1387
8906 4 2 1 3 1615 1331 1677 2475
8907 4 2 1 3 2463 1677 1266 1657
8908 4 2 1 3 1387 2475 1657 1346
8909 4 2 1 3 1615 2463 1387 2475
8910 4 2 1 3 1615 2475 1677 2463
8911 4 2 1 3 2463 1387 2475 1657
8912 4 2 1 3 2463 1657 2475 1677
8913 4 2 1 3 1254 1579 1513 1853
8914 4 2 1 3 1579 1302 1585 2058
8915 4 2 1 3 1513 1585 1272 1504
8916 4 2 1 3 1853 2058 1504 1341
8917 4 2 1 3 1579 1513 1853 2058
8918 4 2 1 3 1579 2058 1585 1513
8919 4 2 1 3 1513 1853 2058 1504
8920 4 2 1 3 1513 1504 2058 1585
8921 4 2 1 3 218 2161 2405 2162
8922 4 2 1 3 2161 1273 2253 2041
8923 4 2 1 3 2405 2253 1321 2476
8924 4 2 1 3 2162 2041 2476 1344
8925 4 2 1 3 2161 2405 2162 2041
8926 4 2 1 3 2161 2041 2253 2405
8927 4 2 1 3 2405 2162 2041 2476
8928 4 2 1 3 2405 2476 2041 2253
8929 4 2 1 3 1247 1421 1544 1422
8930 4 2 1 3 1421 1267 2258 1423
8931 4 2 1 3 1544 2258 1303 2309
8932 4 2 1 3 1422 1423 2309 1328
8933 4 2 1 3 1421 1544 1422 1423
8934 4 2 1 3 1421 1423 2258 1544
8935 4 2 1 3 1544 1422 1423 2309
8936 4 2 1 3 1544 2309 1423 2258
8937 4 2 1 3 1262 1765 1709 2130
8938 4 2 1 3 1765 1251 2173 2199
8939 4 2 1 3 1709 2173 1312 2477
8940 4 2 1 3 2130 2199 2477 1328
8941 4 2 1 3 1765 1709 2130 2199
8942 4 2 1 3 1765 2199 2173 1709
8943 4 2 1 3 1709 2130 2199 2477
8944 4 2 1 3 1709 2477 2199 2173
8945 4 2 1 3 1278 2203 2400 2205
8946 4 2 1 3 2203 1313 1749 2190
8947 4 2 1 3 2400 1749 1260 2313
8948 4 2 1 3 2205 2190 2313 1320
8949 4 2 1 3 2203 2400 2205 2190
8950 4 2 1 3 2203 2190 1749 2400
8951 4 2 1 3 2400 2205 2190 2313
8952 4 2 1 3 2400 2313 2190 1749
8953 4 2 1 3 1297 1995 1848 2133
8954 4 2 1 3 1995 1298 1626 2290
8955 4 2 1 3 1848 1626 1257 1876
8956 4 2 1 3 2133 2290 1876 1318
8957 4 2 1 3 1995 1848 2133 2290
8958 4 2 1 3 1995 2290 1626 1848
8959 4 2 1 3 1848 2133 2290 1876
8960 4 2 1 3 1848 1876 2290 1626
8961 4 2 1 3 182 819 816 2045
8962 4 2 1 3 819 186 821 2303
8963 4 2 1 3 816 821 218 2161
8964 4 2 1 3 2045 2303 2161 1273
8965 4 2 1 3 819 816 2045 2303
8966 4 2 1 3 819 2303 821 816
8967 4 2 1 3 816 2045 2303 2161
8968 4 2 1 3 816 2161 2303 821
8969 4 2 1 3 1272 2025 1518 1965
8970 4 2 1 3 2025 1258 1507 1828
8971 4 2 1 3 1518 1507 1299 2065
8972 4 2 1 3 1965 1828 2065 1332
8973 4 2 1 3 2025 1518 1965 1828
8974 4 2 1 3 2025 1828 1507 1518
8975 4 2 1 3 1518 1965 1828 2065
8976 4 2 1 3 1518 2065 1828 1507
8977 4 2 1 3 1253 2462 1385 1387
8978 4 2 1 3 2462 1334 2478 2464
8979 4 2 1 3 1385 2478 1314 1386
8980 4 2 1 3 1387 2464 1386 1346
8981 4 2 1 3 2462 1385 1387 2464
8982 4 2 1 3 2462 2464 2478 1385
8983 4 2 1 3 1385 1387 2464 1386
8984 4 2 1 3 1385 1386 2464 2478
8985 4 2 1 3 907 1656 1655 2459
8986 4 2 1 3 1656 1300 1372 1474
8987 4 2 1 3 1655 1372 1259 2200
8988 4 2 1 3 2459 1474 2200 1340
8989 4 2 1 3 1656 1655 2459 1474
8990 4 2 1 3 1656 1474 1372 1655
8991 4 2 1 3 1655 2459 1474 2200
8992 4 2 1 3 1655 2200 1474 1372
8993 4 2 1 3 1254 1356 1355 1853
8994 4 2 1 3 1356 1319 1357 2378
8995 4 2 1 3 1355 1357 1286 2376
8996 4 2 1 3 1853 2378 2376 1341
8997 4 2 1 3 1356 1355 1853 2378
8998 4 2 1 3 1356 2378 1357 1355
8999 4 2 1 3 1355 1853 2378 2376
9000 4 2 1 3 1355 2376 2378 1357
9001 4 2 1 3 174 2352 803 2454
9002 4 2 1 3 2352 1278 2479 2361
9003 4 2 1 3 803 2479 226 2480
9004 4 2 1 3 2454 2361 2480 1321
9005 4 2 1 3 2352 803 2454 2361
9006 4 2 1 3 2352 2361 2479 803
9007 4 2 1 3 803 2454 2361 2480
9008 4 2 1 3 803 2480 2361 2479
9009 4 2 1 3 112 2481 2388 2389
9010 4 2 1 3 2481 1312 2482 1958
9011 4 2 1 3 2388 2482 1289 2079
9012 4 2 1 3 2389 1958 2079 1342
9013 4 2 1 3 2481 2388 2389 1958
9014 4 2 1 3 2481 1958 2482 2388
9015 4 2 1 3 2388 2389 1958 2079
9016 4 2 1 3 2388 2079 1958 2482
9017 4 2 1 3 127 2128 2193 2483
9018 4 2 1 3 2128 1304 2192 2382
9019 4 2 1 3 2193 2192 1291 2070
9020 4 2 1 3 2483 2382 2070 1327
9021 4 2 1 3 2128 2193 2483 2382
9022 4 2 1 3 2128 2382 2192 2193
9023 4 2 1 3 2193 2483 2382 2070
9024 4 2 1 3 2193 2070 2382 2192
9025 4 2 1 3 1266 1974 1438 1657
9026 4 2 1 3 1974 1314 2478 1386
9027 4 2 1 3 1438 2478 1334 2464
9028 4 2 1 3 1657 1386 2464 1346
9029 4 2 1 3 1974 1438 1657 1386
9030 4 2 1 3 1974 1386 2478 1438
9031 4 2 1 3 1438 1657 1386 2464
9032 4 2 1 3 1438 2464 1386 2478
9033 4 2 1 3 909 1147 1162 1547
9034 4 2 1 3 1147 878 1160 1684
9035 4 2 1 3 1162 1160 885 1744
9036 4 2 1 3 1547 1684 1744 1281
9037 4 2 1 3 1147 1162 1547 1684
9038 4 2 1 3 1147 1684 1160 1162
9039 4 2 1 3 1162 1547 1684 1744
9040 4 2 1 3 1162 1744 1684 1160
9041 4 2 1 3 142 723 724 1862
9042 4 2 1 3 723 220 722 1882
9043 4 2 1 3 724 722 171 2484
9044 4 2 1 3 1862 1882 2484 1295
9045 4 2 1 3 723 724 1862 1882
9046 4 2 1 3 723 1882 722 724
9047 4 2 1 3 724 1862 1882 2484
9048 4 2 1 3 724 2484 1882 722
9049 4 2 1 3 1250 1956 1491 2008
9050 4 2 1 3 1956 1270 1532 2365
9051 4 2 1 3 1491 1532 1300 2024
9052 4 2 1 3 2008 2365 2024 1338
9053 4 2 1 3 1956 1491 2008 2365
9054 4 2 1 3 1956 2365 1532 1491
9055 4 2 1 3 1491 2008 2365 2024
9056 4 2 1 3 1491 2024 2365 1532
9057 4 2 1 3 1286 1598 1355 2376
9058 4 2 1 3 1598 1302 1579 2058
9059 4 2 1 3 1355 1579 1254 1853
9060 4 2 1 3 2376 2058 1853 1341
9061 4 2 1 3 1598 1355 2376 2058
9062 4 2 1 3 1598 2058 1579 1355
9063 4 2 1 3 1355 2376 2058 1853
9064 4 2 1 3 1355 1853 2058 1579
9065 4 2 1 3 4 1887 5 2338
9066 4 2 1 3 1887 1286 2354 2034
9067 4 2 1 3 5 2354 6 2399
9068 4 2 1 3 2338 2034 2399 1336
9069 4 2 1 3 1887 5 2338 2034
9070 4 2 1 3 1887 2034 2354 5
9071 4 2 1 3 5 2338 2034 2399
9072 4 2 1 3 5 2399 2034 2354
9073 4 2 1 3 16 17 2179 2181
9074 4 2 1 3 17 2 2121 2122
9075 4 2 1 3 2179 2121 1329 1776
9076 4 2 1 3 2181 2122 1776 1333
9077 4 2 1 3 17 2179 2181 2122
9078 4 2 1 3 17 2122 2121 2179
9079 4 2 1 3 2179 2181 2122 1776
9080 4 2 1 3 2179 1776 2122 2121
9081 4 2 1 3 149 645 758 1963
9082 4 2 1 3 645 201 759 2466
9083 4 2 1 3 758 759 225 1950
9084 4 2 1 3 1963 2466 1950 1314
9085 4 2 1 3 645 758 1963 2466
9086 4 2 1 3 645 2466 759 758
9087 4 2 1 3 758 1963 2466 1950
9088 4 2 1 3 758 1950 2466 759
9089 4 2 1 3 913 2411 1042 2412
9090 4 2 1 3 2411 1290 1580 1586
9091 4 2 1 3 1042 1580 915 1481
9092 4 2 1 3 2412 1586 1481 1322
9093 4 2 1 3 2411 1042 2412 1586
9094 4 2 1 3 2411 1586 1580 1042
9095 4 2 1 3 1042 2412 1586 1481
9096 4 2 1 3 1042 1481 1586 1580
9097 4 2 1 3 1255 1640 1495 1997
9098 4 2 1 3 1640 1280 1562 1998
9099 4 2 1 3 1495 1562 1282 2009
9100 4 2 1 3 1997 1998 2009 1338
9101 4 2 1 3 1640 1495 1997 1998
9102 4 2 1 3 1640 1998 1562 1495
9103 4 2 1 3 1495 1997 1998 2009
9104 4 2 1 3 1495 2009 1998 1562
9105 4 2 1 3 1248 1859 1927 2004
9106 4 2 1 3 1859 1296 1451 2363
9107 4 2 1 3 1927 1451 1264 2364
9108 4 2 1 3 2004 2363 2364 1338
9109 4 2 1 3 1859 1927 2004 2363
9110 4 2 1 3 1859 2363 1451 1927
9111 4 2 1 3 1927 2004 2363 2364
9112 4 2 1 3 1927 2364 2363 1451
9113 4 2 1 3 1261 1949 2153 2397
9114 4 2 1 3 1949 1314 1550 2485
9115 4 2 1 3 2153 1550 1290 1586
9116 4 2 1 3 2397 2485 1586 1322
9117 4 2 1 3 1949 2153 2397 2485
9118 4 2 1 3 1949 2485 1550 2153
9119 4 2 1 3 2153 2397 2485 1586
9120 4 2 1 3 2153 1586 2485 1550
9121 4 2 1 3 1290 1550 1390 1586
9122 4 2 1 3 1550 1314 1385 2485
9123 4 2 1 3 1390 1385 1253 1480
9124 4 2 1 3 1586 2485 1480 1322
9125 4 2 1 3 1550 1390 1586 2485
9126 4 2 1 3 1550 2485 1385 1390
9127 4 2 1 3 1390 1586 2485 1480
9128 4 2 1 3 1390 1480 2485 1385
9129 4 2 1 3 82 2486 362 2487
9130 4 2 1 3 2486 866 1977 2039
9131 4 2 1 3 362 1977 181 2040
9132 4 2 1 3 2487 2039 2040 1344
9133 4 2 1 3 2486 362 2487 2039
9134 4 2 1 3 2486 2039 1977 362
9135 4 2 1 3 362 2487 2039 2040
9136 4 2 1 3 362 2040 2039 1977
9137 4 2 1 3 1261 2397 2323 2185
9138 4 2 1 3 2397 1322 2317 1596
9139 4 2 1 3 2323 2317 891 2318
9140 4 2 1 3 2185 1596 2318 1340
9141 4 2 1 3 2397 2323 2185 1596
9142 4 2 1 3 2397 1596 2317 2323
9143 4 2 1 3 2323 2185 1596 2318
9144 4 2 1 3 2323 2318 1596 2317
9145 4 2 1 3 212 2488 649 2489
9146 4 2 1 3 2488 1304 2128 2382
9147 4 2 1 3 649 2128 127 2483
9148 4 2 1 3 2489 2382 2483 1327
9149 4 2 1 3 2488 649 2489 2382
9150 4 2 1 3 2488 2382 2128 649
9151 4 2 1 3 649 2489 2382 2483
9152 4 2 1 3 649 2483 2382 2128
9153 4 2 1 3 918 1052 1054 2402
9154 4 2 1 3 1052 855 1036 2223
9155 4 2 1 3 1054 1036 938 2221
9156 4 2 1 3 2402 2223 2221 1284
9157 4 2 1 3 1052 1054 2402 2223
9158 4 2 1 3 1052 2223 1036 1054
9159 4 2 1 3 1054 2402 2223 2221
9160 4 2 1 3 1054 2221 2223 1036
9161 4 2 1 3 1268 2224 2490 1595
9162 4 2 1 3 2224 1293 1448 1643
9163 4 2 1 3 2490 1448 1253 1480
9164 4 2 1 3 1595 1643 1480 1322
9165 4 2 1 3 2224 2490 1595 1643
9166 4 2 1 3 2224 1643 1448 2490
9167 4 2 1 3 2490 1595 1643 1480
9168 4 2 1 3 2490 1480 1643 1448
9169 4 2 1 3 248 789 832 2328
9170 4 2 1 3 789 238 380 2059
9171 4 2 1 3 832 380 189 2238
9172 4 2 1 3 2328 2059 2238 1316
9173 4 2 1 3 789 832 2328 2059
9174 4 2 1 3 789 2059 380 832
9175 4 2 1 3 832 2328 2059 2238
9176 4 2 1 3 832 2238 2059 380
9177 4 2 1 3 141 470 471 1969
9178 4 2 1 3 470 99 469 1764
9179 4 2 1 3 471 469 92 1569
9180 4 2 1 3 1969 1764 1569 1325
9181 4 2 1 3 470 471 1969 1764
9182 4 2 1 3 470 1764 469 471
9183 4 2 1 3 471 1969 1764 1569
9184 4 2 1 3 471 1569 1764 469
9185 4 2 1 3 1251 2005 1634 2173
9186 4 2 1 3 2005 1298 1627 2097
9187 4 2 1 3 1634 1627 1274 1711
9188 4 2 1 3 2173 2097 1711 1312
9189 4 2 1 3 2005 1634 2173 2097
9190 4 2 1 3 2005 2097 1627 1634
9191 4 2 1 3 1634 2173 2097 1711
9192 4 2 1 3 1634 1711 2097 1627
9193 4 2 1 3 191 2119 464 2156
9194 4 2 1 3 2119 1294 2392 1731
9195 4 2 1 3 464 2392 227 2393
9196 4 2 1 3 2156 1731 2393 1335
9197 4 2 1 3 2119 464 2156 1731
9198 4 2 1 3 2119 1731 2392 464
9199 4 2 1 3 464 2156 1731 2393
9200 4 2 1 3 464 2393 1731 2392
9201 4 2 1 3 1261 2395 2397 2185
9202 4 2 1 3 2395 1334 1946 1762
9203 4 2 1 3 2397 1946 1322 1596
9204 4 2 1 3 2185 1762 1596 1340
9205 4 2 1 3 2395 2397 2185 1762
9206 4 2 1 3 2395 1762 1946 2397
9207 4 2 1 3 2397 2185 1762 1596
9208 4 2 1 3 2397 1596 1762 1946
9209 4 2 1 3 210 695 710 1563
9210 4 2 1 3 695 139 708 1641
9211 4 2 1 3 710 708 148 1908
9212 4 2 1 3 1563 1641 1908 1280
9213 4 2 1 3 695 710 1563 1641
9214 4 2 1 3 695 1641 708 710
9215 4 2 1 3 710 1563 1641 1908
9216 4 2 1 3 710 1908 1641 708
9217 4 2 1 3 875 1134 1138 1553
9218 4 2 1 3 1134 874 1139 1617
9219 4 2 1 3 1138 1139 876 1555
9220 4 2 1 3 1553 1617 1555 1301
9221 4 2 1 3 1134 1138 1553 1617
9222 4 2 1 3 1134 1617 1139 1138
9223 4 2 1 3 1138 1553 1617 1555
9224 4 2 1 3 1138 1555 1617 1139
9225 4 2 1 3 199 2471 2470 2473
9226 4 2 1 3 2471 1319 1535 2458
9227 4 2 1 3 2470 1535 1284 1642
9228 4 2 1 3 2473 2458 1642 1325
9229 4 2 1 3 2471 2470 2473 2458
9230 4 2 1 3 2471 2458 1535 2470
9231 4 2 1 3 2470 2473 2458 1642
9232 4 2 1 3 2470 1642 2458 1535
9233 4 2 1 3 934 2491 2493 2494
9234 4 2 1 3 2491 1310 2492 2211
9235 4 2 1 3 2493 2492 180 2495
9236 4 2 1 3 2494 2211 2495 1339
9237 4 2 1 3 2491 2493 2494 2211
9238 4 2 1 3 2491 2211 2492 2493
9239 4 2 1 3 2493 2494 2211 2495
9240 4 2 1 3 2493 2495 2211 2492
9241 4 2 1 3 111 2434 2496 2435
9242 4 2 1 3 2434 1311 1901 2234
9243 4 2 1 3 2496 1901 1289 2482
9244 4 2 1 3 2435 2234 2482 1312
9245 4 2 1 3 2434 2496 2435 2234
9246 4 2 1 3 2434 2234 1901 2496
9247 4 2 1 3 2496 2435 2234 2482
9248 4 2 1 3 2496 2482 2234 1901
9249 4 2 1 3 1291 2192 2265 2070
9250 4 2 1 3 2192 1304 1493 2382
9251 4 2 1 3 2265 1493 1250 2183
9252 4 2 1 3 2070 2382 2183 1327
9253 4 2 1 3 2192 2265 2070 2382
9254 4 2 1 3 2192 2382 1493 2265
9255 4 2 1 3 2265 2070 2382 2183
9256 4 2 1 3 2265 2183 2382 1493
9257 4 2 1 3 1251 2113 2114 2199
9258 4 2 1 3 2113 1267 1629 1423
9259 4 2 1 3 2114 1629 1324 1751
9260 4 2 1 3 2199 1423 1751 1328
9261 4 2 1 3 2113 2114 2199 1423
9262 4 2 1 3 2113 1423 1629 2114
9263 4 2 1 3 2114 2199 1423 1751
9264 4 2 1 3 2114 1751 1423 1629
9265 4 2 1 3 126 2319 632 2320
9266 4 2 1 3 2319 1291 1970 1975
9267 4 2 1 3 632 1970 124 1973
9268 4 2 1 3 2320 1975 1973 1314
9269 4 2 1 3 2319 632 2320 1975
9270 4 2 1 3 2319 1975 1970 632
9271 4 2 1 3 632 2320 1975 1973
9272 4 2 1 3 632 1973 1975 1970
9273 4 2 1 3 1260 1961 2400 2313
9274 4 2 1 3 1961 1305 2260 2264
9275 4 2 1 3 2400 2260 1278 2205
9276 4 2 1 3 2313 2264 2205 1320
9277 4 2 1 3 1961 2400 2313 2264
9278 4 2 1 3 1961 2264 2260 2400
9279 4 2 1 3 2400 2313 2264 2205
9280 4 2 1 3 2400 2205 2264 2260
9281 4 2 1 3 225 2035 831 1951
9282 4 2 1 3 2035 1290 2414 2036
9283 4 2 1 3 831 2414 262 2415
9284 4 2 1 3 1951 2036 2415 1339
9285 4 2 1 3 2035 831 1951 2036
9286 4 2 1 3 2035 2036 2414 831
9287 4 2 1 3 831 1951 2036 2415
9288 4 2 1 3 831 2415 2036 2414
9289 4 2 1 3 227 713 714 2392
9290 4 2 1 3 713 154 712 1813
9291 4 2 1 3 714 712 140 1814
9292 4 2 1 3 2392 1813 1814 1294
9293 4 2 1 3 713 714 2392 1813
9294 4 2 1 3 713 1813 712 714
9295 4 2 1 3 714 2392 1813 1814
9296 4 2 1 3 714 1814 1813 712
9297 4 2 1 3 1271 2054 2048 2409
9298 4 2 1 3 2054 1298 1995 2290
9299 4 2 1 3 2048 1995 1297 2133
9300 4 2 1 3 2409 2290 2133 1318
9301 4 2 1 3 2054 2048 2409 2290
9302 4 2 1 3 2054 2290 1995 2048
9303 4 2 1 3 2048 2409 2290 2133
9304 4 2 1 3 2048 2133 2290 1995
9305 4 2 1 3 905 1152 1651 1669
9306 4 2 1 3 1152 904 1531 1476
9307 4 2 1 3 1651 1531 1270 1532
9308 4 2 1 3 1669 1476 1532 1300
9309 4 2 1 3 1152 1651 1669 1476
9310 4 2 1 3 1152 1476 1531 1651
9311 4 2 1 3 1651 1669 1476 1532
9312 4 2 1 3 1651 1532 1476 1531
9313 4 2 1 3 94 479 359 2280
9314 4 2 1 3 479 182 478 2046
9315 4 2 1 3 359 478 181 1981
9316 4 2 1 3 2280 2046 1981 1307
9317 4 2 1 3 479 359 2280 2046
9318 4 2 1 3 479 2046 478 359
9319 4 2 1 3 359 2280 2046 1981
9320 4 2 1 3 359 1981 2046 478
9321 4 2 1 3 108 544 549 2096
9322 4 2 1 3 544 109 550 2107
9323 4 2 1 3 549 550 110 2445
9324 4 2 1 3 2096 2107 2445 1312
9325 4 2 1 3 544 549 2096 2107
9326 4 2 1 3 544 2107 550 549
9327 4 2 1 3 549 2096 2107 2445
9328 4 2 1 3 549 2445 2107 550
9329 4 2 1 3 893 1534 1128 1358
9330 4 2 1 3 1534 1284 2402 1535
9331 4 2 1 3 1128 2402 918 2403
9332 4 2 1 3 1358 1535 2403 1319
9333 4 2 1 3 1534 1128 1358 1535
9334 4 2 1 3 1534 1535 2402 1128
9335 4 2 1 3 1128 1358 1535 2403
9336 4 2 1 3 1128 2403 1535 2402
9337 4 2 1 3 937 1097 2202 2497
9338 4 2 1 3 1097 921 2348 2498
9339 4 2 1 3 2202 2348 1295 1923
9340 4 2 1 3 2497 2498 1923 1330
9341 4 2 1 3 1097 2202 2497 2498
9342 4 2 1 3 1097 2498 2348 2202
9343 4 2 1 3 2202 2497 2498 1923
9344 4 2 1 3 2202 1923 2498 2348
9345 4 2 1 3 1271 2056 2499 2139
9346 4 2 1 3 2056 1311 2315 2259
9347 4 2 1 3 2499 2315 1251 2114
9348 4 2 1 3 2139 2259 2114 1324
9349 4 2 1 3 2056 2499 2139 2259
9350 4 2 1 3 2056 2259 2315 2499
9351 4 2 1 3 2499 2139 2259 2114
9352 4 2 1 3 2499 2114 2259 2315
9353 4 2 1 3 930 988 2421 2281
9354 4 2 1 3 988 854 2276 2444
9355 4 2 1 3 2421 2276 187 2369
9356 4 2 1 3 2281 2444 2369 1307
9357 4 2 1 3 988 2421 2281 2444
9358 4 2 1 3 988 2444 2276 2421
9359 4 2 1 3 2421 2281 2444 2369
9360 4 2 1 3 2421 2369 2444 2276
9361 4 2 1 3 880 1169 1164 1552
9362 4 2 1 3 1169 883 1168 2226
9363 4 2 1 3 1164 1168 881 2043
9364 4 2 1 3 1552 2226 2043 1308
9365 4 2 1 3 1169 1164 1552 2226
9366 4 2 1 3 1169 2226 1168 1164
9367 4 2 1 3 1164 1552 2226 2043
9368 4 2 1 3 1164 2043 2226 1168
9369 4 2 1 3 87 2344 2347 2500
9370 4 2 1 3 2344 1295 2348 1923
9371 4 2 1 3 2347 2348 921 2498
9372 4 2 1 3 2500 1923 2498 1330
9373 4 2 1 3 2344 2347 2500 1923
9374 4 2 1 3 2344 1923 2348 2347
9375 4 2 1 3 2347 2500 1923 2498
9376 4 2 1 3 2347 2498 1923 2348
9377 4 2 1 3 1251 2315 2005 2173
9378 4 2 1 3 2315 1311 2057 2234
9379 4 2 1 3 2005 2057 1298 2097
9380 4 2 1 3 2173 2234 2097 1312
9381 4 2 1 3 2315 2005 2173 2234
9382 4 2 1 3 2315 2234 2057 2005
9383 4 2 1 3 2005 2173 2234 2097
9384 4 2 1 3 2005 2097 2234 2057
9385 4 2 1 3 944 1083 1115 1846
9386 4 2 1 3 1083 931 955 2501
9387 4 2 1 3 1115 955 868 1771
9388 4 2 1 3 1846 2501 1771 1336
9389 4 2 1 3 1083 1115 1846 2501
9390 4 2 1 3 1083 2501 955 1115
9391 4 2 1 3 1115 1846 2501 1771
9392 4 2 1 3 1115 1771 2501 955
9393 4 2 1 3 872 1125 1079 1396
9394 4 2 1 3 1125 873 1124 1360
9395 4 2 1 3 1079 1124 871 1696
9396 4 2 1 3 1396 1360 1696 1286
9397 4 2 1 3 1125 1079 1396 1360
9398 4 2 1 3 1125 1360 1124 1079
9399 4 2 1 3 1079 1396 1360 1696
9400 4 2 1 3 1079 1696 1360 1124
9401 4 2 1 3 142 724 528 1862
9402 4 2 1 3 724 171 725 2484
9403 4 2 1 3 528 725 229 1605
9404 4 2 1 3 1862 2484 1605 1295
9405 4 2 1 3 724 528 1862 2484
9406 4 2 1 3 724 2484 725 528
9407 4 2 1 3 528 1862 2484 1605
9408 4 2 1 3 528 1605 2484 725
9409 4 2 1 3 105 534 537 2222
9410 4 2 1 3 534 221 536 2227
9411 4 2 1 3 537 536 199 2470
9412 4 2 1 3 2222 2227 2470 1284
9413 4 2 1 3 534 537 2222 2227
9414 4 2 1 3 534 2227 536 537
9415 4 2 1 3 537 2222 2227 2470
9416 4 2 1 3 537 2470 2227 536
9417 4 2 1 3 236 1856 700 2385
9418 4 2 1 3 1856 1304 2488 2382
9419 4 2 1 3 700 2488 212 2489
9420 4 2 1 3 2385 2382 2489 1327
9421 4 2 1 3 1856 700 2385 2382
9422 4 2 1 3 1856 2382 2488 700
9423 4 2 1 3 700 2385 2382 2489
9424 4 2 1 3 700 2489 2382 2488
9425 4 2 1 3 890 1183 1184 2141
9426 4 2 1 3 1183 883 1170 2091
9427 4 2 1 3 1184 1170 884 1594
9428 4 2 1 3 2141 2091 1594 1322
9429 4 2 1 3 1183 1184 2141 2091
9430 4 2 1 3 1183 2091 1170 1184
9431 4 2 1 3 1184 2141 2091 1594
9432 4 2 1 3 1184 1594 2091 1170
9433 4 2 1 3 128 2330 605 2384
9434 4 2 1 3 2330 1317 2502 2148
9435 4 2 1 3 605 2502 215 2503
9436 4 2 1 3 2384 2148 2503 1321
9437 4 2 1 3 2330 605 2384 2148
9438 4 2 1 3 2330 2148 2502 605
9439 4 2 1 3 605 2384 2148 2503
9440 4 2 1 3 605 2503 2148 2502
9441 4 2 1 3 191 464 329 2156
9442 4 2 1 3 464 227 463 2393
9443 4 2 1 3 329 463 91 2504
9444 4 2 1 3 2156 2393 2504 1335
9445 4 2 1 3 464 329 2156 2393
9446 4 2 1 3 464 2393 463 329
9447 4 2 1 3 329 2156 2393 2504
9448 4 2 1 3 329 2504 2393 463
9449 4 2 1 3 1272 1518 1501 1965
9450 4 2 1 3 1518 1299 1993 2065
9451 4 2 1 3 1501 1993 1279 1986
9452 4 2 1 3 1965 2065 1986 1332
9453 4 2 1 3 1518 1501 1965 2065
9454 4 2 1 3 1518 2065 1993 1501
9455 4 2 1 3 1501 1965 2065 1986
9456 4 2 1 3 1501 1986 2065 1993
9457 4 2 1 3 888 1874 1180 1877
9458 4 2 1 3 1874 1276 1785 1784
9459 4 2 1 3 1180 1785 889 1783
9460 4 2 1 3 1877 1784 1783 1318
9461 4 2 1 3 1874 1180 1877 1784
9462 4 2 1 3 1874 1784 1785 1180
9463 4 2 1 3 1180 1877 1784 1783
9464 4 2 1 3 1180 1783 1784 1785
9465 4 2 1 3 81 2505 2506 2507
9466 4 2 1 3 2505 867 979 2508
9467 4 2 1 3 2506 979 934 2494
9468 4 2 1 3 2507 2508 2494 1339
9469 4 2 1 3 2505 2506 2507 2508
9470 4 2 1 3 2505 2508 979 2506
9471 4 2 1 3 2506 2507 2508 2494
9472 4 2 1 3 2506 2494 2508 979
9473 4 2 1 3 869 2282 1117 2408
9474 4 2 1 3 2282 1297 2044 2133
9475 4 2 1 3 1117 2044 897 1968
9476 4 2 1 3 2408 2133 1968 1318
9477 4 2 1 3 2282 1117 2408 2133
9478 4 2 1 3 2282 2133 2044 1117
9479 4 2 1 3 1117 2408 2133 1968
9480 4 2 1 3 1117 1968 2133 2044
9481 4 2 1 3 84 2509 308 2510
9482 4 2 1 3 2509 1292 1842 1841
9483 4 2 1 3 308 1842 14 1840
9484 4 2 1 3 2510 1841 1840 1329
9485 4 2 1 3 2509 308 2510 1841
9486 4 2 1 3 2509 1841 1842 308
9487 4 2 1 3 308 2510 1841 1840
9488 4 2 1 3 308 1840 1841 1842
9489 4 2 1 3 1271 2409 2288 2139
9490 4 2 1 3 2409 1318 2460 1787
9491 4 2 1 3 2288 2460 898 2289
9492 4 2 1 3 2139 1787 2289 1324
9493 4 2 1 3 2409 2288 2139 1787
9494 4 2 1 3 2409 1787 2460 2288
9495 4 2 1 3 2288 2139 1787 2289
9496 4 2 1 3 2288 2289 1787 2460
9497 4 2 1 3 184 820 817 1767
9498 4 2 1 3 820 186 819 2304
9499 4 2 1 3 817 819 182 2098
9500 4 2 1 3 1767 2304 2098 1323
9501 4 2 1 3 820 817 1767 2304
9502 4 2 1 3 820 2304 819 817
9503 4 2 1 3 817 1767 2304 2098
9504 4 2 1 3 817 2098 2304 819
9505 4 2 1 3 214 492 2337 2467
9506 4 2 1 3 492 174 2352 2511
9507 4 2 1 3 2337 2352 1278 2469
9508 4 2 1 3 2467 2511 2469 1344
9509 4 2 1 3 492 2337 2467 2511
9510 4 2 1 3 492 2511 2352 2337
9511 4 2 1 3 2337 2467 2511 2469
9512 4 2 1 3 2337 2469 2511 2352
9513 4 2 1 3 1253 2463 1615 2462
9514 4 2 1 3 2463 1266 1677 1438
9515 4 2 1 3 1615 1677 1331 2093
9516 4 2 1 3 2462 1438 2093 1334
9517 4 2 1 3 2463 1615 2462 1438
9518 4 2 1 3 2463 1438 1677 1615
9519 4 2 1 3 1615 2462 1438 2093
9520 4 2 1 3 1615 2093 1438 1677
9521 4 2 1 3 226 2480 2479 2512
9522 4 2 1 3 2480 1321 2361 2476
9523 4 2 1 3 2479 2361 1278 2469
9524 4 2 1 3 2512 2476 2469 1344
9525 4 2 1 3 2480 2479 2512 2476
9526 4 2 1 3 2480 2476 2361 2479
9527 4 2 1 3 2479 2512 2476 2469
9528 4 2 1 3 2479 2469 2476 2361
9529 4 2 1 3 860 1078 949 2143
9530 4 2 1 3 1078 871 1077 1696
9531 4 2 1 3 949 1077 870 1888
9532 4 2 1 3 2143 1696 1888 1286
9533 4 2 1 3 1078 949 2143 1696
9534 4 2 1 3 1078 1696 1077 949
9535 4 2 1 3 949 2143 1696 1888
9536 4 2 1 3 949 1888 1696 1077
9537 4 2 1 3 1248 1870 1822 2004
9538 4 2 1 3 1870 1301 1554 1999
9539 4 2 1 3 1822 1554 1270 2365
9540 4 2 1 3 2004 1999 2365 1338
9541 4 2 1 3 1870 1822 2004 1999
9542 4 2 1 3 1870 1999 1554 1822
9543 4 2 1 3 1822 2004 1999 2365
9544 4 2 1 3 1822 2365 1999 1554
9545 4 2 1 3 1251 2005 2499 2201
9546 4 2 1 3 2005 1298 2054 2290
9547 4 2 1 3 2499 2054 1271 2409
9548 4 2 1 3 2201 2290 2409 1318
9549 4 2 1 3 2005 2499 2201 2290
9550 4 2 1 3 2005 2290 2054 2499
9551 4 2 1 3 2499 2201 2290 2409
9552 4 2 1 3 2499 2409 2290 2054
9553 4 2 1 3 1293 1720 1607 2017
9554 4 2 1 3 1720 1313 1699 2513
9555 4 2 1 3 1607 1699 1252 2429
9556 4 2 1 3 2017 2513 2429 1337
9557 4 2 1 3 1720 1607 2017 2513
9558 4 2 1 3 1720 2513 1699 1607
9559 4 2 1 3 1607 2017 2513 2429
9560 4 2 1 3 1607 2429 2513 1699
9561 4 2 1 3 941 2514 973 2515
9562 4 2 1 3 2514 85 2422 2441
9563 4 2 1 3 973 2422 859 2442
9564 4 2 1 3 2515 2441 2442 1345
9565 4 2 1 3 2514 973 2515 2441
9566 4 2 1 3 2514 2441 2422 973
9567 4 2 1 3 973 2515 2441 2442
9568 4 2 1 3 973 2442 2441 2422
9569 4 2 1 3 861 2446 2516 2447
9570 4 2 1 3 2446 243 389 2419
9571 4 2 1 3 2516 389 193 2517
9572 4 2 1 3 2447 2419 2517 1330
9573 4 2 1 3 2446 2516 2447 2419
9574 4 2 1 3 2446 2419 389 2516
9575 4 2 1 3 2516 2447 2419 2517
9576 4 2 1 3 2516 2517 2419 389
9577 4 2 1 3 126 631 632 2319
9578 4 2 1 3 631 125 627 2003
9579 4 2 1 3 632 627 124 1970
9580 4 2 1 3 2319 2003 1970 1291
9581 4 2 1 3 631 632 2319 2003
9582 4 2 1 3 631 2003 627 632
9583 4 2 1 3 632 2319 2003 1970
9584 4 2 1 3 632 1970 2003 627
9585 4 2 1 3 1267 2258 1680 1633
9586 4 2 1 3 2258 1303 1638 1947
9587 4 2 1 3 1680 1638 1276 1681
9588 4 2 1 3 1633 1947 1681 1343
9589 4 2 1 3 2258 1680 1633 1947
9590 4 2 1 3 2258 1947 1638 1680
9591 4 2 1 3 1680 1633 1947 1681
9592 4 2 1 3 1680 1681 1947 1638
9593 4 2 1 3 177 797 798 1960
9594 4 2 1 3 797 173 795 2261
9595 4 2 1 3 798 795 175 2292
9596 4 2 1 3 1960 2261 2292 1305
9597 4 2 1 3 797 798 1960 2261
9598 4 2 1 3 797 2261 795 798
9599 4 2 1 3 798 1960 2261 2292
9600 4 2 1 3 798 2292 2261 795
9601 4 2 1 3 134 556 557 2050
9602 4 2 1 3 556 111 555 2434
9603 4 2 1 3 557 555 109 2233
9604 4 2 1 3 2050 2434 2233 1311
9605 4 2 1 3 556 557 2050 2434
9606 4 2 1 3 556 2434 555 557
9607 4 2 1 3 557 2050 2434 2233
9608 4 2 1 3 557 2233 2434 555
9609 4 2 1 3 136 672 673 2316
9610 4 2 1 3 672 132 674 1987
9611 4 2 1 3 673 674 137 1778
9612 4 2 1 3 2316 1987 1778 1304
9613 4 2 1 3 672 673 2316 1987
9614 4 2 1 3 672 1987 674 673
9615 4 2 1 3 673 2316 1987 1778
9616 4 2 1 3 673 1778 1987 674
9617 4 2 1 3 226 2479 803 2512
9618 4 2 1 3 2479 1278 2352 2469
9619 4 2 1 3 803 2352 174 2511
9620 4 2 1 3 2512 2469 2511 1344
9621 4 2 1 3 2479 803 2512 2469
9622 4 2 1 3 2479 2469 2352 803
9623 4 2 1 3 803 2512 2469 2511
9624 4 2 1 3 803 2511 2469 2352
9625 4 2 1 3 1266 1677 1399 1657
9626 4 2 1 3 1677 1331 1646 2475
9627 4 2 1 3 1399 1646 1275 1659
9628 4 2 1 3 1657 2475 1659 1346
9629 4 2 1 3 1677 1399 1657 2475
9630 4 2 1 3 1677 2475 1646 1399
9631 4 2 1 3 1399 1657 2475 1659
9632 4 2 1 3 1399 1659 2475 1646
9633 4 2 1 3 1312 2477 2482 1958
9634 4 2 1 3 2477 1328 1701 2518
9635 4 2 1 3 2482 1701 1289 2079
9636 4 2 1 3 1958 2518 2079 1342
9637 4 2 1 3 2477 2482 1958 2518
9638 4 2 1 3 2477 2518 1701 2482
9639 4 2 1 3 2482 1958 2518 2079
9640 4 2 1 3 2482 2079 2518 1701
9641 4 2 1 3 937 1236 1097 2497
9642 4 2 1 3 1236 912 1085 1880
9643 4 2 1 3 1097 1085 921 2498
9644 4 2 1 3 2497 1880 2498 1330
9645 4 2 1 3 1236 1097 2497 1880
9646 4 2 1 3 1236 1880 1085 1097
9647 4 2 1 3 1097 2497 1880 2498
9648 4 2 1 3 1097 2498 1880 1085
9649 4 2 1 3 1268 2490 2224 1678
9650 4 2 1 3 2490 1253 1448 1615
9651 4 2 1 3 2224 1448 1293 1611
9652 4 2 1 3 1678 1615 1611 1331
9653 4 2 1 3 2490 2224 1678 1615
9654 4 2 1 3 2490 1615 1448 2224
9655 4 2 1 3 2224 1678 1615 1611
9656 4 2 1 3 2224 1611 1615 1448
9657 4 2 1 3 938 2220 1039 2321
9658 4 2 1 3 2220 105 2519 2322
9659 4 2 1 3 1039 2519 864 2520
9660 4 2 1 3 2321 2322 2520 1319
9661 4 2 1 3 2220 1039 2321 2322
9662 4 2 1 3 2220 2322 2519 1039
9663 4 2 1 3 1039 2321 2322 2520
9664 4 2 1 3 1039 2520 2322 2519
9665 4 2 1 3 172 2430 2521 2432
9666 4 2 1 3 2430 865 1003 2433
9667 4 2 1 3 2521 1003 922 2217
9668 4 2 1 3 2432 2433 2217 1320
9669 4 2 1 3 2430 2521 2432 2433
9670 4 2 1 3 2430 2433 1003 2521
9671 4 2 1 3 2521 2432 2433 2217
9672 4 2 1 3 2521 2217 2433 1003
9673 4 2 1 3 174 803 801 2454
9674 4 2 1 3 803 226 802 2480
9675 4 2 1 3 801 802 176 2360
9676 4 2 1 3 2454 2480 2360 1321
9677 4 2 1 3 803 801 2454 2480
9678 4 2 1 3 803 2480 802 801
9679 4 2 1 3 801 2454 2480 2360
9680 4 2 1 3 801 2360 2480 802
9681 4 2 1 3 185 614 2522 2523
9682 4 2 1 3 614 120 2453 2351
9683 4 2 1 3 2522 2453 1323 1388
9684 4 2 1 3 2523 2351 1388 1346
9685 4 2 1 3 614 2522 2523 2351
9686 4 2 1 3 614 2351 2453 2522
9687 4 2 1 3 2522 2523 2351 1388
9688 4 2 1 3 2522 1388 2351 2453
9689 4 2 1 3 2 2120 272 2121
9690 4 2 1 3 2120 1326 2524 1689
9691 4 2 1 3 272 2524 194 2525
9692 4 2 1 3 2121 1689 2525 1329
9693 4 2 1 3 2120 272 2121 1689
9694 4 2 1 3 2120 1689 2524 272
9695 4 2 1 3 272 2121 1689 2525
9696 4 2 1 3 272 2525 1689 2524
9697 4 2 1 3 921 1027 1097 2348
9698 4 2 1 3 1027 863 1095 1938
9699 4 2 1 3 1097 1095 937 2202
9700 4 2 1 3 2348 1938 2202 1295
9701 4 2 1 3 1027 1097 2348 1938
9702 4 2 1 3 1027 1938 1095 1097
9703 4 2 1 3 1097 2348 1938 2202
9704 4 2 1 3 1097 2202 1938 1095
9705 4 2 1 3 6 278 287 2354
9706 4 2 1 3 278 152 288 2243
9707 4 2 1 3 287 288 198 2375
9708 4 2 1 3 2354 2243 2375 1286
9709 4 2 1 3 278 287 2354 2243
9710 4 2 1 3 278 2243 288 287
9711 4 2 1 3 287 2354 2243 2375
9712 4 2 1 3 287 2375 2243 288
9713 4 2 1 3 904 1149 1152 1531
9714 4 2 1 3 1149 876 1150 1525
9715 4 2 1 3 1152 1150 905 1651
9716 4 2 1 3 1531 1525 1651 1270
9717 4 2 1 3 1149 1152 1531 1525
9718 4 2 1 3 1149 1525 1150 1152
9719 4 2 1 3 1152 1531 1525 1651
9720 4 2 1 3 1152 1651 1525 1150
9721 4 2 1 3 262 831 828 2414
9722 4 2 1 3 831 225 830 2035
9723 4 2 1 3 828 830 188 2368
9724 4 2 1 3 2414 2035 2368 1290
9725 4 2 1 3 831 828 2414 2035
9726 4 2 1 3 831 2035 830 828
9727 4 2 1 3 828 2414 2035 2368
9728 4 2 1 3 828 2368 2035 830
9729 4 2 1 3 82 2526 2486 2487
9730 4 2 1 3 2526 929 994 2527
9731 4 2 1 3 2486 994 866 2039
9732 4 2 1 3 2487 2527 2039 1344
9733 4 2 1 3 2526 2486 2487 2527
9734 4 2 1 3 2526 2527 994 2486
9735 4 2 1 3 2486 2487 2527 2039
9736 4 2 1 3 2486 2039 2527 994
9737 4 2 1 3 928 1018 2472 2417
9738 4 2 1 3 1018 869 1915 2282
9739 4 2 1 3 2472 1915 86 2049
9740 4 2 1 3 2417 2282 2049 1297
9741 4 2 1 3 1018 2472 2417 2282
9742 4 2 1 3 1018 2282 1915 2472
9743 4 2 1 3 2472 2417 2282 2049
9744 4 2 1 3 2472 2049 2282 1915
9745 4 2 1 3 88 317 448 2177
9746 4 2 1 3 317 168 449 1826
9747 4 2 1 3 448 449 237 2528
9748 4 2 1 3 2177 1826 2528 1332
9749 4 2 1 3 317 448 2177 1826
9750 4 2 1 3 317 1826 449 448
9751 4 2 1 3 448 2177 1826 2528
9752 4 2 1 3 448 2528 1826 449
9753 4 2 1 3 163 303 312 2283
9754 4 2 1 3 303 14 308 1842
9755 4 2 1 3 312 308 84 2509
9756 4 2 1 3 2283 1842 2509 1292
9757 4 2 1 3 303 312 2283 1842
9758 4 2 1 3 303 1842 308 312
9759 4 2 1 3 312 2283 1842 2509
9760 4 2 1 3 312 2509 1842 308
9761 4 2 1 3 193 2529 2516 2517
9762 4 2 1 3 2529 921 1024 2498
9763 4 2 1 3 2516 1024 861 2447
9764 4 2 1 3 2517 2498 2447 1330
9765 4 2 1 3 2529 2516 2517 2498
9766 4 2 1 3 2529 2498 1024 2516
9767 4 2 1 3 2516 2517 2498 2447
9768 4 2 1 3 2516 2447 2498 1024
9769 4 2 1 3 937 2202 1236 2497
9770 4 2 1 3 2202 1295 2146 1923
9771 4 2 1 3 1236 2146 912 1880
9772 4 2 1 3 2497 1923 1880 1330
9773 4 2 1 3 2202 1236 2497 1923
9774 4 2 1 3 2202 1923 2146 1236
9775 4 2 1 3 1236 2497 1923 1880
9776 4 2 1 3 1236 1880 1923 2146
9777 4 2 1 3 88 451 452 2207
9778 4 2 1 3 451 207 453 2099
9779 4 2 1 3 452 453 239 1933
9780 4 2 1 3 2207 2099 1933 1287
9781 4 2 1 3 451 452 2207 2099
9782 4 2 1 3 451 2099 453 452
9783 4 2 1 3 452 2207 2099 1933
9784 4 2 1 3 452 1933 2099 453
9785 4 2 1 3 913 1042 1216 2412
9786 4 2 1 3 1042 915 1219 1481
9787 4 2 1 3 1216 1219 890 2141
9788 4 2 1 3 2412 1481 2141 1322
9789 4 2 1 3 1042 1216 2412 1481
9790 4 2 1 3 1042 1481 1219 1216
9791 4 2 1 3 1216 2412 1481 2141
9792 4 2 1 3 1216 2141 1481 1219
9793 4 2 1 3 1269 1808 1433 2078
9794 4 2 1 3 1808 1289 1701 2079
9795 4 2 1 3 1433 1701 1328 2518
9796 4 2 1 3 2078 2079 2518 1342
9797 4 2 1 3 1808 1433 2078 2079
9798 4 2 1 3 1808 2079 1701 1433
9799 4 2 1 3 1433 2078 2079 2518
9800 4 2 1 3 1433 2518 2079 1701
9801 4 2 1 3 1250 1493 2265 1457
9802 4 2 1 3 1493 1304 2192 1990
9803 4 2 1 3 2265 2192 1291 2194
9804 4 2 1 3 1457 1990 2194 1309
9805 4 2 1 3 1493 2265 1457 1990
9806 4 2 1 3 1493 1990 2192 2265
9807 4 2 1 3 2265 1457 1990 2194
9808 4 2 1 3 2265 2194 1990 2192
9809 4 2 1 3 10 298 293 1914
9810 4 2 1 3 298 164 301 1485
9811 4 2 1 3 293 301 93 2086
9812 4 2 1 3 1914 1485 2086 1302
9813 4 2 1 3 298 293 1914 1485
9814 4 2 1 3 298 1485 301 293
9815 4 2 1 3 293 1914 1485 2086
9816 4 2 1 3 293 2086 1485 301
9817 4 2 1 3 254 2530 2423 2425
9818 4 2 1 3 2530 934 976 2491
9819 4 2 1 3 2423 976 859 2424
9820 4 2 1 3 2425 2491 2424 1310
9821 4 2 1 3 2530 2423 2425 2491
9822 4 2 1 3 2530 2491 976 2423
9823 4 2 1 3 2423 2425 2491 2424
9824 4 2 1 3 2423 2424 2491 976
9825 4 2 1 3 1254 1407 1405 1516
9826 4 2 1 3 1407 1283 1408 1529
9827 4 2 1 3 1405 1408 1281 1994
9828 4 2 1 3 1516 1529 1994 1299
9829 4 2 1 3 1407 1405 1516 1529
9830 4 2 1 3 1407 1529 1408 1405
9831 4 2 1 3 1405 1516 1529 1994
9832 4 2 1 3 1405 1994 1529 1408
9833 4 2 1 3 113 565 566 2214
9834 4 2 1 3 565 111 567 2434
9835 4 2 1 3 566 567 208 2213
9836 4 2 1 3 2214 2434 2213 1311
9837 4 2 1 3 565 566 2214 2434
9838 4 2 1 3 565 2434 567 566
9839 4 2 1 3 566 2214 2434 2213
9840 4 2 1 3 566 2213 2434 567
9841 4 2 1 3 220 728 487 1743
9842 4 2 1 3 728 258 812 1541
9843 4 2 1 3 487 812 179 1954
9844 4 2 1 3 1743 1541 1954 1306
9845 4 2 1 3 728 487 1743 1541
9846 4 2 1 3 728 1541 812 487
9847 4 2 1 3 487 1743 1541 1954
9848 4 2 1 3 487 1954 1541 812
9849 4 2 1 3 225 829 830 2035
9850 4 2 1 3 829 200 825 1389
9851 4 2 1 3 830 825 188 2368
9852 4 2 1 3 2035 1389 2368 1290
9853 4 2 1 3 829 830 2035 1389
9854 4 2 1 3 829 1389 825 830
9855 4 2 1 3 830 2035 1389 2368
9856 4 2 1 3 830 2368 1389 825
9857 4 2 1 3 95 401 2532 2455
9858 4 2 1 3 401 178 2531 2311
9859 4 2 1 3 2532 2531 933 2533
9860 4 2 1 3 2455 2311 2533 1306
9861 4 2 1 3 401 2532 2455 2311
9862 4 2 1 3 401 2311 2531 2532
9863 4 2 1 3 2532 2455 2311 2533
9864 4 2 1 3 2532 2533 2311 2531
9865 4 2 1 3 88 448 2207 2177
9866 4 2 1 3 448 237 2534 2528
9867 4 2 1 3 2207 2534 1287 1985
9868 4 2 1 3 2177 2528 1985 1332
9869 4 2 1 3 448 2207 2177 2528
9870 4 2 1 3 448 2528 2534 2207
9871 4 2 1 3 2207 2177 2528 1985
9872 4 2 1 3 2207 1985 2528 2534
9873 4 2 1 3 83 419 422 2272
9874 4 2 1 3 419 219 423 2257
9875 4 2 1 3 422 423 190 2286
9876 4 2 1 3 2272 2257 2286 1316
9877 4 2 1 3 419 422 2272 2257
9878 4 2 1 3 419 2257 423 422
9879 4 2 1 3 422 2272 2257 2286
9880 4 2 1 3 422 2286 2257 423
9881 4 2 1 3 1271 2054 2499 2056
9882 4 2 1 3 2054 1298 2005 2057
9883 4 2 1 3 2499 2005 1251 2315
9884 4 2 1 3 2056 2057 2315 1311
9885 4 2 1 3 2054 2499 2056 2057
9886 4 2 1 3 2054 2057 2005 2499
9887 4 2 1 3 2499 2056 2057 2315
9888 4 2 1 3 2499 2315 2057 2005
9889 4 2 1 3 157 439 2535 2536
9890 4 2 1 3 439 243 2418 2419
9891 4 2 1 3 2535 2418 1297 1852
9892 4 2 1 3 2536 2419 1852 1330
9893 4 2 1 3 439 2535 2536 2419
9894 4 2 1 3 439 2419 2418 2535
9895 4 2 1 3 2535 2536 2419 1852
9896 4 2 1 3 2535 1852 2419 2418
9897 4 2 1 3 166 2195 772 2073
9898 4 2 1 3 2195 1265 2154 1805
9899 4 2 1 3 772 2154 167 2030
9900 4 2 1 3 2073 1805 2030 1336
9901 4 2 1 3 2195 772 2073 1805
9902 4 2 1 3 2195 1805 2154 772
9903 4 2 1 3 772 2073 1805 2030
9904 4 2 1 3 772 2030 1805 2154
9905 4 2 1 3 215 2502 598 2503
9906 4 2 1 3 2502 1317 2537 2148
9907 4 2 1 3 598 2537 252 2538
9908 4 2 1 3 2503 2148 2538 1321
9909 4 2 1 3 2502 598 2503 2148
9910 4 2 1 3 2502 2148 2537 598
9911 4 2 1 3 598 2503 2148 2538
9912 4 2 1 3 598 2538 2148 2537
9913 4 2 1 3 199 2473 842 2474
9914 4 2 1 3 2473 1325 2539 1570
9915 4 2 1 3 842 2539 222 2540
9916 4 2 1 3 2474 1570 2540 1341
9917 4 2 1 3 2473 842 2474 1570
9918 4 2 1 3 2473 1570 2539 842
9919 4 2 1 3 842 2474 1570 2540
9920 4 2 1 3 842 2540 1570 2539
9921 4 2 1 3 915 1580 1043 1418
9922 4 2 1 3 1580 1290 2277 1391
9923 4 2 1 3 1043 2277 854 2444
9924 4 2 1 3 1418 1391 2444 1307
9925 4 2 1 3 1580 1043 1418 1391
9926 4 2 1 3 1580 1391 2277 1043
9927 4 2 1 3 1043 1418 1391 2444
9928 4 2 1 3 1043 2444 1391 2277
9929 4 2 1 3 874 1134 1129 1616
9930 4 2 1 3 1134 875 1133 1371
9931 4 2 1 3 1129 1133 873 1434
9932 4 2 1 3 1616 1371 1434 1283
9933 4 2 1 3 1134 1129 1616 1371
9934 4 2 1 3 1134 1371 1133 1129
9935 4 2 1 3 1129 1616 1371 1434
9936 4 2 1 3 1129 1434 1371 1133
9937 4 2 1 3 254 344 2530 2425
9938 4 2 1 3 344 180 2493 2492
9939 4 2 1 3 2530 2493 934 2491
9940 4 2 1 3 2425 2492 2491 1310
9941 4 2 1 3 344 2530 2425 2492
9942 4 2 1 3 344 2492 2493 2530
9943 4 2 1 3 2530 2425 2492 2491
9944 4 2 1 3 2530 2491 2492 2493
9945 4 2 1 3 4 264 2142 2338
9946 4 2 1 3 264 249 2541 2542
9947 4 2 1 3 2142 2541 860 2339
9948 4 2 1 3 2338 2542 2339 1336
9949 4 2 1 3 264 2142 2338 2542
9950 4 2 1 3 264 2542 2541 2142
9951 4 2 1 3 2142 2338 2542 2339
9952 4 2 1 3 2142 2339 2542 2541
9953 4 2 1 3 81 2506 347 2507
9954 4 2 1 3 2506 934 2493 2494
9955 4 2 1 3 347 2493 180 2495
9956 4 2 1 3 2507 2494 2495 1339
9957 4 2 1 3 2506 347 2507 2494
9958 4 2 1 3 2506 2494 2493 347
9959 4 2 1 3 347 2507 2494 2495
9960 4 2 1 3 347 2495 2494 2493
9961 4 2 1 3 199 768 2471 2474
9962 4 2 1 3 768 198 2374 2377
9963 4 2 1 3 2471 2374 1319 2378
9964 4 2 1 3 2474 2377 2378 1341
9965 4 2 1 3 768 2471 2474 2377
9966 4 2 1 3 768 2377 2374 2471
9967 4 2 1 3 2471 2474 2377 2378
9968 4 2 1 3 2471 2378 2377 2374
9969 4 2 1 3 252 2537 2543 2538
9970 4 2 1 3 2537 1317 1837 2148
9971 4 2 1 3 2543 1837 1305 2362
9972 4 2 1 3 2538 2148 2362 1321
9973 4 2 1 3 2537 2543 2538 2148
9974 4 2 1 3 2537 2148 1837 2543
9975 4 2 1 3 2543 2538 2148 2362
9976 4 2 1 3 2543 2362 2148 1837
9977 4 2 1 3 171 722 443 2484
9978 4 2 1 3 722 220 484 1882
9979 4 2 1 3 443 484 170 1939
9980 4 2 1 3 2484 1882 1939 1295
9981 4 2 1 3 722 443 2484 1882
9982 4 2 1 3 722 1882 484 443
9983 4 2 1 3 443 2484 1882 1939
9984 4 2 1 3 443 1939 1882 484
9985 4 2 1 3 899 1237 1245 2191
9986 4 2 1 3 1237 935 1104 2189
9987 4 2 1 3 1245 1104 940 2334
9988 4 2 1 3 2191 2189 2334 1320
9989 4 2 1 3 1237 1245 2191 2189
9990 4 2 1 3 1237 2189 1104 1245
9991 4 2 1 3 1245 2191 2189 2334
9992 4 2 1 3 1245 2334 2189 1104
9993 4 2 1 3 218 2405 418 2162
9994 4 2 1 3 2405 1321 2480 2476
9995 4 2 1 3 418 2480 226 2512
9996 4 2 1 3 2162 2476 2512 1344
9997 4 2 1 3 2405 418 2162 2476
9998 4 2 1 3 2405 2476 2480 418
9999 4 2 1 3 418 2162 2476 2512
10000 4 2 1 3 418 2512 2476 2480
10001 4 2 1 3 244 2356 736 2544
10002 4 2 1 3 2356 1288 2088 1911
10003 4 2 1 3 736 2088 228 2381
10004 4 2 1 3 2544 1911 2381 1345
10005 4 2 1 3 2356 736 2544 1911
10006 4 2 1 3 2356 1911 2088 736
10007 4 2 1 3 736 2544 1911 2381
10008 4 2 1 3 736 2381 1911 2088
10009 4 2 1 3 101 510 504 1737
10010 4 2 1 3 510 102 509 1831
10011 4 2 1 3 504 509 100 1793
10012 4 2 1 3 1737 1831 1793 1285
10013 4 2 1 3 510 504 1737 1831
10014 4 2 1 3 510 1831 509 504
10015 4 2 1 3 504 1737 1831 1793
10016 4 2 1 3 504 1793 1831 509
10017 4 2 1 3 4 279 5 1887
10018 4 2 1 3 279 152 278 2243
10019 4 2 1 3 5 278 6 2354
10020 4 2 1 3 1887 2243 2354 1286
10021 4 2 1 3 279 5 1887 2243
10022 4 2 1 3 279 2243 278 5
10023 4 2 1 3 5 1887 2243 2354
10024 4 2 1 3 5 2354 2243 278
10025 4 2 1 3 146 2373 2353 2545
10026 4 2 1 3 2373 1309 1468 1742
10027 4 2 1 3 2353 1468 1264 1453
10028 4 2 1 3 2545 1742 1453 1326
10029 4 2 1 3 2373 2353 2545 1742
10030 4 2 1 3 2373 1742 1468 2353
10031 4 2 1 3 2353 2545 1742 1453
10032 4 2 1 3 2353 1453 1742 1468
10033 4 2 1 3 98 2092 500 2284
10034 4 2 1 3 2092 1279 1982 1986
10035 4 2 1 3 500 1982 255 1984
10036 4 2 1 3 2284 1986 1984 1332
10037 4 2 1 3 2092 500 2284 1986
10038 4 2 1 3 2092 1986 1982 500
10039 4 2 1 3 500 2284 1986 1984
10040 4 2 1 3 500 1984 1986 1982
10041 4 2 1 3 239 850 2134 2246
10042 4 2 1 3 850 203 2241 2242
10043 4 2 1 3 2134 2241 1333 2160
10044 4 2 1 3 2246 2242 2160 1342
10045 4 2 1 3 850 2134 2246 2242
10046 4 2 1 3 850 2242 2241 2134
10047 4 2 1 3 2134 2246 2242 2160
10048 4 2 1 3 2134 2160 2242 2241
10049 4 2 1 3 195 2020 350 2386
10050 4 2 1 3 2020 927 2546 2387
10051 4 2 1 3 350 2546 81 2507
10052 4 2 1 3 2386 2387 2507 1339
10053 4 2 1 3 2020 350 2386 2387
10054 4 2 1 3 2020 2387 2546 350
10055 4 2 1 3 350 2386 2387 2507
10056 4 2 1 3 350 2507 2387 2546
10057 4 2 1 3 916 1242 1243 2138
10058 4 2 1 3 1242 903 1206 2298
10059 4 2 1 3 1243 1206 899 2245
10060 4 2 1 3 2138 2298 2245 1324
10061 4 2 1 3 1242 1243 2138 2298
10062 4 2 1 3 1242 2298 1206 1243
10063 4 2 1 3 1243 2138 2298 2245
10064 4 2 1 3 1243 2245 2298 1206
10065 4 2 1 3 173 797 794 2263
10066 4 2 1 3 797 177 799 2390
10067 4 2 1 3 794 799 219 2273
10068 4 2 1 3 2263 2390 2273 1320
10069 4 2 1 3 797 794 2263 2390
10070 4 2 1 3 797 2390 799 794
10071 4 2 1 3 794 2263 2390 2273
10072 4 2 1 3 794 2273 2390 799
10073 4 2 1 3 96 371 2109 2218
10074 4 2 1 3 371 172 2521 2432
10075 4 2 1 3 2109 2521 922 2217
10076 4 2 1 3 2218 2432 2217 1320
10077 4 2 1 3 371 2109 2218 2432
10078 4 2 1 3 371 2432 2521 2109
10079 4 2 1 3 2109 2218 2432 2217
10080 4 2 1 3 2109 2217 2432 2521
10081 4 2 1 3 111 2496 560 2435
10082 4 2 1 3 2496 1289 2388 2482
10083 4 2 1 3 560 2388 112 2481
10084 4 2 1 3 2435 2482 2481 1312
10085 4 2 1 3 2496 560 2435 2482
10086 4 2 1 3 2496 2482 2388 560
10087 4 2 1 3 560 2435 2482 2481
10088 4 2 1 3 560 2481 2482 2388
10089 4 2 1 3 941 973 1076 2515
10090 4 2 1 3 973 859 1073 2442
10091 4 2 1 3 1076 1073 920 2372
10092 4 2 1 3 2515 2442 2372 1345
10093 4 2 1 3 973 1076 2515 2442
10094 4 2 1 3 973 2442 1073 1076
10095 4 2 1 3 1076 2515 2442 2372
10096 4 2 1 3 1076 2372 2442 1073
10097 4 2 1 3 167 775 496 2029
10098 4 2 1 3 775 154 776 1813
10099 4 2 1 3 496 776 241 2349
10100 4 2 1 3 2029 1813 2349 1294
10101 4 2 1 3 775 496 2029 1813
10102 4 2 1 3 775 1813 776 496
10103 4 2 1 3 496 2029 1813 2349
10104 4 2 1 3 496 2349 1813 776
10105 4 2 1 3 113 575 570 2182
10106 4 2 1 3 575 216 574 2266
10107 4 2 1 3 570 574 114 1809
10108 4 2 1 3 2182 2266 1809 1289
10109 4 2 1 3 575 570 2182 2266
10110 4 2 1 3 575 2266 574 570
10111 4 2 1 3 570 2182 2266 1809
10112 4 2 1 3 570 1809 2266 574
10113 4 2 1 3 888 1179 1180 1874
10114 4 2 1 3 1179 882 1181 1942
10115 4 2 1 3 1180 1181 889 1785
10116 4 2 1 3 1874 1942 1785 1276
10117 4 2 1 3 1179 1180 1874 1942
10118 4 2 1 3 1179 1942 1181 1180
10119 4 2 1 3 1180 1874 1942 1785
10120 4 2 1 3 1180 1785 1942 1181
10121 4 2 1 3 1267 2027 2258 1633
10122 4 2 1 3 2027 1308 2302 2457
10123 4 2 1 3 2258 2302 1303 1947
10124 4 2 1 3 1633 2457 1947 1343
10125 4 2 1 3 2027 2258 1633 2457
10126 4 2 1 3 2027 2457 2302 2258
10127 4 2 1 3 2258 1633 2457 1947
10128 4 2 1 3 2258 1947 2457 2302
10129 4 2 1 3 94 2279 355 356
10130 4 2 1 3 2279 930 986 2421
10131 4 2 1 3 355 986 43 351
10132 4 2 1 3 356 2421 351 187
10133 4 2 1 3 2279 355 356 2421
10134 4 2 1 3 2279 2421 986 355
10135 4 2 1 3 355 356 2421 351
10136 4 2 1 3 355 351 2421 986
10137 4 2 1 3 1303 2302 1465 1947
10138 4 2 1 3 2302 1308 1676 2457
10139 4 2 1 3 1465 1676 1263 1738
10140 4 2 1 3 1947 2457 1738 1343
10141 4 2 1 3 2302 1465 1947 2457
10142 4 2 1 3 2302 2457 1676 1465
10143 4 2 1 3 1465 1947 2457 1738
10144 4 2 1 3 1465 1738 2457 1676
10145 4 2 1 3 240 580 835 1900
10146 4 2 1 3 580 208 681 2213
10147 4 2 1 3 835 681 232 2251
10148 4 2 1 3 1900 2213 2251 1311
10149 4 2 1 3 580 835 1900 2213
10150 4 2 1 3 580 2213 681 835
10151 4 2 1 3 835 1900 2213 2251
10152 4 2 1 3 835 2251 2213 681
10153 4 2 1 3 868 1114 1112 1770
10154 4 2 1 3 1114 917 1113 1799
10155 4 2 1 3 1112 1113 908 1801
10156 4 2 1 3 1770 1799 1801 1294
10157 4 2 1 3 1114 1112 1770 1799
10158 4 2 1 3 1114 1799 1113 1112
10159 4 2 1 3 1112 1770 1799 1801
10160 4 2 1 3 1112 1801 1799 1113
10161 4 2 1 3 260 315 304 2216
10162 4 2 1 3 315 169 314 2547
10163 4 2 1 3 304 314 14 1843
10164 4 2 1 3 2216 2547 1843 1332
10165 4 2 1 3 315 304 2216 2547
10166 4 2 1 3 315 2547 314 304
10167 4 2 1 3 304 2216 2547 1843
10168 4 2 1 3 304 1843 2547 314
10169 4 2 1 3 939 2126 1088 2127
10170 4 2 1 3 2126 1297 2417 1852
10171 4 2 1 3 1088 2417 928 2420
10172 4 2 1 3 2127 1852 2420 1330
10173 4 2 1 3 2126 1088 2127 1852
10174 4 2 1 3 2126 1852 2417 1088
10175 4 2 1 3 1088 2127 1852 2420
10176 4 2 1 3 1088 2420 1852 2417
10177 4 2 1 3 1253 1480 1385 2462
10178 4 2 1 3 1480 1322 2485 1946
10179 4 2 1 3 1385 2485 1314 2478
10180 4 2 1 3 2462 1946 2478 1334
10181 4 2 1 3 1480 1385 2462 1946
10182 4 2 1 3 1480 1946 2485 1385
10183 4 2 1 3 1385 2462 1946 2478
10184 4 2 1 3 1385 2478 1946 2485
10185 4 2 1 3 1261 1949 2397 2395
10186 4 2 1 3 1949 1314 2485 2478
10187 4 2 1 3 2397 2485 1322 1946
10188 4 2 1 3 2395 2478 1946 1334
10189 4 2 1 3 1949 2397 2395 2478
10190 4 2 1 3 1949 2478 2485 2397
10191 4 2 1 3 2397 2395 2478 1946
10192 4 2 1 3 2397 1946 2478 2485
10193 4 2 1 3 172 420 374 2432
10194 4 2 1 3 420 219 419 2273
10195 4 2 1 3 374 419 83 2274
10196 4 2 1 3 2432 2273 2274 1320
10197 4 2 1 3 420 374 2432 2273
10198 4 2 1 3 420 2273 419 374
10199 4 2 1 3 374 2432 2273 2274
10200 4 2 1 3 374 2274 2273 419
10201 4 2 1 3 166 284 285 2072
10202 4 2 1 3 284 6 7 2355
10203 4 2 1 3 285 7 8 2548
10204 4 2 1 3 2072 2355 2548 1302
10205 4 2 1 3 284 285 2072 2355
10206 4 2 1 3 284 2355 7 285
10207 4 2 1 3 285 2072 2355 2548
10208 4 2 1 3 285 2548 2355 7
10209 4 2 1 3 191 329 324 2117
10210 4 2 1 3 329 91 328 2549
10211 4 2 1 3 324 328 25 957
10212 4 2 1 3 2117 2549 957 926
10213 4 2 1 3 329 324 2117 2549
10214 4 2 1 3 329 2549 328 324
10215 4 2 1 3 324 2117 2549 957
10216 4 2 1 3 324 957 2549 328
10217 4 2 1 3 886 2550 1185 2551
10218 4 2 1 3 2550 1293 1449 2017
10219 4 2 1 3 1185 1449 901 2015
10220 4 2 1 3 2551 2017 2015 1337
10221 4 2 1 3 2550 1185 2551 2017
10222 4 2 1 3 2550 2017 1449 1185
10223 4 2 1 3 1185 2551 2017 2015
10224 4 2 1 3 1185 2015 2017 1449
10225 4 2 1 3 910 1074 1070 2231
10226 4 2 1 3 1074 920 1073 2232
10227 4 2 1 3 1070 1073 859 2424
10228 4 2 1 3 2231 2232 2424 1310
10229 4 2 1 3 1074 1070 2231 2232
10230 4 2 1 3 1074 2232 1073 1070
10231 4 2 1 3 1070 2231 2232 2424
10232 4 2 1 3 1070 2424 2232 1073
10233 4 2 1 3 919 2465 1075 2325
10234 4 2 1 3 2465 1310 2491 2211
10235 4 2 1 3 1075 2491 934 2494
10236 4 2 1 3 2325 2211 2494 1339
10237 4 2 1 3 2465 1075 2325 2211
10238 4 2 1 3 2465 2211 2491 1075
10239 4 2 1 3 1075 2325 2211 2494
10240 4 2 1 3 1075 2494 2211 2491
10241 4 2 1 3 855 2223 1051 2312
10242 4 2 1 3 2223 1284 1789 1621
10243 4 2 1 3 1051 1789 936 1705
10244 4 2 1 3 2312 1621 1705 1306
10245 4 2 1 3 2223 1051 2312 1621
10246 4 2 1 3 2223 1621 1789 1051
10247 4 2 1 3 1051 2312 1621 1705
10248 4 2 1 3 1051 1705 1621 1789
10249 4 2 1 3 133 641 2268 2269
10250 4 2 1 3 641 127 2193 2483
10251 4 2 1 3 2268 2193 1291 2070
10252 4 2 1 3 2269 2483 2070 1327
10253 4 2 1 3 641 2268 2269 2483
10254 4 2 1 3 641 2483 2193 2268
10255 4 2 1 3 2268 2269 2483 2070
10256 4 2 1 3 2268 2070 2483 2193
10257 4 2 1 3 6 2354 287 2552
10258 4 2 1 3 2354 1286 2375 2376
10259 4 2 1 3 287 2375 198 2377
10260 4 2 1 3 2552 2376 2377 1341
10261 4 2 1 3 2354 287 2552 2376
10262 4 2 1 3 2354 2376 2375 287
10263 4 2 1 3 287 2552 2376 2377
10264 4 2 1 3 287 2377 2376 2375
10265 4 2 1 3 863 1030 1094 1941
10266 4 2 1 3 1030 933 1049 2533
10267 4 2 1 3 1094 1049 914 1955
10268 4 2 1 3 1941 2533 1955 1306
10269 4 2 1 3 1030 1094 1941 2533
10270 4 2 1 3 1030 2533 1049 1094
10271 4 2 1 3 1094 1941 2533 1955
10272 4 2 1 3 1094 1955 2533 1049
10273 4 2 1 3 87 2347 392 2500
10274 4 2 1 3 2347 921 2529 2498
10275 4 2 1 3 392 2529 193 2517
10276 4 2 1 3 2500 2498 2517 1330
10277 4 2 1 3 2347 392 2500 2498
10278 4 2 1 3 2347 2498 2529 392
10279 4 2 1 3 392 2500 2498 2517
10280 4 2 1 3 392 2517 2498 2529
10281 4 2 1 3 150 676 677 2175
10282 4 2 1 3 676 133 643 2269
10283 4 2 1 3 677 643 149 2068
10284 4 2 1 3 2175 2269 2068 1327
10285 4 2 1 3 676 677 2175 2269
10286 4 2 1 3 676 2269 643 677
10287 4 2 1 3 677 2175 2269 2068
10288 4 2 1 3 677 2068 2269 643
10289 4 2 1 3 921 1024 1022 2529
10290 4 2 1 3 1024 861 1020 2516
10291 4 2 1 3 1022 1020 67 387
10292 4 2 1 3 2529 2516 387 193
10293 4 2 1 3 1024 1022 2529 2516
10294 4 2 1 3 1024 2516 1020 1022
10295 4 2 1 3 1022 2529 2516 387
10296 4 2 1 3 1022 387 2516 1020
10297 4 2 1 3 251 787 790 2055
10298 4 2 1 3 787 162 788 1664
10299 4 2 1 3 790 788 248 2327
10300 4 2 1 3 2055 1664 2327 1271
10301 4 2 1 3 787 790 2055 1664
10302 4 2 1 3 787 1664 788 790
10303 4 2 1 3 790 2055 1664 2327
10304 4 2 1 3 790 2327 1664 788
10305 4 2 1 3 176 805 2346 2360
10306 4 2 1 3 805 252 2543 2538
10307 4 2 1 3 2346 2543 1305 2362
10308 4 2 1 3 2360 2538 2362 1321
10309 4 2 1 3 805 2346 2360 2538
10310 4 2 1 3 805 2538 2543 2346
10311 4 2 1 3 2346 2360 2538 2362
10312 4 2 1 3 2346 2362 2538 2543
10313 4 2 1 3 178 2300 2531 2311
10314 4 2 1 3 2300 855 1033 2312
10315 4 2 1 3 2531 1033 933 2533
10316 4 2 1 3 2311 2312 2533 1306
10317 4 2 1 3 2300 2531 2311 2312
10318 4 2 1 3 2300 2312 1033 2531
10319 4 2 1 3 2531 2311 2312 2533
10320 4 2 1 3 2531 2533 2312 1033
10321 4 2 1 3 1253 1834 1615 1387
10322 4 2 1 3 1834 1275 1646 1659
10323 4 2 1 3 1615 1646 1331 2475
10324 4 2 1 3 1387 1659 2475 1346
10325 4 2 1 3 1834 1615 1387 1659
10326 4 2 1 3 1834 1659 1646 1615
10327 4 2 1 3 1615 1387 1659 2475
10328 4 2 1 3 1615 2475 1659 1646
10329 4 2 1 3 880 1155 1156 1552
10330 4 2 1 3 1155 879 1154 2456
10331 4 2 1 3 1156 1154 877 1560
10332 4 2 1 3 1552 2456 1560 1308
10333 4 2 1 3 1155 1156 1552 2456
10334 4 2 1 3 1155 2456 1154 1156
10335 4 2 1 3 1156 1552 2456 1560
10336 4 2 1 3 1156 1560 2456 1154
10337 4 2 1 3 875 1136 1133 1371
10338 4 2 1 3 1136 909 1135 1548
10339 4 2 1 3 1133 1135 873 1434
10340 4 2 1 3 1371 1548 1434 1283
10341 4 2 1 3 1136 1133 1371 1548
10342 4 2 1 3 1136 1548 1135 1133
10343 4 2 1 3 1133 1371 1548 1434
10344 4 2 1 3 1133 1434 1548 1135
10345 4 2 1 3 92 460 1569 1503
10346 4 2 1 3 460 222 2539 2540
10347 4 2 1 3 1569 2539 1325 1570
10348 4 2 1 3 1503 2540 1570 1341
10349 4 2 1 3 460 1569 1503 2540
10350 4 2 1 3 460 2540 2539 1569
10351 4 2 1 3 1569 1503 2540 1570
10352 4 2 1 3 1569 1570 2540 2539
10353 4 2 1 3 158 473 749 1692
10354 4 2 1 3 473 165 748 1707
10355 4 2 1 3 749 748 147 1945
10356 4 2 1 3 1692 1707 1945 1280
10357 4 2 1 3 473 749 1692 1707
10358 4 2 1 3 473 1707 748 749
10359 4 2 1 3 749 1692 1707 1945
10360 4 2 1 3 749 1945 1707 748
10361 4 2 1 3 113 2182 565 2214
10362 4 2 1 3 2182 1289 2496 1901
10363 4 2 1 3 565 2496 111 2434
10364 4 2 1 3 2214 1901 2434 1311
10365 4 2 1 3 2182 565 2214 1901
10366 4 2 1 3 2182 1901 2496 565
10367 4 2 1 3 565 2214 1901 2434
10368 4 2 1 3 565 2434 1901 2496
10369 4 2 1 3 230 427 2553 2295
10370 4 2 1 3 427 194 2524 2525
10371 4 2 1 3 2553 2524 1326 1689
10372 4 2 1 3 2295 2525 1689 1329
10373 4 2 1 3 427 2553 2295 2525
10374 4 2 1 3 427 2525 2524 2553
10375 4 2 1 3 2553 2295 2525 1689
10376 4 2 1 3 2553 1689 2525 2524
10377 4 2 1 3 98 458 468 2092
10378 4 2 1 3 458 92 469 1500
10379 4 2 1 3 468 469 99 1763
10380 4 2 1 3 2092 1500 1763 1279
10381 4 2 1 3 458 468 2092 1500
10382 4 2 1 3 458 1500 469 468
10383 4 2 1 3 468 2092 1500 1763
10384 4 2 1 3 468 1763 1500 469
10385 4 2 1 3 895 1194 1210 1920
10386 4 2 1 3 1194 888 1211 1895
10387 4 2 1 3 1210 1211 912 1944
10388 4 2 1 3 1920 1895 1944 1315
10389 4 2 1 3 1194 1210 1920 1895
10390 4 2 1 3 1194 1895 1211 1210
10391 4 2 1 3 1210 1920 1895 1944
10392 4 2 1 3 1210 1944 1895 1211
10393 4 2 1 3 867 2505 982 2508
10394 4 2 1 3 2505 81 2546 2507
10395 4 2 1 3 982 2546 927 2387
10396 4 2 1 3 2508 2507 2387 1339
10397 4 2 1 3 2505 982 2508 2507
10398 4 2 1 3 2505 2507 2546 982
10399 4 2 1 3 982 2508 2507 2387
10400 4 2 1 3 982 2387 2507 2546
10401 4 2 1 3 923 1103 1006 2307
10402 4 2 1 3 1103 940 1102 2334
10403 4 2 1 3 1006 1102 865 2433
10404 4 2 1 3 2307 2334 2433 1320
10405 4 2 1 3 1103 1006 2307 2334
10406 4 2 1 3 1103 2334 1102 1006
10407 4 2 1 3 1006 2307 2334 2433
10408 4 2 1 3 1006 2433 2334 1102
10409 4 2 1 3 217 847 610 1614
10410 4 2 1 3 847 204 846 2158
10411 4 2 1 3 610 846 202 1761
10412 4 2 1 3 1614 2158 1761 1277
10413 4 2 1 3 847 610 1614 2158
10414 4 2 1 3 847 2158 846 610
10415 4 2 1 3 610 1614 2158 1761
10416 4 2 1 3 610 1761 2158 846
10417 4 2 1 3 218 826 418 2405
10418 4 2 1 3 826 245 809 2406
10419 4 2 1 3 418 809 226 2480
10420 4 2 1 3 2405 2406 2480 1321
10421 4 2 1 3 826 418 2405 2406
10422 4 2 1 3 826 2406 809 418
10423 4 2 1 3 418 2405 2406 2480
10424 4 2 1 3 418 2480 2406 809
10425 4 2 1 3 89 306 296 1545
10426 4 2 1 3 306 260 305 2215
10427 4 2 1 3 296 305 12 1924
10428 4 2 1 3 1545 2215 1924 1272
10429 4 2 1 3 306 296 1545 2215
10430 4 2 1 3 306 2215 305 296
10431 4 2 1 3 296 1545 2215 1924
10432 4 2 1 3 296 1924 2215 305
10433 4 2 1 3 245 653 654 2461
10434 4 2 1 3 653 186 652 2304
10435 4 2 1 3 654 652 128 2366
10436 4 2 1 3 2461 2304 2366 1323
10437 4 2 1 3 653 654 2461 2304
10438 4 2 1 3 653 2304 652 654
10439 4 2 1 3 654 2461 2304 2366
10440 4 2 1 3 654 2366 2304 652
10441 4 2 1 3 82 362 414 2487
10442 4 2 1 3 362 181 415 2040
10443 4 2 1 3 414 415 218 2162
10444 4 2 1 3 2487 2040 2162 1344
10445 4 2 1 3 362 414 2487 2040
10446 4 2 1 3 362 2040 415 414
10447 4 2 1 3 414 2487 2040 2162
10448 4 2 1 3 414 2162 2040 415
10449 4 2 1 3 885 1193 1195 1991
10450 4 2 1 3 1193 895 1196 1920
10451 4 2 1 3 1195 1196 911 2001
10452 4 2 1 3 1991 1920 2001 1315
10453 4 2 1 3 1193 1195 1991 1920
10454 4 2 1 3 1193 1920 1196 1195
10455 4 2 1 3 1195 1991 1920 2001
10456 4 2 1 3 1195 2001 1920 1196
10457 4 2 1 3 869 1117 1118 2408
10458 4 2 1 3 1117 897 1119 1968
10459 4 2 1 3 1118 1119 898 2460
10460 4 2 1 3 2408 1968 2460 1318
10461 4 2 1 3 1117 1118 2408 1968
10462 4 2 1 3 1117 1968 1119 1118
10463 4 2 1 3 1118 2408 1968 2460
10464 4 2 1 3 1118 2460 1968 1119
10465 4 2 1 3 896 2436 2437 2554
10466 4 2 1 3 2436 1278 2203 2555
10467 4 2 1 3 2437 2203 1313 2513
10468 4 2 1 3 2554 2555 2513 1337
10469 4 2 1 3 2436 2437 2554 2555
10470 4 2 1 3 2436 2555 2203 2437
10471 4 2 1 3 2437 2554 2555 2513
10472 4 2 1 3 2437 2513 2555 2203
10473 4 2 1 3 108 533 531 2095
10474 4 2 1 3 533 206 522 1757
10475 4 2 1 3 531 522 104 1602
10476 4 2 1 3 2095 1757 1602 1274
10477 4 2 1 3 533 531 2095 1757
10478 4 2 1 3 533 1757 522 531
10479 4 2 1 3 531 2095 1757 1602
10480 4 2 1 3 531 1602 1757 522
10481 4 2 1 3 883 1174 1168 2090
10482 4 2 1 3 1174 886 1173 2550
10483 4 2 1 3 1168 1173 881 1716
10484 4 2 1 3 2090 2550 1716 1293
10485 4 2 1 3 1174 1168 2090 2550
10486 4 2 1 3 1174 2550 1173 1168
10487 4 2 1 3 1168 2090 2550 1716
10488 4 2 1 3 1168 1716 2550 1173
10489 4 2 1 3 943 1122 1123 2131
10490 4 2 1 3 1122 869 1118 1733
10491 4 2 1 3 1123 1118 898 2288
10492 4 2 1 3 2131 1733 2288 1271
10493 4 2 1 3 1122 1123 2131 1733
10494 4 2 1 3 1122 1733 1118 1123
10495 4 2 1 3 1123 2131 1733 2288
10496 4 2 1 3 1123 2288 1733 1118
10497 4 2 1 3 259 704 705 2080
10498 4 2 1 3 704 138 696 1588
10499 4 2 1 3 705 696 144 1916
10500 4 2 1 3 2080 1588 1916 1288
10501 4 2 1 3 704 705 2080 1588
10502 4 2 1 3 704 1588 696 705
10503 4 2 1 3 705 2080 1588 1916
10504 4 2 1 3 705 1916 1588 696
10505 4 2 1 3 868 958 1114 1770
10506 4 2 1 3 958 926 1059 2118
10507 4 2 1 3 1114 1059 917 1799
10508 4 2 1 3 1770 2118 1799 1294
10509 4 2 1 3 958 1114 1770 2118
10510 4 2 1 3 958 2118 1059 1114
10511 4 2 1 3 1114 1770 2118 1799
10512 4 2 1 3 1114 1799 2118 1059
10513 4 2 1 3 179 811 485 1954
10514 4 2 1 3 811 221 535 2228
10515 4 2 1 3 485 535 178 2311
10516 4 2 1 3 1954 2228 2311 1306
10517 4 2 1 3 811 485 1954 2228
10518 4 2 1 3 811 2228 535 485
10519 4 2 1 3 485 1954 2228 2311
10520 4 2 1 3 485 2311 2228 535
10521 4 2 1 3 87 446 2344 2500
10522 4 2 1 3 446 257 2379 2380
10523 4 2 1 3 2344 2379 1295 1923
10524 4 2 1 3 2500 2380 1923 1330
10525 4 2 1 3 446 2344 2500 2380
10526 4 2 1 3 446 2380 2379 2344
10527 4 2 1 3 2344 2500 2380 1923
10528 4 2 1 3 2344 1923 2380 2379
10529 4 2 1 3 133 650 641 2269
10530 4 2 1 3 650 212 649 2489
10531 4 2 1 3 641 649 127 2483
10532 4 2 1 3 2269 2489 2483 1327
10533 4 2 1 3 650 641 2269 2489
10534 4 2 1 3 650 2489 649 641
10535 4 2 1 3 641 2269 2489 2483
10536 4 2 1 3 641 2483 2489 649
10537 4 2 1 3 169 313 314 2547
10538 4 2 1 3 313 168 311 1826
10539 4 2 1 3 314 311 14 1843
10540 4 2 1 3 2547 1826 1843 1332
10541 4 2 1 3 313 314 2547 1826
10542 4 2 1 3 313 1826 311 314
10543 4 2 1 3 314 2547 1826 1843
10544 4 2 1 3 314 1843 1826 311
10545 4 2 1 3 896 2437 1198 2554
10546 4 2 1 3 2437 1313 1872 2513
10547 4 2 1 3 1198 1872 887 2556
10548 4 2 1 3 2554 2513 2556 1337
10549 4 2 1 3 2437 1198 2554 2513
10550 4 2 1 3 2437 2513 1872 1198
10551 4 2 1 3 1198 2554 2513 2556
10552 4 2 1 3 1198 2556 2513 1872
10553 4 2 1 3 84 426 425 2510
10554 4 2 1 3 426 230 428 2295
10555 4 2 1 3 425 428 235 2296
10556 4 2 1 3 2510 2295 2296 1329
10557 4 2 1 3 426 425 2510 2295
10558 4 2 1 3 426 2295 428 425
10559 4 2 1 3 425 2510 2295 2296
10560 4 2 1 3 425 2296 2295 428
10561 4 2 1 3 123 617 621 1934
10562 4 2 1 3 617 122 622 2335
10563 4 2 1 3 621 622 124 2089
10564 4 2 1 3 1934 2335 2089 1346
10565 4 2 1 3 617 621 1934 2335
10566 4 2 1 3 617 2335 622 621
10567 4 2 1 3 621 1934 2335 2089
10568 4 2 1 3 621 2089 2335 622
10569 4 2 1 3 232 682 685 2251
10570 4 2 1 3 682 134 683 2050
10571 4 2 1 3 685 683 251 2051
10572 4 2 1 3 2251 2050 2051 1311
10573 4 2 1 3 682 685 2251 2050
10574 4 2 1 3 682 2050 683 685
10575 4 2 1 3 685 2251 2050 2051
10576 4 2 1 3 685 2051 2050 683
10577 4 2 1 3 872 1396 1080 2033
10578 4 2 1 3 1396 1286 2143 2034
10579 4 2 1 3 1080 2143 860 2339
10580 4 2 1 3 2033 2034 2339 1336
10581 4 2 1 3 1396 1080 2033 2034
10582 4 2 1 3 1396 2034 2143 1080
10583 4 2 1 3 1080 2033 2034 2339
10584 4 2 1 3 1080 2339 2034 2143
10585 4 2 1 3 201 645 633 2466
10586 4 2 1 3 645 149 644 1963
10587 4 2 1 3 633 644 126 2320
10588 4 2 1 3 2466 1963 2320 1314
10589 4 2 1 3 645 633 2466 1963
10590 4 2 1 3 645 1963 644 633
10591 4 2 1 3 633 2466 1963 2320
10592 4 2 1 3 633 2320 1963 644
10593 4 2 1 3 172 2431 369 2430
10594 4 2 1 3 2431 923 1004 1006
10595 4 2 1 3 369 1004 55 1002
10596 4 2 1 3 2430 1006 1002 865
10597 4 2 1 3 2431 369 2430 1006
10598 4 2 1 3 2431 1006 1004 369
10599 4 2 1 3 369 2430 1006 1002
10600 4 2 1 3 369 1002 1006 1004
10601 4 2 1 3 250 1893 2557 1894
10602 4 2 1 3 1893 870 1040 1891
10603 4 2 1 3 2557 1040 864 2520
10604 4 2 1 3 1894 1891 2520 1319
10605 4 2 1 3 1893 2557 1894 1891
10606 4 2 1 3 1893 1891 1040 2557
10607 4 2 1 3 2557 1894 1891 2520
10608 4 2 1 3 2557 2520 1891 1040
10609 4 2 1 3 92 456 460 1503
10610 4 2 1 3 456 90 461 1907
10611 4 2 1 3 460 461 222 2540
10612 4 2 1 3 1503 1907 2540 1341
10613 4 2 1 3 456 460 1503 1907
10614 4 2 1 3 456 1907 461 460
10615 4 2 1 3 460 1503 1907 2540
10616 4 2 1 3 460 2540 1907 461
10617 4 2 1 3 903 2558 1215 2298
10618 4 2 1 3 2558 1318 1783 1787
10619 4 2 1 3 1215 1783 889 1786
10620 4 2 1 3 2298 1787 1786 1324
10621 4 2 1 3 2558 1215 2298 1787
10622 4 2 1 3 2558 1787 1783 1215
10623 4 2 1 3 1215 2298 1787 1786
10624 4 2 1 3 1215 1786 1787 1783
10625 4 2 1 3 167 772 774 2154
10626 4 2 1 3 772 166 476 2195
10627 4 2 1 3 774 476 158 1694
10628 4 2 1 3 2154 2195 1694 1265
10629 4 2 1 3 772 774 2154 2195
10630 4 2 1 3 772 2195 476 774
10631 4 2 1 3 774 2154 2195 1694
10632 4 2 1 3 774 1694 2195 476
10633 4 2 1 3 185 614 615 2522
10634 4 2 1 3 614 120 603 2453
10635 4 2 1 3 615 603 128 2366
10636 4 2 1 3 2522 2453 2366 1323
10637 4 2 1 3 614 615 2522 2453
10638 4 2 1 3 614 2453 603 615
10639 4 2 1 3 615 2522 2453 2366
10640 4 2 1 3 615 2366 2453 603
10641 4 2 1 3 942 1068 1069 2559
10642 4 2 1 3 1068 858 1065 2112
10643 4 2 1 3 1069 1065 935 2204
10644 4 2 1 3 2559 2112 2204 1278
10645 4 2 1 3 1068 1069 2559 2112
10646 4 2 1 3 1068 2112 1065 1069
10647 4 2 1 3 1069 2559 2112 2204
10648 4 2 1 3 1069 2204 2112 1065
10649 4 2 1 3 87 444 395 2344
10650 4 2 1 3 444 171 443 2484
10651 4 2 1 3 395 443 170 1939
10652 4 2 1 3 2344 2484 1939 1295
10653 4 2 1 3 444 395 2344 2484
10654 4 2 1 3 444 2484 443 395
10655 4 2 1 3 395 2344 2484 1939
10656 4 2 1 3 395 1939 2484 443
10657 4 2 1 3 204 2158 852 2157
10658 4 2 1 3 2158 1277 2341 1511
10659 4 2 1 3 852 2341 233 2342
10660 4 2 1 3 2157 1511 2342 1333
10661 4 2 1 3 2158 852 2157 1511
10662 4 2 1 3 2158 1511 2341 852
10663 4 2 1 3 852 2157 1511 2342
10664 4 2 1 3 852 2342 1511 2341
10665 4 2 1 3 83 377 2305 2272
10666 4 2 1 3 377 189 2560 2238
10667 4 2 1 3 2305 2560 923 2306
10668 4 2 1 3 2272 2238 2306 1316
10669 4 2 1 3 377 2305 2272 2238
10670 4 2 1 3 377 2238 2560 2305
10671 4 2 1 3 2305 2272 2238 2306
10672 4 2 1 3 2305 2306 2238 2560
10673 4 2 1 3 927 2023 1044 2387
10674 4 2 1 3 2023 1290 2411 2036
10675 4 2 1 3 1044 2411 913 2413
10676 4 2 1 3 2387 2036 2413 1339
10677 4 2 1 3 2023 1044 2387 2036
10678 4 2 1 3 2023 2036 2411 1044
10679 4 2 1 3 1044 2387 2036 2413
10680 4 2 1 3 1044 2413 2036 2411
10681 4 2 1 3 151 766 680 2294
10682 4 2 1 3 766 236 700 2385
10683 4 2 1 3 680 700 212 2489
10684 4 2 1 3 2294 2385 2489 1327
10685 4 2 1 3 766 680 2294 2385
10686 4 2 1 3 766 2385 700 680
10687 4 2 1 3 680 2294 2385 2489
10688 4 2 1 3 680 2489 2385 700
10689 4 2 1 3 153 280 281 2561
10690 4 2 1 3 280 4 5 2338
10691 4 2 1 3 281 5 6 2399
10692 4 2 1 3 2561 2338 2399 1336
10693 4 2 1 3 280 281 2561 2338
10694 4 2 1 3 280 2338 5 281
10695 4 2 1 3 281 2561 2338 2399
10696 4 2 1 3 281 2399 2338 5
10697 4 2 1 3 224 493 323 2562
10698 4 2 1 3 493 167 494 2030
10699 4 2 1 3 323 494 97 1773
10700 4 2 1 3 2562 2030 1773 1336
10701 4 2 1 3 493 323 2562 2030
10702 4 2 1 3 493 2030 494 323
10703 4 2 1 3 323 2562 2030 1773
10704 4 2 1 3 323 1773 2030 494
10705 4 2 1 3 178 400 401 2531
10706 4 2 1 3 400 73 396 1029
10707 4 2 1 3 401 396 95 2532
10708 4 2 1 3 2531 1029 2532 933
10709 4 2 1 3 400 401 2531 1029
10710 4 2 1 3 400 1029 396 401
10711 4 2 1 3 401 2531 1029 2532
10712 4 2 1 3 401 2532 1029 396
10713 4 2 1 3 246 751 752 1829
10714 4 2 1 3 751 148 747 1908
10715 4 2 1 3 752 747 165 1707
10716 4 2 1 3 1829 1908 1707 1280
10717 4 2 1 3 751 752 1829 1908
10718 4 2 1 3 751 1908 747 752
10719 4 2 1 3 752 1829 1908 1707
10720 4 2 1 3 752 1707 1908 747
10721 4 2 1 3 856 959 2563 961
10722 4 2 1 3 959 25 328 957
10723 4 2 1 3 2563 328 91 2549
10724 4 2 1 3 961 957 2549 926
10725 4 2 1 3 959 2563 961 957
10726 4 2 1 3 959 957 328 2563
10727 4 2 1 3 2563 961 957 2549
10728 4 2 1 3 2563 2549 957 328
10729 4 2 1 3 909 1162 1197 1547
10730 4 2 1 3 1162 885 1195 1744
10731 4 2 1 3 1197 1195 911 1798
10732 4 2 1 3 1547 1744 1798 1281
10733 4 2 1 3 1162 1197 1547 1744
10734 4 2 1 3 1162 1744 1195 1197
10735 4 2 1 3 1197 1547 1744 1798
10736 4 2 1 3 1197 1798 1744 1195
10737 4 2 1 3 100 501 498 1794
10738 4 2 1 3 501 255 500 1982
10739 4 2 1 3 498 500 98 2092
10740 4 2 1 3 1794 1982 2092 1279
10741 4 2 1 3 501 498 1794 1982
10742 4 2 1 3 501 1982 500 498
10743 4 2 1 3 498 1794 1982 2092
10744 4 2 1 3 498 2092 1982 500
10745 4 2 1 3 197 467 715 2438
10746 4 2 1 3 467 227 714 2393
10747 4 2 1 3 715 714 140 1966
10748 4 2 1 3 2438 2393 1966 1335
10749 4 2 1 3 467 715 2438 2393
10750 4 2 1 3 467 2393 714 715
10751 4 2 1 3 715 2438 2393 1966
10752 4 2 1 3 715 1966 2393 714
10753 4 2 1 3 858 2112 1068 2468
10754 4 2 1 3 2112 1278 2559 2469
10755 4 2 1 3 1068 2559 942 2564
10756 4 2 1 3 2468 2469 2564 1344
10757 4 2 1 3 2112 1068 2468 2469
10758 4 2 1 3 2112 2469 2559 1068
10759 4 2 1 3 1068 2468 2469 2564
10760 4 2 1 3 1068 2564 2469 2559
10761 4 2 1 3 71 1026 393 1028
10762 4 2 1 3 1026 863 1937 1030
10763 4 2 1 3 393 1937 170 2565
10764 4 2 1 3 1028 1030 2565 933
10765 4 2 1 3 1026 393 1028 1030
10766 4 2 1 3 1026 1030 1937 393
10767 4 2 1 3 393 1028 1030 2565
10768 4 2 1 3 393 2565 1030 1937
10769 4 2 1 3 16 270 17 2181
10770 4 2 1 3 270 88 269 2255
10771 4 2 1 3 17 269 2 2122
10772 4 2 1 3 2181 2255 2122 1333
10773 4 2 1 3 270 17 2181 2255
10774 4 2 1 3 270 2255 269 17
10775 4 2 1 3 17 2181 2255 2122
10776 4 2 1 3 17 2122 2255 269
10777 4 2 1 3 1253 1615 2490 2462
10778 4 2 1 3 1615 1331 1678 2093
10779 4 2 1 3 2490 1678 1268 1439
10780 4 2 1 3 2462 2093 1439 1334
10781 4 2 1 3 1615 2490 2462 2093
10782 4 2 1 3 1615 2093 1678 2490
10783 4 2 1 3 2490 2462 2093 1439
10784 4 2 1 3 2490 1439 2093 1678
10785 4 2 1 3 921 1022 2347 2529
10786 4 2 1 3 1022 67 391 387
10787 4 2 1 3 2347 391 87 392
10788 4 2 1 3 2529 387 392 193
10789 4 2 1 3 1022 2347 2529 387
10790 4 2 1 3 1022 387 391 2347
10791 4 2 1 3 2347 2529 387 392
10792 4 2 1 3 2347 392 387 391
10793 4 2 1 3 95 397 398 2532
10794 4 2 1 3 397 71 393 1028
10795 4 2 1 3 398 393 170 2565
10796 4 2 1 3 2532 1028 2565 933
10797 4 2 1 3 397 398 2532 1028
10798 4 2 1 3 397 1028 393 398
10799 4 2 1 3 398 2532 1028 2565
10800 4 2 1 3 398 2565 1028 393
10801 4 2 1 3 129 625 2062 2063
10802 4 2 1 3 625 185 2522 2523
10803 4 2 1 3 2062 2522 1323 1388
10804 4 2 1 3 2063 2523 1388 1346
10805 4 2 1 3 625 2062 2063 2523
10806 4 2 1 3 625 2523 2522 2062
10807 4 2 1 3 2062 2063 2523 1388
10808 4 2 1 3 2062 1388 2523 2522
10809 4 2 1 3 153 281 289 2561
10810 4 2 1 3 281 6 284 2399
10811 4 2 1 3 289 284 166 2073
10812 4 2 1 3 2561 2399 2073 1336
10813 4 2 1 3 281 289 2561 2399
10814 4 2 1 3 281 2399 284 289
10815 4 2 1 3 289 2561 2399 2073
10816 4 2 1 3 289 2073 2399 284
10817 4 2 1 3 228 736 734 2088
10818 4 2 1 3 736 244 735 2356
10819 4 2 1 3 734 735 144 1916
10820 4 2 1 3 2088 2356 1916 1288
10821 4 2 1 3 736 734 2088 2356
10822 4 2 1 3 736 2356 735 734
10823 4 2 1 3 734 2088 2356 1916
10824 4 2 1 3 734 1916 2356 735
10825 4 2 1 3 1248 1822 1859 2004
10826 4 2 1 3 1822 1270 1838 2365
10827 4 2 1 3 1859 1838 1296 2363
10828 4 2 1 3 2004 2365 2363 1338
10829 4 2 1 3 1822 1859 2004 2365
10830 4 2 1 3 1822 2365 1838 1859
10831 4 2 1 3 1859 2004 2365 2363
10832 4 2 1 3 1859 2363 2365 1838
10833 4 2 1 3 923 2560 1009 2306
10834 4 2 1 3 2560 189 2237 2238
10835 4 2 1 3 1009 2237 857 2239
10836 4 2 1 3 2306 2238 2239 1316
10837 4 2 1 3 2560 1009 2306 2238
10838 4 2 1 3 2560 2238 2237 1009
10839 4 2 1 3 1009 2306 2238 2239
10840 4 2 1 3 1009 2239 2238 2237
10841 4 2 1 3 128 605 654 2384
10842 4 2 1 3 605 215 655 2503
10843 4 2 1 3 654 655 245 2406
10844 4 2 1 3 2384 2503 2406 1321
10845 4 2 1 3 605 654 2384 2503
10846 4 2 1 3 605 2503 655 654
10847 4 2 1 3 654 2384 2503 2406
10848 4 2 1 3 654 2406 2503 655
10849 4 2 1 3 91 332 2567 2504
10850 4 2 1 3 332 196 2566 2359
10851 4 2 1 3 2567 2566 925 2394
10852 4 2 1 3 2504 2359 2394 1335
10853 4 2 1 3 332 2567 2504 2359
10854 4 2 1 3 332 2359 2566 2567
10855 4 2 1 3 2567 2504 2359 2394
10856 4 2 1 3 2567 2394 2359 2566
10857 4 2 1 3 223 2568 407 2569
10858 4 2 1 3 2568 864 2519 2520
10859 4 2 1 3 407 2519 105 2322
10860 4 2 1 3 2569 2520 2322 1319
10861 4 2 1 3 2568 407 2569 2520
10862 4 2 1 3 2568 2520 2519 407
10863 4 2 1 3 407 2569 2520 2322
10864 4 2 1 3 407 2322 2520 2519
10865 4 2 1 3 1278 2555 2559 2469
10866 4 2 1 3 2555 1337 2570 2571
10867 4 2 1 3 2559 2570 942 2564
10868 4 2 1 3 2469 2571 2564 1344
10869 4 2 1 3 2555 2559 2469 2571
10870 4 2 1 3 2555 2571 2570 2559
10871 4 2 1 3 2559 2469 2571 2564
10872 4 2 1 3 2559 2564 2571 2570
10873 4 2 1 3 922 2521 999 1003
10874 4 2 1 3 2521 172 370 2430
10875 4 2 1 3 999 370 53 1001
10876 4 2 1 3 1003 2430 1001 865
10877 4 2 1 3 2521 999 1003 2430
10878 4 2 1 3 2521 2430 370 999
10879 4 2 1 3 999 1003 2430 1001
10880 4 2 1 3 999 1001 2430 370
10881 4 2 1 3 187 2019 352 353
10882 4 2 1 3 2019 927 981 2020
10883 4 2 1 3 352 981 41 348
10884 4 2 1 3 353 2020 348 195
10885 4 2 1 3 2019 352 353 2020
10886 4 2 1 3 2019 2020 981 352
10887 4 2 1 3 352 353 2020 348
10888 4 2 1 3 352 348 2020 981
10889 4 2 1 3 1268 1595 2490 1439
10890 4 2 1 3 1595 1322 1480 1946
10891 4 2 1 3 2490 1480 1253 2462
10892 4 2 1 3 1439 1946 2462 1334
10893 4 2 1 3 1595 2490 1439 1946
10894 4 2 1 3 1595 1946 1480 2490
10895 4 2 1 3 2490 1439 1946 2462
10896 4 2 1 3 2490 2462 1946 1480
10897 4 2 1 3 197 841 465 2438
10898 4 2 1 3 841 244 839 2358
10899 4 2 1 3 465 839 196 2359
10900 4 2 1 3 2438 2358 2359 1335
10901 4 2 1 3 841 465 2438 2358
10902 4 2 1 3 841 2358 839 465
10903 4 2 1 3 465 2438 2358 2359
10904 4 2 1 3 465 2359 2358 839
10905 4 2 1 3 900 1105 1106 2451
10906 4 2 1 3 1105 866 994 2039
10907 4 2 1 3 1106 994 929 2527
10908 4 2 1 3 2451 2039 2527 1344
10909 4 2 1 3 1105 1106 2451 2039
10910 4 2 1 3 1105 2039 994 1106
10911 4 2 1 3 1106 2451 2039 2527
10912 4 2 1 3 1106 2527 2039 994
10913 4 2 1 3 255 1983 780 1984
10914 4 2 1 3 1983 1287 2534 1985
10915 4 2 1 3 780 2534 237 2528
10916 4 2 1 3 1984 1985 2528 1332
10917 4 2 1 3 1983 780 1984 1985
10918 4 2 1 3 1983 1985 2534 780
10919 4 2 1 3 780 1984 1985 2528
10920 4 2 1 3 780 2528 1985 2534
10921 4 2 1 3 939 1088 1086 2127
10922 4 2 1 3 1088 928 1021 2420
10923 4 2 1 3 1086 1021 861 2447
10924 4 2 1 3 2127 2420 2447 1330
10925 4 2 1 3 1088 1086 2127 2420
10926 4 2 1 3 1088 2420 1021 1086
10927 4 2 1 3 1086 2127 2420 2447
10928 4 2 1 3 1086 2447 2420 1021
10929 4 2 1 3 176 808 805 2360
10930 4 2 1 3 808 215 598 2503
10931 4 2 1 3 805 598 252 2538
10932 4 2 1 3 2360 2503 2538 1321
10933 4 2 1 3 808 805 2360 2503
10934 4 2 1 3 808 2503 598 805
10935 4 2 1 3 805 2360 2503 2538
10936 4 2 1 3 805 2538 2503 598
10937 4 2 1 3 59 1008 375 1010
10938 4 2 1 3 1008 857 2237 1012
10939 4 2 1 3 375 2237 189 2236
10940 4 2 1 3 1010 1012 2236 924
10941 4 2 1 3 1008 375 1010 1012
10942 4 2 1 3 1008 1012 2237 375
10943 4 2 1 3 375 1010 1012 2236
10944 4 2 1 3 375 2236 1012 2237
10945 4 2 1 3 212 648 649 2488
10946 4 2 1 3 648 132 647 1987
10947 4 2 1 3 649 647 127 2128
10948 4 2 1 3 2488 1987 2128 1304
10949 4 2 1 3 648 649 2488 1987
10950 4 2 1 3 648 1987 647 649
10951 4 2 1 3 649 2488 1987 2128
10952 4 2 1 3 649 2128 1987 647
10953 4 2 1 3 900 2333 2332 2451
10954 4 2 1 3 2333 1337 2016 2571
10955 4 2 1 3 2332 2016 1273 2041
10956 4 2 1 3 2451 2571 2041 1344
10957 4 2 1 3 2333 2332 2451 2571
10958 4 2 1 3 2333 2571 2016 2332
10959 4 2 1 3 2332 2451 2571 2041
10960 4 2 1 3 2332 2041 2571 2016
10961 4 2 1 3 203 845 848 2241
10962 4 2 1 3 845 204 849 2157
10963 4 2 1 3 848 849 234 2572
10964 4 2 1 3 2241 2157 2572 1333
10965 4 2 1 3 845 848 2241 2157
10966 4 2 1 3 845 2157 849 848
10967 4 2 1 3 848 2241 2157 2572
10968 4 2 1 3 848 2572 2157 849
10969 4 2 1 3 209 2196 562 2197
10970 4 2 1 3 2196 1312 2481 1958
10971 4 2 1 3 562 2481 112 2389
10972 4 2 1 3 2197 1958 2389 1342
10973 4 2 1 3 2196 562 2197 1958
10974 4 2 1 3 2196 1958 2481 562
10975 4 2 1 3 562 2197 1958 2389
10976 4 2 1 3 562 2389 1958 2481
10977 4 2 1 3 930 991 1047 2281
10978 4 2 1 3 991 866 1107 1980
10979 4 2 1 3 1047 1107 932 2014
10980 4 2 1 3 2281 1980 2014 1307
10981 4 2 1 3 991 1047 2281 1980
10982 4 2 1 3 991 1980 1107 1047
10983 4 2 1 3 1047 2281 1980 2014
10984 4 2 1 3 1047 2014 1980 1107
10985 4 2 1 3 874 1131 1141 1617
10986 4 2 1 3 1131 908 1142 1928
10987 4 2 1 3 1141 1142 894 1892
10988 4 2 1 3 1617 1928 1892 1301
10989 4 2 1 3 1131 1141 1617 1928
10990 4 2 1 3 1131 1928 1142 1141
10991 4 2 1 3 1141 1617 1928 1892
10992 4 2 1 3 1141 1892 1928 1142
10993 4 2 1 3 155 779 513 1886
10994 4 2 1 3 779 237 780 2534
10995 4 2 1 3 513 780 255 1983
10996 4 2 1 3 1886 2534 1983 1287
10997 4 2 1 3 779 513 1886 2534
10998 4 2 1 3 779 2534 780 513
10999 4 2 1 3 513 1886 2534 1983
11000 4 2 1 3 513 1983 2534 780
11001 4 2 1 3 938 1039 1054 2321
11002 4 2 1 3 1039 864 1099 2520
11003 4 2 1 3 1054 1099 918 2403
11004 4 2 1 3 2321 2520 2403 1319
11005 4 2 1 3 1039 1054 2321 2520
11006 4 2 1 3 1039 2520 1099 1054
11007 4 2 1 3 1054 2321 2520 2403
11008 4 2 1 3 1054 2403 2520 1099
11009 4 2 1 3 859 2423 2422 973
11010 4 2 1 3 2423 254 341 2573
11011 4 2 1 3 2422 341 85 2514
11012 4 2 1 3 973 2573 2514 941
11013 4 2 1 3 2423 2422 973 2573
11014 4 2 1 3 2423 2573 341 2422
11015 4 2 1 3 2422 973 2573 2514
11016 4 2 1 3 2422 2514 2573 341
11017 4 2 1 3 157 781 439 2536
11018 4 2 1 3 781 193 389 2517
11019 4 2 1 3 439 389 243 2419
11020 4 2 1 3 2536 2517 2419 1330
11021 4 2 1 3 781 439 2536 2517
11022 4 2 1 3 781 2517 389 439
11023 4 2 1 3 439 2536 2517 2419
11024 4 2 1 3 439 2419 2517 389
11025 4 2 1 3 872 1079 1080 1396
11026 4 2 1 3 1079 871 1078 1696
11027 4 2 1 3 1080 1078 860 2143
11028 4 2 1 3 1396 1696 2143 1286
11029 4 2 1 3 1079 1080 1396 1696
11030 4 2 1 3 1079 1696 1078 1080
11031 4 2 1 3 1080 1396 1696 2143
11032 4 2 1 3 1080 2143 1696 1078
11033 4 2 1 3 83 2305 373 374
11034 4 2 1 3 2305 923 1004 2431
11035 4 2 1 3 373 1004 55 369
11036 4 2 1 3 374 2431 369 172
11037 4 2 1 3 2305 373 374 2431
11038 4 2 1 3 2305 2431 1004 373
11039 4 2 1 3 373 374 2431 369
11040 4 2 1 3 373 369 2431 1004
11041 4 2 1 3 87 2343 390 2347
11042 4 2 1 3 2343 863 1025 1027
11043 4 2 1 3 390 1025 69 1023
11044 4 2 1 3 2347 1027 1023 921
11045 4 2 1 3 2343 390 2347 1027
11046 4 2 1 3 2343 1027 1025 390
11047 4 2 1 3 390 2347 1027 1023
11048 4 2 1 3 390 1023 1027 1025
11049 4 2 1 3 87 390 2343 395
11050 4 2 1 3 390 69 1025 394
11051 4 2 1 3 2343 1025 863 1937
11052 4 2 1 3 395 394 1937 170
11053 4 2 1 3 390 2343 395 394
11054 4 2 1 3 390 394 1025 2343
11055 4 2 1 3 2343 395 394 1937
11056 4 2 1 3 2343 1937 394 1025
11057 4 2 1 3 236 699 700 1856
11058 4 2 1 3 699 137 675 1778
11059 4 2 1 3 700 675 212 2488
11060 4 2 1 3 1856 1778 2488 1304
11061 4 2 1 3 699 700 1856 1778
11062 4 2 1 3 699 1778 675 700
11063 4 2 1 3 700 1856 1778 2488
11064 4 2 1 3 700 2488 1778 675
11065 4 2 1 3 176 805 800 2346
11066 4 2 1 3 805 252 804 2543
11067 4 2 1 3 800 804 175 2292
11068 4 2 1 3 2346 2543 2292 1305
11069 4 2 1 3 805 800 2346 2543
11070 4 2 1 3 805 2543 804 800
11071 4 2 1 3 800 2346 2543 2292
11072 4 2 1 3 800 2292 2543 804
11073 4 2 1 3 111 554 555 2435
11074 4 2 1 3 554 110 550 2445
11075 4 2 1 3 555 550 109 2107
11076 4 2 1 3 2435 2445 2107 1312
11077 4 2 1 3 554 555 2435 2445
11078 4 2 1 3 554 2445 550 555
11079 4 2 1 3 555 2435 2445 2107
11080 4 2 1 3 555 2107 2445 550
11081 4 2 1 3 199 842 768 2474
11082 4 2 1 3 842 222 462 2540
11083 4 2 1 3 768 462 198 2377
11084 4 2 1 3 2474 2540 2377 1341
11085 4 2 1 3 842 768 2474 2540
11086 4 2 1 3 842 2540 462 768
11087 4 2 1 3 768 2474 2540 2377
11088 4 2 1 3 768 2377 2540 462
11089 4 2 1 3 51 367 998 996
11090 4 2 1 3 367 96 2109 2108
11091 4 2 1 3 998 2109 922 1000
11092 4 2 1 3 996 2108 1000 858
11093 4 2 1 3 367 998 996 2108
11094 4 2 1 3 367 2108 2109 998
11095 4 2 1 3 998 996 2108 1000
11096 4 2 1 3 998 1000 2108 2109
11097 4 2 1 3 10 1914 9 1906
11098 4 2 1 3 1914 1302 2548 2058
11099 4 2 1 3 9 2548 8 2574
11100 4 2 1 3 1906 2058 2574 1341
11101 4 2 1 3 1914 9 1906 2058
11102 4 2 1 3 1914 2058 2548 9
11103 4 2 1 3 9 1906 2058 2574
11104 4 2 1 3 9 2574 2058 2548
11105 4 2 1 3 933 2531 1029 1033
11106 4 2 1 3 2531 178 400 2300
11107 4 2 1 3 1029 400 73 1031
11108 4 2 1 3 1033 2300 1031 855
11109 4 2 1 3 2531 1029 1033 2300
11110 4 2 1 3 2531 2300 400 1029
11111 4 2 1 3 1029 1033 2300 1031
11112 4 2 1 3 1029 1031 2300 400
11113 4 2 1 3 256 851 663 2285
11114 4 2 1 3 851 204 847 2158
11115 4 2 1 3 663 847 217 1614
11116 4 2 1 3 2285 2158 1614 1277
11117 4 2 1 3 851 663 2285 2158
11118 4 2 1 3 851 2158 847 663
11119 4 2 1 3 663 2285 2158 1614
11120 4 2 1 3 663 1614 2158 847
11121 4 2 1 3 1262 2130 1709 1959
11122 4 2 1 3 2130 1328 2477 2518
11123 4 2 1 3 1709 2477 1312 1958
11124 4 2 1 3 1959 2518 1958 1342
11125 4 2 1 3 2130 1709 1959 2518
11126 4 2 1 3 2130 2518 2477 1709
11127 4 2 1 3 1709 1959 2518 1958
11128 4 2 1 3 1709 1958 2518 2477
11129 4 2 1 3 886 1199 1176 2551
11130 4 2 1 3 1199 896 1198 2554
11131 4 2 1 3 1176 1198 887 2556
11132 4 2 1 3 2551 2554 2556 1337
11133 4 2 1 3 1199 1176 2551 2554
11134 4 2 1 3 1199 2554 1198 1176
11135 4 2 1 3 1176 2551 2554 2556
11136 4 2 1 3 1176 2556 2554 1198
11137 4 2 1 3 1251 2201 2499 2114
11138 4 2 1 3 2201 1318 2409 1787
11139 4 2 1 3 2499 2409 1271 2139
11140 4 2 1 3 2114 1787 2139 1324
11141 4 2 1 3 2201 2499 2114 1787
11142 4 2 1 3 2201 1787 2409 2499
11143 4 2 1 3 2499 2114 1787 2139
11144 4 2 1 3 2499 2139 1787 2409
11145 4 2 1 3 1266 1974 1971 1438
11146 4 2 1 3 1974 1314 1975 2478
11147 4 2 1 3 1971 1975 1291 2396
11148 4 2 1 3 1438 2478 2396 1334
11149 4 2 1 3 1974 1971 1438 2478
11150 4 2 1 3 1974 2478 1975 1971
11151 4 2 1 3 1971 1438 2478 2396
11152 4 2 1 3 1971 2396 2478 1975
11153 4 2 1 3 101 517 515 1737
11154 4 2 1 3 517 142 516 1845
11155 4 2 1 3 515 516 103 1712
11156 4 2 1 3 1737 1845 1712 1285
11157 4 2 1 3 517 515 1737 1845
11158 4 2 1 3 517 1845 516 515
11159 4 2 1 3 515 1737 1845 1712
11160 4 2 1 3 515 1712 1845 516
11161 4 2 1 3 233 2341 853 2340
11162 4 2 1 3 2341 1277 2285 1363
11163 4 2 1 3 853 2285 256 2407
11164 4 2 1 3 2340 1363 2407 1326
11165 4 2 1 3 2341 853 2340 1363
11166 4 2 1 3 2341 1363 2285 853
11167 4 2 1 3 853 2340 1363 2407
11168 4 2 1 3 853 2407 1363 2285
11169 4 2 1 3 90 290 291 1907
11170 4 2 1 3 290 10 9 1906
11171 4 2 1 3 291 9 8 2574
11172 4 2 1 3 1907 1906 2574 1341
11173 4 2 1 3 290 291 1907 1906
11174 4 2 1 3 290 1906 9 291
11175 4 2 1 3 291 1907 1906 2574
11176 4 2 1 3 291 2574 1906 9
11177 4 2 1 3 1273 1647 2253 2016
11178 4 2 1 3 1647 1252 2147 2429
11179 4 2 1 3 2253 2147 1321 2575
11180 4 2 1 3 2016 2429 2575 1337
11181 4 2 1 3 1647 2253 2016 2429
11182 4 2 1 3 1647 2429 2147 2253
11183 4 2 1 3 2253 2016 2429 2575
11184 4 2 1 3 2253 2575 2429 2147
11185 4 2 1 3 854 984 988 2276
11186 4 2 1 3 984 43 986 351
11187 4 2 1 3 988 986 930 2421
11188 4 2 1 3 2276 351 2421 187
11189 4 2 1 3 984 988 2276 351
11190 4 2 1 3 984 351 986 988
11191 4 2 1 3 988 2276 351 2421
11192 4 2 1 3 988 2421 351 986
11193 4 2 1 3 151 679 2293 2294
11194 4 2 1 3 679 150 2208 2175
11195 4 2 1 3 2293 2208 1310 2168
11196 4 2 1 3 2294 2175 2168 1327
11197 4 2 1 3 679 2293 2294 2175
11198 4 2 1 3 679 2175 2208 2293
11199 4 2 1 3 2293 2294 2175 2168
11200 4 2 1 3 2293 2168 2175 2208
11201 4 2 1 3 253 721 719 2410
11202 4 2 1 3 721 261 718 1527
11203 4 2 1 3 719 718 141 1969
11204 4 2 1 3 2410 1527 1969 1325
11205 4 2 1 3 721 719 2410 1527
11206 4 2 1 3 721 1527 718 719
11207 4 2 1 3 719 2410 1527 1969
11208 4 2 1 3 719 1969 1527 718
11209 4 2 1 3 1269 1433 1868 2078
11210 4 2 1 3 1433 1328 2130 2518
11211 4 2 1 3 1868 2130 1262 1959
11212 4 2 1 3 2078 2518 1959 1342
11213 4 2 1 3 1433 1868 2078 2518
11214 4 2 1 3 1433 2518 2130 1868
11215 4 2 1 3 1868 2078 2518 1959
11216 4 2 1 3 1868 1959 2518 2130
11217 4 2 1 3 892 1622 1224 1623
11218 4 2 1 3 1622 1300 1656 1474
11219 4 2 1 3 1224 1656 907 2459
11220 4 2 1 3 1623 1474 2459 1340
11221 4 2 1 3 1622 1224 1623 1474
11222 4 2 1 3 1622 1474 1656 1224
11223 4 2 1 3 1224 1623 1474 2459
11224 4 2 1 3 1224 2459 1474 1656
11225 4 2 1 3 871 1126 1100 1697
11226 4 2 1 3 1126 893 1128 1358
11227 4 2 1 3 1100 1128 918 2403
11228 4 2 1 3 1697 1358 2403 1319
11229 4 2 1 3 1126 1100 1697 1358
11230 4 2 1 3 1126 1358 1128 1100
11231 4 2 1 3 1100 1697 1358 2403
11232 4 2 1 3 1100 2403 1358 1128
11233 4 2 1 3 936 1051 1053 1789
11234 4 2 1 3 1051 855 1052 2223
11235 4 2 1 3 1053 1052 918 2402
11236 4 2 1 3 1789 2223 2402 1284
11237 4 2 1 3 1051 1053 1789 2223
11238 4 2 1 3 1051 2223 1052 1053
11239 4 2 1 3 1053 1789 2223 2402
11240 4 2 1 3 1053 2402 2223 1052
11241 4 2 1 3 150 762 679 2208
11242 4 2 1 3 762 159 761 2270
11243 4 2 1 3 679 761 151 2293
11244 4 2 1 3 2208 2270 2293 1310
11245 4 2 1 3 762 679 2208 2270
11246 4 2 1 3 762 2270 761 679
11247 4 2 1 3 679 2208 2270 2293
11248 4 2 1 3 679 2293 2270 761
11249 4 2 1 3 117 2011 599 2012
11250 4 2 1 3 2011 1305 2543 1837
11251 4 2 1 3 599 2543 252 2537
11252 4 2 1 3 2012 1837 2537 1317
11253 4 2 1 3 2011 599 2012 1837
11254 4 2 1 3 2011 1837 2543 599
11255 4 2 1 3 599 2012 1837 2537
11256 4 2 1 3 599 2537 1837 2543
11257 4 2 1 3 195 350 411 2386
11258 4 2 1 3 350 81 412 2507
11259 4 2 1 3 411 412 262 2415
11260 4 2 1 3 2386 2507 2415 1339
11261 4 2 1 3 350 411 2386 2507
11262 4 2 1 3 350 2507 412 411
11263 4 2 1 3 411 2386 2507 2415
11264 4 2 1 3 411 2415 2507 412
11265 4 2 1 3 145 738 740 1847
11266 4 2 1 3 738 157 436 2535
11267 4 2 1 3 740 436 161 2178
11268 4 2 1 3 1847 2535 2178 1297
11269 4 2 1 3 738 740 1847 2535
11270 4 2 1 3 738 2535 436 740
11271 4 2 1 3 740 1847 2535 2178
11272 4 2 1 3 740 2178 2535 436
11273 4 2 1 3 854 1041 985 2277
11274 4 2 1 3 1041 913 1044 2411
11275 4 2 1 3 985 1044 927 2023
11276 4 2 1 3 2277 2411 2023 1290
11277 4 2 1 3 1041 985 2277 2411
11278 4 2 1 3 1041 2411 1044 985
11279 4 2 1 3 985 2277 2411 2023
11280 4 2 1 3 985 2023 2411 1044
11281 4 2 1 3 1252 1699 2450 2429
11282 4 2 1 3 1699 1313 2203 2513
11283 4 2 1 3 2450 2203 1278 2555
11284 4 2 1 3 2429 2513 2555 1337
11285 4 2 1 3 1699 2450 2429 2513
11286 4 2 1 3 1699 2513 2203 2450
11287 4 2 1 3 2450 2429 2513 2555
11288 4 2 1 3 2450 2555 2513 2203
11289 4 2 1 3 37 977 975 346
11290 4 2 1 3 977 867 979 2505
11291 4 2 1 3 975 979 934 2506
11292 4 2 1 3 346 2505 2506 81
11293 4 2 1 3 977 975 346 2505
11294 4 2 1 3 977 2505 979 975
11295 4 2 1 3 975 346 2505 2506
11296 4 2 1 3 975 2506 2505 979
11297 4 2 1 3 172 370 371 2521
11298 4 2 1 3 370 53 366 999
11299 4 2 1 3 371 366 96 2109
11300 4 2 1 3 2521 999 2109 922
11301 4 2 1 3 370 371 2521 999
11302 4 2 1 3 370 999 366 371
11303 4 2 1 3 371 2521 999 2109
11304 4 2 1 3 371 2109 999 366
11305 4 2 1 3 923 1061 1103 2306
11306 4 2 1 3 1061 916 1244 2136
11307 4 2 1 3 1103 1244 940 2287
11308 4 2 1 3 2306 2136 2287 1316
11309 4 2 1 3 1061 1103 2306 2136
11310 4 2 1 3 1061 2136 1244 1103
11311 4 2 1 3 1103 2306 2136 2287
11312 4 2 1 3 1103 2287 2136 1244
11313 4 2 1 3 903 1242 1214 2298
11314 4 2 1 3 1242 916 1241 2138
11315 4 2 1 3 1214 1241 898 2289
11316 4 2 1 3 2298 2138 2289 1324
11317 4 2 1 3 1242 1214 2298 2138
11318 4 2 1 3 1242 2138 1241 1214
11319 4 2 1 3 1214 2298 2138 2289
11320 4 2 1 3 1214 2289 2138 1241
11321 4 2 1 3 84 425 2509 2510
11322 4 2 1 3 425 235 2038 2296
11323 4 2 1 3 2509 2038 1292 1841
11324 4 2 1 3 2510 2296 1841 1329
11325 4 2 1 3 425 2509 2510 2296
11326 4 2 1 3 425 2296 2038 2509
11327 4 2 1 3 2509 2510 2296 1841
11328 4 2 1 3 2509 1841 2296 2038
11329 4 2 1 3 91 2567 2563 2504
11330 4 2 1 3 2567 925 964 2394
11331 4 2 1 3 2563 964 856 2576
11332 4 2 1 3 2504 2394 2576 1335
11333 4 2 1 3 2567 2563 2504 2394
11334 4 2 1 3 2567 2394 964 2563
11335 4 2 1 3 2563 2504 2394 2576
11336 4 2 1 3 2563 2576 2394 964
11337 4 2 1 3 196 331 332 2566
11338 4 2 1 3 331 27 327 962
11339 4 2 1 3 332 327 91 2567
11340 4 2 1 3 2566 962 2567 925
11341 4 2 1 3 331 332 2566 962
11342 4 2 1 3 331 962 327 332
11343 4 2 1 3 332 2566 962 2567
11344 4 2 1 3 332 2567 962 327
11345 4 2 1 3 131 640 638 2212
11346 4 2 1 3 640 205 629 2031
11347 4 2 1 3 638 629 125 2032
11348 4 2 1 3 2212 2031 2032 1309
11349 4 2 1 3 640 638 2212 2031
11350 4 2 1 3 640 2031 629 638
11351 4 2 1 3 638 2212 2031 2032
11352 4 2 1 3 638 2032 2031 629
11353 4 2 1 3 1321 2575 2361 2476
11354 4 2 1 3 2575 1337 2555 2571
11355 4 2 1 3 2361 2555 1278 2469
11356 4 2 1 3 2476 2571 2469 1344
11357 4 2 1 3 2575 2361 2476 2571
11358 4 2 1 3 2575 2571 2555 2361
11359 4 2 1 3 2361 2476 2571 2469
11360 4 2 1 3 2361 2469 2571 2555
11361 4 2 1 3 45 987 354 358
11362 4 2 1 3 987 930 2279 2278
11363 4 2 1 3 354 2279 94 359
11364 4 2 1 3 358 2278 359 181
11365 4 2 1 3 987 354 358 2278
11366 4 2 1 3 987 2278 2279 354
11367 4 2 1 3 354 358 2278 359
11368 4 2 1 3 354 359 2278 2279
11369 4 2 1 3 1273 2016 2253 2041
11370 4 2 1 3 2016 1337 2575 2571
11371 4 2 1 3 2253 2575 1321 2476
11372 4 2 1 3 2041 2571 2476 1344
11373 4 2 1 3 2016 2253 2041 2571
11374 4 2 1 3 2016 2571 2575 2253
11375 4 2 1 3 2253 2041 2571 2476
11376 4 2 1 3 2253 2476 2571 2575
11377 4 2 1 3 181 357 1977 362
11378 4 2 1 3 357 47 990 361
11379 4 2 1 3 1977 990 866 2486
11380 4 2 1 3 362 361 2486 82
11381 4 2 1 3 357 1977 362 361
11382 4 2 1 3 357 361 990 1977
11383 4 2 1 3 1977 362 361 2486
11384 4 2 1 3 1977 2486 361 990
11385 4 2 1 3 23 325 956 321
11386 4 2 1 3 325 191 2117 326
11387 4 2 1 3 956 2117 926 2116
11388 4 2 1 3 321 326 2116 97
11389 4 2 1 3 325 956 321 326
11390 4 2 1 3 325 326 2117 956
11391 4 2 1 3 956 321 326 2116
11392 4 2 1 3 956 2116 326 2117
11393 4 2 1 3 1289 1901 2198 2482
11394 4 2 1 3 1901 1311 2315 2234
11395 4 2 1 3 2198 2315 1251 2173
11396 4 2 1 3 2482 2234 2173 1312
11397 4 2 1 3 1901 2198 2482 2234
11398 4 2 1 3 1901 2234 2315 2198
11399 4 2 1 3 2198 2482 2234 2173
11400 4 2 1 3 2198 2173 2234 2315
11401 4 2 1 3 97 1768 322 2577
11402 4 2 1 3 1768 868 953 955
11403 4 2 1 3 322 953 21 951
11404 4 2 1 3 2577 955 951 931
11405 4 2 1 3 1768 322 2577 955
11406 4 2 1 3 1768 955 953 322
11407 4 2 1 3 322 2577 955 951
11408 4 2 1 3 322 951 955 953
11409 4 2 1 3 898 1213 1214 2460
11410 4 2 1 3 1213 889 1215 1783
11411 4 2 1 3 1214 1215 903 2558
11412 4 2 1 3 2460 1783 2558 1318
11413 4 2 1 3 1213 1214 2460 1783
11414 4 2 1 3 1213 1783 1215 1214
11415 4 2 1 3 1214 2460 1783 2558
11416 4 2 1 3 1214 2558 1783 1215
11417 4 2 1 3 210 686 687 1561
11418 4 2 1 3 686 135 671 1819
11419 4 2 1 3 687 671 136 2084
11420 4 2 1 3 1561 1819 2084 1282
11421 4 2 1 3 686 687 1561 1819
11422 4 2 1 3 686 1819 671 687
11423 4 2 1 3 687 1561 1819 2084
11424 4 2 1 3 687 2084 1819 671
11425 4 2 1 3 199 768 769 2471
11426 4 2 1 3 768 198 288 2374
11427 4 2 1 3 769 288 152 2244
11428 4 2 1 3 2471 2374 2244 1319
11429 4 2 1 3 768 769 2471 2374
11430 4 2 1 3 768 2374 288 769
11431 4 2 1 3 769 2471 2374 2244
11432 4 2 1 3 769 2244 2374 288
11433 4 2 1 3 903 1214 2558 2298
11434 4 2 1 3 1214 898 2460 2289
11435 4 2 1 3 2558 2460 1318 1787
11436 4 2 1 3 2298 2289 1787 1324
11437 4 2 1 3 1214 2558 2298 2289
11438 4 2 1 3 1214 2289 2460 2558
11439 4 2 1 3 2558 2298 2289 1787
11440 4 2 1 3 2558 1787 2289 2460
11441 4 2 1 3 126 642 637 2319
11442 4 2 1 3 642 133 641 2268
11443 4 2 1 3 637 641 127 2193
11444 4 2 1 3 2319 2268 2193 1291
11445 4 2 1 3 642 637 2319 2268
11446 4 2 1 3 642 2268 641 637
11447 4 2 1 3 637 2319 2268 2193
11448 4 2 1 3 637 2193 2268 641
11449 4 2 1 3 927 2546 980 2020
11450 4 2 1 3 2546 81 345 350
11451 4 2 1 3 980 345 39 349
11452 4 2 1 3 2020 350 349 195
11453 4 2 1 3 2546 980 2020 350
11454 4 2 1 3 2546 350 345 980
11455 4 2 1 3 980 2020 350 349
11456 4 2 1 3 980 349 350 345
11457 4 2 1 3 113 564 565 2182
11458 4 2 1 3 564 112 560 2388
11459 4 2 1 3 565 560 111 2496
11460 4 2 1 3 2182 2388 2496 1289
11461 4 2 1 3 564 565 2182 2388
11462 4 2 1 3 564 2388 560 565
11463 4 2 1 3 565 2182 2388 2496
11464 4 2 1 3 565 2496 2388 560
11465 4 2 1 3 94 356 481 2280
11466 4 2 1 3 356 187 482 2369
11467 4 2 1 3 481 482 183 2371
11468 4 2 1 3 2280 2369 2371 1307
11469 4 2 1 3 356 481 2280 2369
11470 4 2 1 3 356 2369 482 481
11471 4 2 1 3 481 2280 2369 2371
11472 4 2 1 3 481 2371 2369 482
11473 4 2 1 3 942 2570 1240 2564
11474 4 2 1 3 2570 1337 2333 2571
11475 4 2 1 3 1240 2333 900 2451
11476 4 2 1 3 2564 2571 2451 1344
11477 4 2 1 3 2570 1240 2564 2571
11478 4 2 1 3 2570 2571 2333 1240
11479 4 2 1 3 1240 2564 2571 2451
11480 4 2 1 3 1240 2451 2571 2333
11481 4 2 1 3 214 416 492 2467
11482 4 2 1 3 416 226 803 2512
11483 4 2 1 3 492 803 174 2511
11484 4 2 1 3 2467 2512 2511 1344
11485 4 2 1 3 416 492 2467 2512
11486 4 2 1 3 416 2512 803 492
11487 4 2 1 3 492 2467 2512 2511
11488 4 2 1 3 492 2511 2512 803
11489 4 2 1 3 905 1223 1152 1669
11490 4 2 1 3 1223 892 1192 1622
11491 4 2 1 3 1152 1192 904 1476
11492 4 2 1 3 1669 1622 1476 1300
11493 4 2 1 3 1223 1152 1669 1622
11494 4 2 1 3 1223 1622 1192 1152
11495 4 2 1 3 1152 1669 1622 1476
11496 4 2 1 3 1152 1476 1622 1192
11497 4 2 1 3 238 379 380 1663
11498 4 2 1 3 379 59 375 1010
11499 4 2 1 3 380 375 189 2236
11500 4 2 1 3 1663 1010 2236 924
11501 4 2 1 3 379 380 1663 1010
11502 4 2 1 3 379 1010 375 380
11503 4 2 1 3 380 1663 1010 2236
11504 4 2 1 3 380 2236 1010 375
11505 4 2 1 3 915 1042 1043 1580
11506 4 2 1 3 1042 913 1041 2411
11507 4 2 1 3 1043 1041 854 2277
11508 4 2 1 3 1580 2411 2277 1290
11509 4 2 1 3 1042 1043 1580 2411
11510 4 2 1 3 1042 2411 1041 1043
11511 4 2 1 3 1043 1580 2411 2277
11512 4 2 1 3 1043 2277 2411 1041
11513 4 2 1 3 112 562 559 2481
11514 4 2 1 3 562 209 561 2196
11515 4 2 1 3 559 561 110 2445
11516 4 2 1 3 2481 2196 2445 1312
11517 4 2 1 3 562 559 2481 2196
11518 4 2 1 3 562 2196 561 559
11519 4 2 1 3 559 2481 2196 2445
11520 4 2 1 3 559 2445 2196 561
11521 4 2 1 3 229 725 784 1605
11522 4 2 1 3 725 171 445 2484
11523 4 2 1 3 784 445 257 2379
11524 4 2 1 3 1605 2484 2379 1295
11525 4 2 1 3 725 784 1605 2484
11526 4 2 1 3 725 2484 445 784
11527 4 2 1 3 784 1605 2484 2379
11528 4 2 1 3 784 2379 2484 445
11529 4 2 1 3 243 386 439 2418
11530 4 2 1 3 386 86 438 2049
11531 4 2 1 3 439 438 157 2535
11532 4 2 1 3 2418 2049 2535 1297
11533 4 2 1 3 386 439 2418 2049
11534 4 2 1 3 386 2049 438 439
11535 4 2 1 3 439 2418 2049 2535
11536 4 2 1 3 439 2535 2049 438
11537 4 2 1 3 98 468 498 2092
11538 4 2 1 3 468 99 499 1763
11539 4 2 1 3 498 499 100 1794
11540 4 2 1 3 2092 1763 1794 1279
11541 4 2 1 3 468 498 2092 1763
11542 4 2 1 3 468 1763 499 498
11543 4 2 1 3 498 2092 1763 1794
11544 4 2 1 3 498 1794 1763 499
11545 4 2 1 3 897 1208 1209 1968
11546 4 2 1 3 1208 888 1180 1877
11547 4 2 1 3 1209 1180 889 1783
11548 4 2 1 3 1968 1877 1783 1318
11549 4 2 1 3 1208 1209 1968 1877
11550 4 2 1 3 1208 1877 1180 1209
11551 4 2 1 3 1209 1968 1877 1783
11552 4 2 1 3 1209 1783 1877 1180
11553 4 2 1 3 2 276 272 2120
11554 4 2 1 3 276 233 275 2340
11555 4 2 1 3 272 275 194 2524
11556 4 2 1 3 2120 2340 2524 1326
11557 4 2 1 3 276 272 2120 2340
11558 4 2 1 3 276 2340 275 272
11559 4 2 1 3 272 2120 2340 2524
11560 4 2 1 3 272 2524 2340 275
11561 4 2 1 3 248 833 837 2328
11562 4 2 1 3 833 190 836 2286
11563 4 2 1 3 837 836 232 2252
11564 4 2 1 3 2328 2286 2252 1316
11565 4 2 1 3 833 837 2328 2286
11566 4 2 1 3 833 2286 836 837
11567 4 2 1 3 837 2328 2286 2252
11568 4 2 1 3 837 2252 2286 836
11569 4 2 1 3 183 818 480 2371
11570 4 2 1 3 818 184 817 1766
11571 4 2 1 3 480 817 182 2046
11572 4 2 1 3 2371 1766 2046 1307
11573 4 2 1 3 818 480 2371 1766
11574 4 2 1 3 818 1766 817 480
11575 4 2 1 3 480 2371 1766 2046
11576 4 2 1 3 480 2046 1766 817
11577 4 2 1 3 39 978 345 980
11578 4 2 1 3 978 867 2505 982
11579 4 2 1 3 345 2505 81 2546
11580 4 2 1 3 980 982 2546 927
11581 4 2 1 3 978 345 980 982
11582 4 2 1 3 978 982 2505 345
11583 4 2 1 3 345 980 982 2546
11584 4 2 1 3 345 2546 982 2505
11585 4 2 1 3 886 1174 1185 2550
11586 4 2 1 3 1174 883 1186 2090
11587 4 2 1 3 1185 1186 901 1449
11588 4 2 1 3 2550 2090 1449 1293
11589 4 2 1 3 1174 1185 2550 2090
11590 4 2 1 3 1174 2090 1186 1185
11591 4 2 1 3 1185 2550 2090 1449
11592 4 2 1 3 1185 1449 2090 1186
11593 4 2 1 3 206 729 523 1758
11594 4 2 1 3 729 207 778 2099
11595 4 2 1 3 523 778 155 1886
11596 4 2 1 3 1758 2099 1886 1287
11597 4 2 1 3 729 523 1758 2099
11598 4 2 1 3 729 2099 778 523
11599 4 2 1 3 523 1758 2099 1886
11600 4 2 1 3 523 1886 2099 778
11601 4 2 1 3 82 365 2526 2487
11602 4 2 1 3 365 214 2578 2467
11603 4 2 1 3 2526 2578 929 2527
11604 4 2 1 3 2487 2467 2527 1344
11605 4 2 1 3 365 2526 2487 2467
11606 4 2 1 3 365 2467 2578 2526
11607 4 2 1 3 2526 2487 2467 2527
11608 4 2 1 3 2526 2527 2467 2578
11609 4 2 1 3 896 1239 1238 2436
11610 4 2 1 3 1239 942 1069 2559
11611 4 2 1 3 1238 1069 935 2204
11612 4 2 1 3 2436 2559 2204 1278
11613 4 2 1 3 1239 1238 2436 2559
11614 4 2 1 3 1239 2559 1069 1238
11615 4 2 1 3 1238 2436 2559 2204
11616 4 2 1 3 1238 2204 2559 1069
11617 4 2 1 3 929 994 992 2526
11618 4 2 1 3 994 866 990 2486
11619 4 2 1 3 992 990 47 361
11620 4 2 1 3 2526 2486 361 82
11621 4 2 1 3 994 992 2526 2486
11622 4 2 1 3 994 2486 990 992
11623 4 2 1 3 992 2526 2486 361
11624 4 2 1 3 992 361 2486 990
11625 4 2 1 3 896 1239 2436 2554
11626 4 2 1 3 1239 942 2559 2570
11627 4 2 1 3 2436 2559 1278 2555
11628 4 2 1 3 2554 2570 2555 1337
11629 4 2 1 3 1239 2436 2554 2570
11630 4 2 1 3 1239 2570 2559 2436
11631 4 2 1 3 2436 2554 2570 2555
11632 4 2 1 3 2436 2555 2570 2559
11633 4 2 1 3 893 1228 1128 1534
11634 4 2 1 3 1228 936 1053 1789
11635 4 2 1 3 1128 1053 918 2402
11636 4 2 1 3 1534 1789 2402 1284
11637 4 2 1 3 1228 1128 1534 1789
11638 4 2 1 3 1228 1789 1053 1128
11639 4 2 1 3 1128 1534 1789 2402
11640 4 2 1 3 1128 2402 1789 1053
11641 4 2 1 3 929 993 2578 2526
11642 4 2 1 3 993 49 364 360
11643 4 2 1 3 2578 364 214 365
11644 4 2 1 3 2526 360 365 82
11645 4 2 1 3 993 2578 2526 360
11646 4 2 1 3 993 360 364 2578
11647 4 2 1 3 2578 2526 360 365
11648 4 2 1 3 2578 365 360 364
11649 4 2 1 3 929 2578 997 2527
11650 4 2 1 3 2578 214 2336 2467
11651 4 2 1 3 997 2336 858 2468
11652 4 2 1 3 2527 2467 2468 1344
11653 4 2 1 3 2578 997 2527 2467
11654 4 2 1 3 2578 2467 2336 997
11655 4 2 1 3 997 2527 2467 2468
11656 4 2 1 3 997 2468 2467 2336
11657 4 2 1 3 201 635 660 2466
11658 4 2 1 3 635 129 658 2206
11659 4 2 1 3 660 658 200 1454
11660 4 2 1 3 2466 2206 1454 1314
11661 4 2 1 3 635 660 2466 2206
11662 4 2 1 3 635 2206 658 660
11663 4 2 1 3 660 2466 2206 1454
11664 4 2 1 3 660 1454 2206 658
11665 4 2 1 3 205 662 630 1865
11666 4 2 1 3 662 231 661 2579
11667 4 2 1 3 630 661 130 1618
11668 4 2 1 3 1865 2579 1618 1326
11669 4 2 1 3 662 630 1865 2579
11670 4 2 1 3 662 2579 661 630
11671 4 2 1 3 630 1865 2579 1618
11672 4 2 1 3 630 1618 2579 661
11673 4 2 1 3 928 2416 1017 1021
11674 4 2 1 3 2416 243 384 2446
11675 4 2 1 3 1017 384 65 1019
11676 4 2 1 3 1021 2446 1019 861
11677 4 2 1 3 2416 1017 1021 2446
11678 4 2 1 3 2416 2446 384 1017
11679 4 2 1 3 1017 1021 2446 1019
11680 4 2 1 3 1017 1019 2446 384
11681 4 2 1 3 139 706 708 1641
11682 4 2 1 3 706 147 709 1945
11683 4 2 1 3 708 709 148 1908
11684 4 2 1 3 1641 1945 1908 1280
11685 4 2 1 3 706 708 1641 1945
11686 4 2 1 3 706 1945 709 708
11687 4 2 1 3 708 1641 1945 1908
11688 4 2 1 3 708 1908 1945 709
11689 4 2 1 3 856 2563 960 964
11690 4 2 1 3 2563 91 327 2567
11691 4 2 1 3 960 327 27 962
11692 4 2 1 3 964 2567 962 925
11693 4 2 1 3 2563 960 964 2567
11694 4 2 1 3 2563 2567 327 960
11695 4 2 1 3 960 964 2567 962
11696 4 2 1 3 960 962 2567 327
11697 4 2 1 3 86 437 438 2049
11698 4 2 1 3 437 161 436 2178
11699 4 2 1 3 438 436 157 2535
11700 4 2 1 3 2049 2178 2535 1297
11701 4 2 1 3 437 438 2049 2178
11702 4 2 1 3 437 2178 436 438
11703 4 2 1 3 438 2049 2178 2535
11704 4 2 1 3 438 2535 2178 436
11705 4 2 1 3 231 665 661 2579
11706 4 2 1 3 665 256 664 2407
11707 4 2 1 3 661 664 130 1618
11708 4 2 1 3 2579 2407 1618 1326
11709 4 2 1 3 665 661 2579 2407
11710 4 2 1 3 665 2407 664 661
11711 4 2 1 3 661 2579 2407 1618
11712 4 2 1 3 661 1618 2407 664
11713 4 2 1 3 191 497 464 2119
11714 4 2 1 3 497 241 777 2349
11715 4 2 1 3 464 777 227 2392
11716 4 2 1 3 2119 2349 2392 1294
11717 4 2 1 3 497 464 2119 2349
11718 4 2 1 3 497 2349 777 464
11719 4 2 1 3 464 2119 2349 2392
11720 4 2 1 3 464 2392 2349 777
11721 4 2 1 3 81 2506 346 347
11722 4 2 1 3 2506 934 975 2493
11723 4 2 1 3 346 975 37 342
11724 4 2 1 3 347 2493 342 180
11725 4 2 1 3 2506 346 347 2493
11726 4 2 1 3 2506 2493 975 346
11727 4 2 1 3 346 347 2493 342
11728 4 2 1 3 346 342 2493 975
11729 4 2 1 3 222 842 720 2539
11730 4 2 1 3 842 199 843 2473
11731 4 2 1 3 720 843 253 2410
11732 4 2 1 3 2539 2473 2410 1325
11733 4 2 1 3 842 720 2539 2473
11734 4 2 1 3 842 2473 843 720
11735 4 2 1 3 720 2539 2473 2410
11736 4 2 1 3 720 2410 2473 843
11737 4 2 1 3 1289 2482 2198 1701
11738 4 2 1 3 2482 1312 2173 2477
11739 4 2 1 3 2198 2173 1251 2199
11740 4 2 1 3 1701 2477 2199 1328
11741 4 2 1 3 2482 2198 1701 2477
11742 4 2 1 3 2482 2477 2173 2198
11743 4 2 1 3 2198 1701 2477 2199
11744 4 2 1 3 2198 2199 2477 2173
11745 4 2 1 3 1278 2361 2450 2555
11746 4 2 1 3 2361 1321 2147 2575
11747 4 2 1 3 2450 2147 1252 2429
11748 4 2 1 3 2555 2575 2429 1337
11749 4 2 1 3 2361 2450 2555 2575
11750 4 2 1 3 2361 2575 2147 2450
11751 4 2 1 3 2450 2555 2575 2429
11752 4 2 1 3 2450 2429 2575 2147
11753 4 2 1 3 185 656 625 2522
11754 4 2 1 3 656 184 657 1767
11755 4 2 1 3 625 657 129 2062
11756 4 2 1 3 2522 1767 2062 1323
11757 4 2 1 3 656 625 2522 1767
11758 4 2 1 3 656 1767 657 625
11759 4 2 1 3 625 2522 1767 2062
11760 4 2 1 3 625 2062 1767 657
11761 4 2 1 3 61 378 382 1011
11762 4 2 1 3 378 238 383 1663
11763 4 2 1 3 382 383 86 1816
11764 4 2 1 3 1011 1663 1816 924
11765 4 2 1 3 378 382 1011 1663
11766 4 2 1 3 378 1663 383 382
11767 4 2 1 3 382 1011 1663 1816
11768 4 2 1 3 382 1816 1663 383
11769 4 2 1 3 1275 1834 1644 1659
11770 4 2 1 3 1834 1253 1382 1387
11771 4 2 1 3 1644 1382 1323 1388
11772 4 2 1 3 1659 1387 1388 1346
11773 4 2 1 3 1834 1644 1659 1387
11774 4 2 1 3 1834 1387 1382 1644
11775 4 2 1 3 1644 1659 1387 1388
11776 4 2 1 3 1644 1388 1387 1382
11777 4 2 1 3 57 1005 372 376
11778 4 2 1 3 1005 923 2305 2560
11779 4 2 1 3 372 2305 83 377
11780 4 2 1 3 376 2560 377 189
11781 4 2 1 3 1005 372 376 2560
11782 4 2 1 3 1005 2560 2305 372
11783 4 2 1 3 372 376 2560 377
11784 4 2 1 3 372 377 2560 2305
11785 4 2 1 3 87 446 444 2344
11786 4 2 1 3 446 257 445 2379
11787 4 2 1 3 444 445 171 2484
11788 4 2 1 3 2344 2379 2484 1295
11789 4 2 1 3 446 444 2344 2379
11790 4 2 1 3 446 2379 445 444
11791 4 2 1 3 444 2344 2379 2484
11792 4 2 1 3 444 2484 2379 445
11793 4 2 1 3 117 585 599 2011
11794 4 2 1 3 585 216 600 2267
11795 4 2 1 3 599 600 252 2543
11796 4 2 1 3 2011 2267 2543 1305
11797 4 2 1 3 585 599 2011 2267
11798 4 2 1 3 585 2267 600 599
11799 4 2 1 3 599 2011 2267 2543
11800 4 2 1 3 599 2543 2267 600
11801 4 2 1 3 196 335 330 2566
11802 4 2 1 3 335 192 334 2580
11803 4 2 1 3 330 334 29 963
11804 4 2 1 3 2566 2580 963 925
11805 4 2 1 3 335 330 2566 2580
11806 4 2 1 3 335 2580 334 330
11807 4 2 1 3 330 2566 2580 963
11808 4 2 1 3 330 963 2580 334
11809 4 2 1 3 868 954 958 1768
11810 4 2 1 3 954 23 956 321
11811 4 2 1 3 958 956 926 2116
11812 4 2 1 3 1768 321 2116 97
11813 4 2 1 3 954 958 1768 321
11814 4 2 1 3 954 321 956 958
11815 4 2 1 3 958 1768 321 2116
11816 4 2 1 3 958 2116 321 956
11817 4 2 1 3 892 1224 1221 1623
11818 4 2 1 3 1224 907 1226 2459
11819 4 2 1 3 1221 1226 910 2439
11820 4 2 1 3 1623 2459 2439 1340
11821 4 2 1 3 1224 1221 1623 2459
11822 4 2 1 3 1224 2459 1226 1221
11823 4 2 1 3 1221 1623 2459 2439
11824 4 2 1 3 1221 2439 2459 1226
11825 4 2 1 3 260 459 315 2216
11826 4 2 1 3 459 98 503 2284
11827 4 2 1 3 315 503 169 2547
11828 4 2 1 3 2216 2284 2547 1332
11829 4 2 1 3 459 315 2216 2284
11830 4 2 1 3 459 2284 503 315
11831 4 2 1 3 315 2216 2284 2547
11832 4 2 1 3 315 2547 2284 503
11833 4 2 1 3 913 1216 1217 2412
11834 4 2 1 3 1216 890 1188 2141
11835 4 2 1 3 1217 1188 891 2317
11836 4 2 1 3 2412 2141 2317 1322
11837 4 2 1 3 1216 1217 2412 2141
11838 4 2 1 3 1216 2141 1188 1217
11839 4 2 1 3 1217 2412 2141 2317
11840 4 2 1 3 1217 2317 2141 1188
11841 4 2 1 3 854 985 983 2276
11842 4 2 1 3 985 927 981 2019
11843 4 2 1 3 983 981 41 352
11844 4 2 1 3 2276 2019 352 187
11845 4 2 1 3 985 983 2276 2019
11846 4 2 1 3 985 2019 981 983
11847 4 2 1 3 983 2276 2019 352
11848 4 2 1 3 983 352 2019 981
11849 4 2 1 3 1278 2260 2450 2361
11850 4 2 1 3 2260 1305 2449 2362
11851 4 2 1 3 2450 2449 1252 2147
11852 4 2 1 3 2361 2362 2147 1321
11853 4 2 1 3 2260 2450 2361 2362
11854 4 2 1 3 2260 2362 2449 2450
11855 4 2 1 3 2450 2361 2362 2147
11856 4 2 1 3 2450 2147 2362 2449
11857 4 2 1 3 192 838 434 2581
11858 4 2 1 3 838 244 736 2544
11859 4 2 1 3 434 736 228 2381
11860 4 2 1 3 2581 2544 2381 1345
11861 4 2 1 3 838 434 2581 2544
11862 4 2 1 3 838 2544 736 434
11863 4 2 1 3 434 2581 2544 2381
11864 4 2 1 3 434 2381 2544 736
11865 4 2 1 3 867 1110 979 2508
11866 4 2 1 3 1110 919 1075 2325
11867 4 2 1 3 979 1075 934 2494
11868 4 2 1 3 2508 2325 2494 1339
11869 4 2 1 3 1110 979 2508 2325
11870 4 2 1 3 1110 2325 1075 979
11871 4 2 1 3 979 2508 2325 2494
11872 4 2 1 3 979 2494 2325 1075
11873 4 2 1 3 858 995 2336 997
11874 4 2 1 3 995 49 364 993
11875 4 2 1 3 2336 364 214 2578
11876 4 2 1 3 997 993 2578 929
11877 4 2 1 3 995 2336 997 993
11878 4 2 1 3 995 993 364 2336
11879 4 2 1 3 2336 997 993 2578
11880 4 2 1 3 2336 2578 993 364
11881 4 2 1 3 102 510 514 1831
11882 4 2 1 3 510 101 515 1737
11883 4 2 1 3 514 515 103 1712
11884 4 2 1 3 1831 1737 1712 1285
11885 4 2 1 3 510 514 1831 1737
11886 4 2 1 3 510 1737 515 514
11887 4 2 1 3 514 1831 1737 1712
11888 4 2 1 3 514 1712 1737 515
11889 4 2 1 3 211 547 548 2081
11890 4 2 1 3 547 107 539 1807
11891 4 2 1 3 548 539 145 1884
11892 4 2 1 3 2081 1807 1884 1298
11893 4 2 1 3 547 548 2081 1807
11894 4 2 1 3 547 1807 539 548
11895 4 2 1 3 548 2081 1807 1884
11896 4 2 1 3 548 1884 1807 539
11897 4 2 1 3 923 1005 1009 2560
11898 4 2 1 3 1005 57 1007 376
11899 4 2 1 3 1009 1007 857 2237
11900 4 2 1 3 2560 376 2237 189
11901 4 2 1 3 1005 1009 2560 376
11902 4 2 1 3 1005 376 1007 1009
11903 4 2 1 3 1009 2560 376 2237
11904 4 2 1 3 1009 2237 376 1007
11905 4 2 1 3 864 2568 2557 2520
11906 4 2 1 3 2568 223 408 2569
11907 4 2 1 3 2557 408 250 1894
11908 4 2 1 3 2520 2569 1894 1319
11909 4 2 1 3 2568 2557 2520 2569
11910 4 2 1 3 2568 2569 408 2557
11911 4 2 1 3 2557 2520 2569 1894
11912 4 2 1 3 2557 1894 2569 408
11913 4 2 1 3 239 850 454 2134
11914 4 2 1 3 850 203 848 2241
11915 4 2 1 3 454 848 234 2572
11916 4 2 1 3 2134 2241 2572 1333
11917 4 2 1 3 850 454 2134 2241
11918 4 2 1 3 850 2241 848 454
11919 4 2 1 3 454 2134 2241 2572
11920 4 2 1 3 454 2572 2241 848
11921 4 2 1 3 113 570 564 2182
11922 4 2 1 3 570 114 569 1809
11923 4 2 1 3 564 569 112 2388
11924 4 2 1 3 2182 1809 2388 1289
11925 4 2 1 3 570 564 2182 1809
11926 4 2 1 3 570 1809 569 564
11927 4 2 1 3 564 2182 1809 2388
11928 4 2 1 3 564 2388 1809 569
11929 4 2 1 3 930 987 991 2278
11930 4 2 1 3 987 45 989 358
11931 4 2 1 3 991 989 866 1977
11932 4 2 1 3 2278 358 1977 181
11933 4 2 1 3 987 991 2278 358
11934 4 2 1 3 987 358 989 991
11935 4 2 1 3 991 2278 358 1977
11936 4 2 1 3 991 1977 358 989
11937 4 2 1 3 900 1201 1202 2333
11938 4 2 1 3 1201 886 1185 2551
11939 4 2 1 3 1202 1185 901 2015
11940 4 2 1 3 2333 2551 2015 1337
11941 4 2 1 3 1201 1202 2333 2551
11942 4 2 1 3 1201 2551 1185 1202
11943 4 2 1 3 1202 2333 2551 2015
11944 4 2 1 3 1202 2015 2551 1185
11945 4 2 1 3 205 2031 670 1865
11946 4 2 1 3 2031 1309 2373 1742
11947 4 2 1 3 670 2373 146 2545
11948 4 2 1 3 1865 1742 2545 1326
11949 4 2 1 3 2031 670 1865 1742
11950 4 2 1 3 2031 1742 2373 670
11951 4 2 1 3 670 1865 1742 2545
11952 4 2 1 3 670 2545 1742 2373
11953 4 2 1 3 96 367 368 2108
11954 4 2 1 3 367 51 363 996
11955 4 2 1 3 368 363 214 2336
11956 4 2 1 3 2108 996 2336 858
11957 4 2 1 3 367 368 2108 996
11958 4 2 1 3 367 996 363 368
11959 4 2 1 3 368 2108 996 2336
11960 4 2 1 3 368 2336 996 363
11961 4 2 1 3 136 693 687 2084
11962 4 2 1 3 693 139 695 1558
11963 4 2 1 3 687 695 210 1561
11964 4 2 1 3 2084 1558 1561 1282
11965 4 2 1 3 693 687 2084 1558
11966 4 2 1 3 693 1558 695 687
11967 4 2 1 3 687 2084 1558 1561
11968 4 2 1 3 687 1561 1558 695
11969 4 2 1 3 861 2446 1019 2516
11970 4 2 1 3 2446 243 384 389
11971 4 2 1 3 1019 384 65 388
11972 4 2 1 3 2516 389 388 193
11973 4 2 1 3 2446 1019 2516 389
11974 4 2 1 3 2446 389 384 1019
11975 4 2 1 3 1019 2516 389 388
11976 4 2 1 3 1019 388 389 384
11977 4 2 1 3 4 280 264 2338
11978 4 2 1 3 280 153 283 2561
11979 4 2 1 3 264 283 249 2542
11980 4 2 1 3 2338 2561 2542 1336
11981 4 2 1 3 280 264 2338 2561
11982 4 2 1 3 280 2561 283 264
11983 4 2 1 3 264 2338 2561 2542
11984 4 2 1 3 264 2542 2561 283
11985 4 2 1 3 146 742 744 2545
11986 4 2 1 3 742 230 427 2553
11987 4 2 1 3 744 427 194 2524
11988 4 2 1 3 2545 2553 2524 1326
11989 4 2 1 3 742 744 2545 2553
11990 4 2 1 3 742 2553 427 744
11991 4 2 1 3 744 2545 2553 2524
11992 4 2 1 3 744 2524 2553 427
11993 4 2 1 3 116 583 591 1904
11994 4 2 1 3 583 117 592 2012
11995 4 2 1 3 591 592 118 2083
11996 4 2 1 3 1904 2012 2083 1317
11997 4 2 1 3 583 591 1904 2012
11998 4 2 1 3 583 2012 592 591
11999 4 2 1 3 591 1904 2012 2083
12000 4 2 1 3 591 2083 2012 592
12001 4 2 1 3 924 1816 1011 1015
12002 4 2 1 3 1816 86 382 1915
12003 4 2 1 3 1011 382 61 1013
12004 4 2 1 3 1015 1915 1013 869
12005 4 2 1 3 1816 1011 1015 1915
12006 4 2 1 3 1816 1915 382 1011
12007 4 2 1 3 1011 1015 1915 1013
12008 4 2 1 3 1011 1013 1915 382
12009 4 2 1 3 21 318 322 951
12010 4 2 1 3 318 224 323 2582
12011 4 2 1 3 322 323 97 2577
12012 4 2 1 3 951 2582 2577 931
12013 4 2 1 3 318 322 951 2582
12014 4 2 1 3 318 2582 323 322
12015 4 2 1 3 322 951 2582 2577
12016 4 2 1 3 322 2577 2582 323
12017 4 2 1 3 107 547 545 1807
12018 4 2 1 3 547 211 546 2081
12019 4 2 1 3 545 546 109 2106
12020 4 2 1 3 1807 2081 2106 1298
12021 4 2 1 3 547 545 1807 2081
12022 4 2 1 3 547 2081 546 545
12023 4 2 1 3 545 1807 2081 2106
12024 4 2 1 3 545 2106 2081 546
12025 4 2 1 3 201 633 634 2466
12026 4 2 1 3 633 126 632 2320
12027 4 2 1 3 634 632 124 1973
12028 4 2 1 3 2466 2320 1973 1314
12029 4 2 1 3 633 634 2466 2320
12030 4 2 1 3 633 2320 632 634
12031 4 2 1 3 634 2466 2320 1973
12032 4 2 1 3 634 1973 2320 632
12033 4 2 1 3 1 3 945 948
12034 4 2 1 3 3 4 2142 1889
12035 4 2 1 3 945 2142 860 949
12036 4 2 1 3 948 1889 949 870
12037 4 2 1 3 3 945 948 1889
12038 4 2 1 3 3 1889 2142 945
12039 4 2 1 3 945 948 1889 949
12040 4 2 1 3 945 949 1889 2142
12041 4 2 1 3 225 831 760 1951
12042 4 2 1 3 831 262 413 2415
12043 4 2 1 3 760 413 242 2452
12044 4 2 1 3 1951 2415 2452 1339
12045 4 2 1 3 831 760 1951 2415
12046 4 2 1 3 831 2415 413 760
12047 4 2 1 3 760 1951 2415 2452
12048 4 2 1 3 760 2452 2415 413
12049 4 2 1 3 127 636 637 2193
12050 4 2 1 3 636 125 631 2003
12051 4 2 1 3 637 631 126 2319
12052 4 2 1 3 2193 2003 2319 1291
12053 4 2 1 3 636 637 2193 2003
12054 4 2 1 3 636 2003 631 637
12055 4 2 1 3 637 2193 2003 2319
12056 4 2 1 3 637 2319 2003 631
12057 4 2 1 3 118 596 604 2083
12058 4 2 1 3 596 215 605 2502
12059 4 2 1 3 604 605 128 2330
12060 4 2 1 3 2083 2502 2330 1317
12061 4 2 1 3 596 604 2083 2502
12062 4 2 1 3 596 2502 605 604
12063 4 2 1 3 604 2083 2502 2330
12064 4 2 1 3 604 2330 2502 605
12065 4 2 1 3 84 308 309 2510
12066 4 2 1 3 308 14 15 1840
12067 4 2 1 3 309 15 16 2179
12068 4 2 1 3 2510 1840 2179 1329
12069 4 2 1 3 308 309 2510 1840
12070 4 2 1 3 308 1840 15 309
12071 4 2 1 3 309 2510 1840 2179
12072 4 2 1 3 309 2179 1840 15
12073 4 2 1 3 202 589 586 2172
12074 4 2 1 3 589 203 588 2242
12075 4 2 1 3 586 588 115 2250
12076 4 2 1 3 2172 2242 2250 1342
12077 4 2 1 3 589 586 2172 2242
12078 4 2 1 3 589 2242 588 586
12079 4 2 1 3 586 2172 2242 2250
12080 4 2 1 3 586 2250 2242 588
12081 4 2 1 3 1261 2209 2069 2185
12082 4 2 1 3 2209 1310 2168 2440
12083 4 2 1 3 2069 2168 1327 2186
12084 4 2 1 3 2185 2440 2186 1340
12085 4 2 1 3 2209 2069 2185 2440
12086 4 2 1 3 2209 2440 2168 2069
12087 4 2 1 3 2069 2185 2440 2186
12088 4 2 1 3 2069 2186 2440 2168
12089 4 2 1 3 860 2541 952 2339
12090 4 2 1 3 2541 249 2583 2542
12091 4 2 1 3 952 2583 931 2501
12092 4 2 1 3 2339 2542 2501 1336
12093 4 2 1 3 2541 952 2339 2542
12094 4 2 1 3 2541 2542 2583 952
12095 4 2 1 3 952 2339 2542 2501
12096 4 2 1 3 952 2501 2542 2583
12097 4 2 1 3 1259 2167 2164 2200
12098 4 2 1 3 2167 1327 2168 2186
12099 4 2 1 3 2164 2168 1310 2440
12100 4 2 1 3 2200 2186 2440 1340
12101 4 2 1 3 2167 2164 2200 2186
12102 4 2 1 3 2167 2186 2168 2164
12103 4 2 1 3 2164 2200 2186 2440
12104 4 2 1 3 2164 2440 2186 2168
12105 4 2 1 3 932 1045 1046 2014
12106 4 2 1 3 1045 915 1043 1418
12107 4 2 1 3 1046 1043 854 2444
12108 4 2 1 3 2014 1418 2444 1307
12109 4 2 1 3 1045 1046 2014 1418
12110 4 2 1 3 1045 1418 1043 1046
12111 4 2 1 3 1046 2014 1418 2444
12112 4 2 1 3 1046 2444 1418 1043
12113 4 2 1 3 254 432 344 2425
12114 4 2 1 3 432 159 763 2270
12115 4 2 1 3 344 763 180 2492
12116 4 2 1 3 2425 2270 2492 1310
12117 4 2 1 3 432 344 2425 2270
12118 4 2 1 3 432 2270 763 344
12119 4 2 1 3 344 2425 2270 2492
12120 4 2 1 3 344 2492 2270 763
12121 4 2 1 3 234 849 277 2572
12122 4 2 1 3 849 204 852 2157
12123 4 2 1 3 277 852 233 2342
12124 4 2 1 3 2572 2157 2342 1333
12125 4 2 1 3 849 277 2572 2157
12126 4 2 1 3 849 2157 852 277
12127 4 2 1 3 277 2572 2157 2342
12128 4 2 1 3 277 2342 2157 852
12129 4 2 1 3 254 339 2530 344
12130 4 2 1 3 339 35 974 343
12131 4 2 1 3 2530 974 934 2493
12132 4 2 1 3 344 343 2493 180
12133 4 2 1 3 339 2530 344 343
12134 4 2 1 3 339 343 974 2530
12135 4 2 1 3 2530 344 343 2493
12136 4 2 1 3 2530 2493 343 974
12137 4 2 1 3 1291 1975 2067 2396
12138 4 2 1 3 1975 1314 1949 2478
12139 4 2 1 3 2067 1949 1261 2395
12140 4 2 1 3 2396 2478 2395 1334
12141 4 2 1 3 1975 2067 2396 2478
12142 4 2 1 3 1975 2478 1949 2067
12143 4 2 1 3 2067 2396 2478 2395
12144 4 2 1 3 2067 2395 2478 1949
12145 4 2 1 3 884 1189 1184 1594
12146 4 2 1 3 1189 891 1188 2317
12147 4 2 1 3 1184 1188 890 2141
12148 4 2 1 3 1594 2317 2141 1322
12149 4 2 1 3 1189 1184 1594 2317
12150 4 2 1 3 1189 2317 1188 1184
12151 4 2 1 3 1184 1594 2317 2141
12152 4 2 1 3 1184 2141 2317 1188
12153 4 2 1 3 869 1121 1117 2282
12154 4 2 1 3 1121 939 1120 2126
12155 4 2 1 3 1117 1120 897 2044
12156 4 2 1 3 2282 2126 2044 1297
12157 4 2 1 3 1121 1117 2282 2126
12158 4 2 1 3 1121 2126 1120 1117
12159 4 2 1 3 1117 2282 2126 2044
12160 4 2 1 3 1117 2044 2126 1120
12161 4 2 1 3 919 1071 2465 2443
12162 4 2 1 3 1071 910 2231 2439
12163 4 2 1 3 2465 2231 1310 2440
12164 4 2 1 3 2443 2439 2440 1340
12165 4 2 1 3 1071 2465 2443 2439
12166 4 2 1 3 1071 2439 2231 2465
12167 4 2 1 3 2465 2443 2439 2440
12168 4 2 1 3 2465 2440 2439 2231
12169 4 2 1 3 110 554 559 2445
12170 4 2 1 3 554 111 560 2435
12171 4 2 1 3 559 560 112 2481
12172 4 2 1 3 2445 2435 2481 1312
12173 4 2 1 3 554 559 2445 2435
12174 4 2 1 3 554 2435 560 559
12175 4 2 1 3 559 2445 2435 2481
12176 4 2 1 3 559 2481 2435 560
12177 4 2 1 3 869 1018 1121 2282
12178 4 2 1 3 1018 928 1088 2417
12179 4 2 1 3 1121 1088 939 2126
12180 4 2 1 3 2282 2417 2126 1297
12181 4 2 1 3 1018 1121 2282 2417
12182 4 2 1 3 1018 2417 1088 1121
12183 4 2 1 3 1121 2282 2417 2126
12184 4 2 1 3 1121 2126 2417 1088
12185 4 2 1 3 183 480 481 2371
12186 4 2 1 3 480 182 479 2046
12187 4 2 1 3 481 479 94 2280
12188 4 2 1 3 2371 2046 2280 1307
12189 4 2 1 3 480 481 2371 2046
12190 4 2 1 3 480 2046 479 481
12191 4 2 1 3 481 2371 2046 2280
12192 4 2 1 3 481 2280 2046 479
12193 4 2 1 3 865 1101 1003 2433
12194 4 2 1 3 1101 935 1066 2189
12195 4 2 1 3 1003 1066 922 2217
12196 4 2 1 3 2433 2189 2217 1320
12197 4 2 1 3 1101 1003 2433 2189
12198 4 2 1 3 1101 2189 1066 1003
12199 4 2 1 3 1003 2433 2189 2217
12200 4 2 1 3 1003 2217 2189 1066
12201 4 2 1 3 135 669 666 1930
12202 4 2 1 3 669 146 668 2373
12203 4 2 1 3 666 668 131 2212
12204 4 2 1 3 1930 2373 2212 1309
12205 4 2 1 3 669 666 1930 2373
12206 4 2 1 3 669 2373 668 666
12207 4 2 1 3 666 1930 2373 2212
12208 4 2 1 3 666 2212 2373 668
12209 4 2 1 3 881 1163 1164 2043
12210 4 2 1 3 1163 879 1155 2456
12211 4 2 1 3 1164 1155 880 1552
12212 4 2 1 3 2043 2456 1552 1308
12213 4 2 1 3 1163 1164 2043 2456
12214 4 2 1 3 1163 2456 1155 1164
12215 4 2 1 3 1164 2043 2456 1552
12216 4 2 1 3 1164 1552 2456 1155
12217 4 2 1 3 122 612 613 2335
12218 4 2 1 3 612 120 614 2351
12219 4 2 1 3 613 614 185 2523
12220 4 2 1 3 2335 2351 2523 1346
12221 4 2 1 3 612 613 2335 2351
12222 4 2 1 3 612 2351 614 613
12223 4 2 1 3 613 2335 2351 2523
12224 4 2 1 3 613 2523 2351 614
12225 4 2 1 3 166 285 295 2072
12226 4 2 1 3 285 8 292 2548
12227 4 2 1 3 295 292 93 2086
12228 4 2 1 3 2072 2548 2086 1302
12229 4 2 1 3 285 295 2072 2548
12230 4 2 1 3 285 2548 292 295
12231 4 2 1 3 295 2072 2548 2086
12232 4 2 1 3 295 2086 2548 292
12233 4 2 1 3 927 1044 982 2387
12234 4 2 1 3 1044 913 1109 2413
12235 4 2 1 3 982 1109 867 2508
12236 4 2 1 3 2387 2413 2508 1339
12237 4 2 1 3 1044 982 2387 2413
12238 4 2 1 3 1044 2413 1109 982
12239 4 2 1 3 982 2387 2413 2508
12240 4 2 1 3 982 2508 2413 1109
12241 4 2 1 3 233 852 853 2341
12242 4 2 1 3 852 204 851 2158
12243 4 2 1 3 853 851 256 2285
12244 4 2 1 3 2341 2158 2285 1277
12245 4 2 1 3 852 853 2341 2158
12246 4 2 1 3 852 2158 851 853
12247 4 2 1 3 853 2341 2158 2285
12248 4 2 1 3 853 2285 2158 851
12249 4 2 1 3 98 500 503 2284
12250 4 2 1 3 500 255 502 1984
12251 4 2 1 3 503 502 169 2547
12252 4 2 1 3 2284 1984 2547 1332
12253 4 2 1 3 500 503 2284 1984
12254 4 2 1 3 500 1984 502 503
12255 4 2 1 3 503 2284 1984 2547
12256 4 2 1 3 503 2547 1984 502
12257 4 2 1 3 179 486 487 1954
12258 4 2 1 3 486 95 483 2455
12259 4 2 1 3 487 483 220 1743
12260 4 2 1 3 1954 2455 1743 1306
12261 4 2 1 3 486 487 1954 2455
12262 4 2 1 3 486 2455 483 487
12263 4 2 1 3 487 1954 2455 1743
12264 4 2 1 3 487 1743 2455 483
12265 4 2 1 3 105 537 407 2322
12266 4 2 1 3 537 199 538 2471
12267 4 2 1 3 407 538 223 2569
12268 4 2 1 3 2322 2471 2569 1319
12269 4 2 1 3 537 407 2322 2471
12270 4 2 1 3 537 2471 538 407
12271 4 2 1 3 407 2322 2471 2569
12272 4 2 1 3 407 2569 2471 538
12273 4 2 1 3 154 713 776 1813
12274 4 2 1 3 713 227 777 2392
12275 4 2 1 3 776 777 241 2349
12276 4 2 1 3 1813 2392 2349 1294
12277 4 2 1 3 713 776 1813 2392
12278 4 2 1 3 713 2392 777 776
12279 4 2 1 3 776 1813 2392 2349
12280 4 2 1 3 776 2349 2392 777
12281 4 2 1 3 870 1077 1040 1891
12282 4 2 1 3 1077 871 1098 1697
12283 4 2 1 3 1040 1098 864 2520
12284 4 2 1 3 1891 1697 2520 1319
12285 4 2 1 3 1077 1040 1891 1697
12286 4 2 1 3 1077 1697 1098 1040
12287 4 2 1 3 1040 1891 1697 2520
12288 4 2 1 3 1040 2520 1697 1098
12289 4 2 1 3 885 1178 1193 1991
12290 4 2 1 3 1178 888 1194 1895
12291 4 2 1 3 1193 1194 895 1920
12292 4 2 1 3 1991 1895 1920 1315
12293 4 2 1 3 1178 1193 1991 1895
12294 4 2 1 3 1178 1895 1194 1193
12295 4 2 1 3 1193 1991 1895 1920
12296 4 2 1 3 1193 1920 1895 1194
12297 4 2 1 3 165 747 748 1707
12298 4 2 1 3 747 148 709 1908
12299 4 2 1 3 748 709 147 1945
12300 4 2 1 3 1707 1908 1945 1280
12301 4 2 1 3 747 748 1707 1908
12302 4 2 1 3 747 1908 709 748
12303 4 2 1 3 748 1707 1908 1945
12304 4 2 1 3 748 1945 1908 709
12305 4 2 1 3 172 371 488 2432
12306 4 2 1 3 371 96 489 2218
12307 4 2 1 3 488 489 173 2263
12308 4 2 1 3 2432 2218 2263 1320
12309 4 2 1 3 371 488 2432 2218
12310 4 2 1 3 371 2218 489 488
12311 4 2 1 3 488 2432 2218 2263
12312 4 2 1 3 488 2263 2218 489
12313 4 2 1 3 137 674 675 1778
12314 4 2 1 3 674 132 648 1987
12315 4 2 1 3 675 648 212 2488
12316 4 2 1 3 1778 1987 2488 1304
12317 4 2 1 3 674 675 1778 1987
12318 4 2 1 3 674 1987 648 675
12319 4 2 1 3 675 1778 1987 2488
12320 4 2 1 3 675 2488 1987 648
12321 4 2 1 3 876 1139 1140 1555
12322 4 2 1 3 1139 874 1141 1617
12323 4 2 1 3 1140 1141 894 1892
12324 4 2 1 3 1555 1617 1892 1301
12325 4 2 1 3 1139 1140 1555 1617
12326 4 2 1 3 1139 1617 1141 1140
12327 4 2 1 3 1140 1555 1617 1892
12328 4 2 1 3 1140 1892 1617 1141
12329 4 2 1 3 934 976 974 2530
12330 4 2 1 3 976 859 972 2423
12331 4 2 1 3 974 972 35 339
12332 4 2 1 3 2530 2423 339 254
12333 4 2 1 3 976 974 2530 2423
12334 4 2 1 3 976 2423 972 974
12335 4 2 1 3 974 2530 2423 339
12336 4 2 1 3 974 339 2423 972
12337 4 2 1 3 862 965 2584 967
12338 4 2 1 3 965 29 334 963
12339 4 2 1 3 2584 334 192 2580
12340 4 2 1 3 967 963 2580 925
12341 4 2 1 3 965 2584 967 963
12342 4 2 1 3 965 963 334 2584
12343 4 2 1 3 2584 967 963 2580
12344 4 2 1 3 2584 2580 963 334
12345 4 2 1 3 88 448 451 2207
12346 4 2 1 3 448 237 450 2534
12347 4 2 1 3 451 450 207 2099
12348 4 2 1 3 2207 2534 2099 1287
12349 4 2 1 3 448 451 2207 2534
12350 4 2 1 3 448 2534 450 451
12351 4 2 1 3 451 2207 2534 2099
12352 4 2 1 3 451 2099 2534 450
12353 4 2 1 3 83 422 377 2272
12354 4 2 1 3 422 190 421 2286
12355 4 2 1 3 377 421 189 2238
12356 4 2 1 3 2272 2286 2238 1316
12357 4 2 1 3 422 377 2272 2286
12358 4 2 1 3 422 2286 421 377
12359 4 2 1 3 377 2272 2286 2238
12360 4 2 1 3 377 2238 2286 421
12361 4 2 1 3 224 2582 320 2562
12362 4 2 1 3 2582 931 2583 2501
12363 4 2 1 3 320 2583 249 2542
12364 4 2 1 3 2562 2501 2542 1336
12365 4 2 1 3 2582 320 2562 2501
12366 4 2 1 3 2582 2501 2583 320
12367 4 2 1 3 320 2562 2501 2542
12368 4 2 1 3 320 2542 2501 2583
12369 4 2 1 3 157 739 781 2536
12370 4 2 1 3 739 156 782 1867
12371 4 2 1 3 781 782 193 2517
12372 4 2 1 3 2536 1867 2517 1330
12373 4 2 1 3 739 781 2536 1867
12374 4 2 1 3 739 1867 782 781
12375 4 2 1 3 781 2536 1867 2517
12376 4 2 1 3 781 2517 1867 782
12377 4 2 1 3 920 1092 1093 2372
12378 4 2 1 3 1092 907 1091 1910
12379 4 2 1 3 1093 1091 862 2105
12380 4 2 1 3 2372 1910 2105 1345
12381 4 2 1 3 1092 1093 2372 1910
12382 4 2 1 3 1092 1910 1091 1093
12383 4 2 1 3 1093 2372 1910 2105
12384 4 2 1 3 1093 2105 1910 1091
12385 4 2 1 3 87 392 446 2500
12386 4 2 1 3 392 193 447 2517
12387 4 2 1 3 446 447 257 2380
12388 4 2 1 3 2500 2517 2380 1330
12389 4 2 1 3 392 446 2500 2517
12390 4 2 1 3 392 2517 447 446
12391 4 2 1 3 446 2500 2517 2380
12392 4 2 1 3 446 2380 2517 447
12393 4 2 1 3 6 287 7 2552
12394 4 2 1 3 287 198 286 2377
12395 4 2 1 3 7 286 8 2574
12396 4 2 1 3 2552 2377 2574 1341
12397 4 2 1 3 287 7 2552 2377
12398 4 2 1 3 287 2377 286 7
12399 4 2 1 3 7 2552 2377 2574
12400 4 2 1 3 7 2574 2377 286
12401 4 2 1 3 919 1072 1075 2465
12402 4 2 1 3 1072 859 976 2424
12403 4 2 1 3 1075 976 934 2491
12404 4 2 1 3 2465 2424 2491 1310
12405 4 2 1 3 1072 1075 2465 2424
12406 4 2 1 3 1072 2424 976 1075
12407 4 2 1 3 1075 2465 2424 2491
12408 4 2 1 3 1075 2491 2424 976
12409 4 2 1 3 234 277 273 2572
12410 4 2 1 3 277 233 276 2342
12411 4 2 1 3 273 276 2 2122
12412 4 2 1 3 2572 2342 2122 1333
12413 4 2 1 3 277 273 2572 2342
12414 4 2 1 3 277 2342 276 273
12415 4 2 1 3 273 2572 2342 2122
12416 4 2 1 3 273 2122 2342 276
12417 4 2 1 3 146 744 745 2545
12418 4 2 1 3 744 194 746 2524
12419 4 2 1 3 745 746 231 2579
12420 4 2 1 3 2545 2524 2579 1326
12421 4 2 1 3 744 745 2545 2524
12422 4 2 1 3 744 2524 746 745
12423 4 2 1 3 745 2545 2524 2579
12424 4 2 1 3 745 2579 2524 746
12425 4 2 1 3 235 424 425 2038
12426 4 2 1 3 424 163 312 2283
12427 4 2 1 3 425 312 84 2509
12428 4 2 1 3 2038 2283 2509 1292
12429 4 2 1 3 424 425 2038 2283
12430 4 2 1 3 424 2283 312 425
12431 4 2 1 3 425 2038 2283 2509
12432 4 2 1 3 425 2509 2283 312
12433 4 2 1 3 234 274 454 2572
12434 4 2 1 3 274 88 452 2255
12435 4 2 1 3 454 452 239 2134
12436 4 2 1 3 2572 2255 2134 1333
12437 4 2 1 3 274 454 2572 2255
12438 4 2 1 3 274 2255 452 454
12439 4 2 1 3 454 2572 2255 2134
12440 4 2 1 3 454 2134 2255 452
12441 4 2 1 3 180 763 764 2492
12442 4 2 1 3 763 159 762 2270
12443 4 2 1 3 764 762 150 2208
12444 4 2 1 3 2492 2270 2208 1310
12445 4 2 1 3 763 764 2492 2270
12446 4 2 1 3 763 2270 762 764
12447 4 2 1 3 764 2492 2270 2208
12448 4 2 1 3 764 2208 2270 762
12449 4 2 1 3 259 705 737 2080
12450 4 2 1 3 705 144 735 1916
12451 4 2 1 3 737 735 244 2356
12452 4 2 1 3 2080 1916 2356 1288
12453 4 2 1 3 705 737 2080 1916
12454 4 2 1 3 705 1916 735 737
12455 4 2 1 3 737 2080 1916 2356
12456 4 2 1 3 737 2356 1916 735
12457 4 2 1 3 899 1203 1204 2187
12458 4 2 1 3 1203 887 1198 1872
12459 4 2 1 3 1204 1198 896 2437
12460 4 2 1 3 2187 1872 2437 1313
12461 4 2 1 3 1203 1204 2187 1872
12462 4 2 1 3 1203 1872 1198 1204
12463 4 2 1 3 1204 2187 1872 2437
12464 4 2 1 3 1204 2437 1872 1198
12465 4 2 1 3 1305 1837 2449 2362
12466 4 2 1 3 1837 1317 2144 2148
12467 4 2 1 3 2449 2144 1252 2147
12468 4 2 1 3 2362 2148 2147 1321
12469 4 2 1 3 1837 2449 2362 2148
12470 4 2 1 3 1837 2148 2144 2449
12471 4 2 1 3 2449 2362 2148 2147
12472 4 2 1 3 2449 2147 2148 2144
12473 4 2 1 3 878 1153 1158 1788
12474 4 2 1 3 1153 879 1159 2308
12475 4 2 1 3 1158 1159 882 1943
12476 4 2 1 3 1788 2308 1943 1343
12477 4 2 1 3 1153 1158 1788 2308
12478 4 2 1 3 1153 2308 1159 1158
12479 4 2 1 3 1158 1788 2308 1943
12480 4 2 1 3 1158 1943 2308 1159
12481 4 2 1 3 215 597 598 2502
12482 4 2 1 3 597 117 599 2012
12483 4 2 1 3 598 599 252 2537
12484 4 2 1 3 2502 2012 2537 1317
12485 4 2 1 3 597 598 2502 2012
12486 4 2 1 3 597 2012 599 598
12487 4 2 1 3 598 2502 2012 2537
12488 4 2 1 3 598 2537 2012 599
12489 4 2 1 3 190 833 421 2286
12490 4 2 1 3 833 248 832 2328
12491 4 2 1 3 421 832 189 2238
12492 4 2 1 3 2286 2328 2238 1316
12493 4 2 1 3 833 421 2286 2328
12494 4 2 1 3 833 2328 832 421
12495 4 2 1 3 421 2286 2328 2238
12496 4 2 1 3 421 2238 2328 832
12497 4 2 1 3 237 779 450 2534
12498 4 2 1 3 779 155 778 1886
12499 4 2 1 3 450 778 207 2099
12500 4 2 1 3 2534 1886 2099 1287
12501 4 2 1 3 779 450 2534 1886
12502 4 2 1 3 779 1886 778 450
12503 4 2 1 3 450 2534 1886 2099
12504 4 2 1 3 450 2099 1886 778
12505 4 2 1 3 914 1048 1050 1955
12506 4 2 1 3 1048 855 1051 2312
12507 4 2 1 3 1050 1051 936 1705
12508 4 2 1 3 1955 2312 1705 1306
12509 4 2 1 3 1048 1050 1955 2312
12510 4 2 1 3 1048 2312 1051 1050
12511 4 2 1 3 1050 1955 2312 1705
12512 4 2 1 3 1050 1705 2312 1051
12513 4 2 1 3 235 755 424 2038
12514 4 2 1 3 755 246 792 1830
12515 4 2 1 3 424 792 163 2283
12516 4 2 1 3 2038 1830 2283 1292
12517 4 2 1 3 755 424 2038 1830
12518 4 2 1 3 755 1830 792 424
12519 4 2 1 3 424 2038 1830 2283
12520 4 2 1 3 424 2283 1830 792
12521 4 2 1 3 233 853 840 2340
12522 4 2 1 3 853 256 665 2407
12523 4 2 1 3 840 665 231 2579
12524 4 2 1 3 2340 2407 2579 1326
12525 4 2 1 3 853 840 2340 2407
12526 4 2 1 3 853 2407 665 840
12527 4 2 1 3 840 2340 2407 2579
12528 4 2 1 3 840 2579 2407 665
12529 4 2 1 3 134 568 556 2050
12530 4 2 1 3 568 208 567 2213
12531 4 2 1 3 556 567 111 2434
12532 4 2 1 3 2050 2213 2434 1311
12533 4 2 1 3 568 556 2050 2213
12534 4 2 1 3 568 2213 567 556
12535 4 2 1 3 556 2050 2213 2434
12536 4 2 1 3 556 2434 2213 567
12537 4 2 1 3 912 1084 1085 1880
12538 4 2 1 3 1084 861 1024 2447
12539 4 2 1 3 1085 1024 921 2498
12540 4 2 1 3 1880 2447 2498 1330
12541 4 2 1 3 1084 1085 1880 2447
12542 4 2 1 3 1084 2447 1024 1085
12543 4 2 1 3 1085 1880 2447 2498
12544 4 2 1 3 1085 2498 2447 1024
12545 4 2 1 3 180 410 347 2495
12546 4 2 1 3 410 242 409 2452
12547 4 2 1 3 347 409 81 2507
12548 4 2 1 3 2495 2452 2507 1339
12549 4 2 1 3 410 347 2495 2452
12550 4 2 1 3 410 2452 409 347
12551 4 2 1 3 347 2495 2452 2507
12552 4 2 1 3 347 2507 2452 409
12553 4 2 1 3 857 1060 1009 2239
12554 4 2 1 3 1060 916 1061 2136
12555 4 2 1 3 1009 1061 923 2306
12556 4 2 1 3 2239 2136 2306 1316
12557 4 2 1 3 1060 1009 2239 2136
12558 4 2 1 3 1060 2136 1061 1009
12559 4 2 1 3 1009 2239 2136 2306
12560 4 2 1 3 1009 2306 2136 1061
12561 4 2 1 3 854 988 1046 2444
12562 4 2 1 3 988 930 1047 2281
12563 4 2 1 3 1046 1047 932 2014
12564 4 2 1 3 2444 2281 2014 1307
12565 4 2 1 3 988 1046 2444 2281
12566 4 2 1 3 988 2281 1047 1046
12567 4 2 1 3 1046 2444 2281 2014
12568 4 2 1 3 1046 2014 2281 1047
12569 4 2 1 3 859 1072 1070 2424
12570 4 2 1 3 1072 919 1071 2465
12571 4 2 1 3 1070 1071 910 2231
12572 4 2 1 3 2424 2465 2231 1310
12573 4 2 1 3 1072 1070 2424 2465
12574 4 2 1 3 1072 2465 1071 1070
12575 4 2 1 3 1070 2424 2465 2231
12576 4 2 1 3 1070 2231 2465 1071
12577 4 2 1 3 172 488 420 2432
12578 4 2 1 3 488 173 794 2263
12579 4 2 1 3 420 794 219 2273
12580 4 2 1 3 2432 2263 2273 1320
12581 4 2 1 3 488 420 2432 2263
12582 4 2 1 3 488 2263 794 420
12583 4 2 1 3 420 2432 2263 2273
12584 4 2 1 3 420 2273 2263 794
12585 4 2 1 3 929 1067 1106 2527
12586 4 2 1 3 1067 942 1240 2564
12587 4 2 1 3 1106 1240 900 2451
12588 4 2 1 3 2527 2564 2451 1344
12589 4 2 1 3 1067 1106 2527 2564
12590 4 2 1 3 1067 2564 1240 1106
12591 4 2 1 3 1106 2527 2564 2451
12592 4 2 1 3 1106 2451 2564 1240
12593 4 2 1 3 906 1057 1055 1976
12594 4 2 1 3 1057 917 1056 1800
12595 4 2 1 3 1055 1056 856 2576
12596 4 2 1 3 1976 1800 2576 1335
12597 4 2 1 3 1057 1055 1976 1800
12598 4 2 1 3 1057 1800 1056 1055
12599 4 2 1 3 1055 1976 1800 2576
12600 4 2 1 3 1055 2576 1800 1056
12601 4 2 1 3 231 662 745 2579
12602 4 2 1 3 662 205 670 1865
12603 4 2 1 3 745 670 146 2545
12604 4 2 1 3 2579 1865 2545 1326
12605 4 2 1 3 662 745 2579 1865
12606 4 2 1 3 662 1865 670 745
12607 4 2 1 3 745 2579 1865 2545
12608 4 2 1 3 745 2545 1865 670
12609 4 2 1 3 176 807 808 2360
12610 4 2 1 3 807 245 655 2406
12611 4 2 1 3 808 655 215 2503
12612 4 2 1 3 2360 2406 2503 1321
12613 4 2 1 3 807 808 2360 2406
12614 4 2 1 3 807 2406 655 808
12615 4 2 1 3 808 2360 2406 2503
12616 4 2 1 3 808 2503 2406 655
12617 4 2 1 3 254 2423 340 2573
12618 4 2 1 3 2423 859 971 973
12619 4 2 1 3 340 971 33 969
12620 4 2 1 3 2573 973 969 941
12621 4 2 1 3 2423 340 2573 973
12622 4 2 1 3 2423 973 971 340
12623 4 2 1 3 340 2573 973 969
12624 4 2 1 3 340 969 973 971
12625 4 2 1 3 178 401 485 2311
12626 4 2 1 3 401 95 486 2455
12627 4 2 1 3 485 486 179 1954
12628 4 2 1 3 2311 2455 1954 1306
12629 4 2 1 3 401 485 2311 2455
12630 4 2 1 3 401 2455 486 485
12631 4 2 1 3 485 2311 2455 1954
12632 4 2 1 3 485 1954 2455 486
12633 4 2 1 3 907 1224 1225 1656
12634 4 2 1 3 1224 892 1223 1622
12635 4 2 1 3 1225 1223 905 1669
12636 4 2 1 3 1656 1622 1669 1300
12637 4 2 1 3 1224 1225 1656 1622
12638 4 2 1 3 1224 1622 1223 1225
12639 4 2 1 3 1225 1656 1622 1669
12640 4 2 1 3 1225 1669 1622 1223
12641 4 2 1 3 85 341 336 2514
12642 4 2 1 3 341 254 340 2573
12643 4 2 1 3 336 340 33 969
12644 4 2 1 3 2514 2573 969 941
12645 4 2 1 3 341 336 2514 2573
12646 4 2 1 3 341 2573 340 336
12647 4 2 1 3 336 2514 2573 969
12648 4 2 1 3 336 969 2573 340
12649 4 2 1 3 1 3 263 945
12650 4 2 1 3 3 4 264 2142
12651 4 2 1 3 263 264 249 2541
12652 4 2 1 3 945 2142 2541 860
12653 4 2 1 3 3 263 945 2142
12654 4 2 1 3 3 2142 264 263
12655 4 2 1 3 263 945 2142 2541
12656 4 2 1 3 263 2541 2142 264
12657 4 2 1 3 857 1063 1060 2239
12658 4 2 1 3 1063 943 1062 2132
12659 4 2 1 3 1060 1062 916 2136
12660 4 2 1 3 2239 2132 2136 1316
12661 4 2 1 3 1063 1060 2239 2132
12662 4 2 1 3 1063 2132 1062 1060
12663 4 2 1 3 1060 2239 2132 2136
12664 4 2 1 3 1060 2136 2132 1062
12665 4 2 1 3 209 590 732 2197
12666 4 2 1 3 590 203 850 2242
12667 4 2 1 3 732 850 239 2246
12668 4 2 1 3 2197 2242 2246 1342
12669 4 2 1 3 590 732 2197 2242
12670 4 2 1 3 590 2242 850 732
12671 4 2 1 3 732 2197 2242 2246
12672 4 2 1 3 732 2246 2242 850
12673 4 2 1 3 226 809 802 2480
12674 4 2 1 3 809 245 807 2406
12675 4 2 1 3 802 807 176 2360
12676 4 2 1 3 2480 2406 2360 1321
12677 4 2 1 3 809 802 2480 2406
12678 4 2 1 3 809 2406 807 802
12679 4 2 1 3 802 2480 2406 2360
12680 4 2 1 3 802 2360 2406 807
12681 4 2 1 3 79 947 1038 268
12682 4 2 1 3 947 870 1040 1893
12683 4 2 1 3 1038 1040 864 2557
12684 4 2 1 3 268 1893 2557 250
12685 4 2 1 3 947 1038 268 1893
12686 4 2 1 3 947 1893 1040 1038
12687 4 2 1 3 1038 268 1893 2557
12688 4 2 1 3 1038 2557 1893 1040
12689 4 2 1 3 208 568 681 2213
12690 4 2 1 3 568 134 682 2050
12691 4 2 1 3 681 682 232 2251
12692 4 2 1 3 2213 2050 2251 1311
12693 4 2 1 3 568 681 2213 2050
12694 4 2 1 3 568 2050 682 681
12695 4 2 1 3 681 2213 2050 2251
12696 4 2 1 3 681 2251 2050 682
12697 4 2 1 3 86 2472 381 1915
12698 4 2 1 3 2472 928 1016 1018
12699 4 2 1 3 381 1016 63 1014
12700 4 2 1 3 1915 1018 1014 869
12701 4 2 1 3 2472 381 1915 1018
12702 4 2 1 3 2472 1018 1016 381
12703 4 2 1 3 381 1915 1018 1014
12704 4 2 1 3 381 1014 1018 1016
12705 4 2 1 3 902 1167 1165 1631
12706 4 2 1 3 1167 882 1159 1943
12707 4 2 1 3 1165 1159 879 2308
12708 4 2 1 3 1631 1943 2308 1343
12709 4 2 1 3 1167 1165 1631 1943
12710 4 2 1 3 1167 1943 1159 1165
12711 4 2 1 3 1165 1631 1943 2308
12712 4 2 1 3 1165 2308 1943 1159
12713 4 2 1 3 928 1016 2416 2472
12714 4 2 1 3 1016 63 385 381
12715 4 2 1 3 2416 385 243 386
12716 4 2 1 3 2472 381 386 86
12717 4 2 1 3 1016 2416 2472 381
12718 4 2 1 3 1016 381 385 2416
12719 4 2 1 3 2416 2472 381 386
12720 4 2 1 3 2416 386 381 385
12721 4 2 1 3 129 2206 623 2063
12722 4 2 1 3 2206 1314 1973 1386
12723 4 2 1 3 623 1973 124 2089
12724 4 2 1 3 2063 1386 2089 1346
12725 4 2 1 3 2206 623 2063 1386
12726 4 2 1 3 2206 1386 1973 623
12727 4 2 1 3 623 2063 1386 2089
12728 4 2 1 3 623 2089 1386 1973
12729 4 2 1 3 865 1102 1101 2433
12730 4 2 1 3 1102 940 1104 2334
12731 4 2 1 3 1101 1104 935 2189
12732 4 2 1 3 2433 2334 2189 1320
12733 4 2 1 3 1102 1101 2433 2334
12734 4 2 1 3 1102 2334 1104 1101
12735 4 2 1 3 1101 2433 2334 2189
12736 4 2 1 3 1101 2189 2334 1104
12737 4 2 1 3 919 1110 1111 2325
12738 4 2 1 3 1110 867 1109 2508
12739 4 2 1 3 1111 1109 913 2413
12740 4 2 1 3 2325 2508 2413 1339
12741 4 2 1 3 1110 1111 2325 2508
12742 4 2 1 3 1110 2508 1109 1111
12743 4 2 1 3 1111 2325 2508 2413
12744 4 2 1 3 1111 2413 2508 1109
12745 4 2 1 3 141 471 472 1969
12746 4 2 1 3 471 92 460 1569
12747 4 2 1 3 472 460 222 2539
12748 4 2 1 3 1969 1569 2539 1325
12749 4 2 1 3 471 472 1969 1569
12750 4 2 1 3 471 1569 460 472
12751 4 2 1 3 472 1969 1569 2539
12752 4 2 1 3 472 2539 1569 460
12753 4 2 1 3 231 746 840 2579
12754 4 2 1 3 746 194 275 2524
12755 4 2 1 3 840 275 233 2340
12756 4 2 1 3 2579 2524 2340 1326
12757 4 2 1 3 746 840 2579 2524
12758 4 2 1 3 746 2524 275 840
12759 4 2 1 3 840 2579 2524 2340
12760 4 2 1 3 840 2340 2524 275
12761 4 2 1 3 166 772 289 2073
12762 4 2 1 3 772 167 771 2030
12763 4 2 1 3 289 771 153 2561
12764 4 2 1 3 2073 2030 2561 1336
12765 4 2 1 3 772 289 2073 2030
12766 4 2 1 3 772 2030 771 289
12767 4 2 1 3 289 2073 2030 2561
12768 4 2 1 3 289 2561 2030 771
12769 4 2 1 3 91 466 332 2504
12770 4 2 1 3 466 197 465 2438
12771 4 2 1 3 332 465 196 2359
12772 4 2 1 3 2504 2438 2359 1335
12773 4 2 1 3 466 332 2504 2438
12774 4 2 1 3 466 2438 465 332
12775 4 2 1 3 332 2504 2438 2359
12776 4 2 1 3 332 2359 2438 465
12777 4 2 1 3 31 337 968 2585
12778 4 2 1 3 337 85 2514 2441
12779 4 2 1 3 968 2514 941 2515
12780 4 2 1 3 2585 2441 2515 1345
12781 4 2 1 3 337 968 2585 2441
12782 4 2 1 3 337 2441 2514 968
12783 4 2 1 3 968 2585 2441 2515
12784 4 2 1 3 968 2515 2441 2514
12785 4 2 1 3 871 1100 1098 1697
12786 4 2 1 3 1100 918 1099 2403
12787 4 2 1 3 1098 1099 864 2520
12788 4 2 1 3 1697 2403 2520 1319
12789 4 2 1 3 1100 1098 1697 2403
12790 4 2 1 3 1100 2403 1099 1098
12791 4 2 1 3 1098 1697 2403 2520
12792 4 2 1 3 1098 2520 2403 1099
12793 4 2 1 3 914 1049 1048 1955
12794 4 2 1 3 1049 933 1033 2533
12795 4 2 1 3 1048 1033 855 2312
12796 4 2 1 3 1955 2533 2312 1306
12797 4 2 1 3 1049 1048 1955 2533
12798 4 2 1 3 1049 2533 1033 1048
12799 4 2 1 3 1048 1955 2533 2312
12800 4 2 1 3 1048 2312 2533 1033
12801 4 2 1 3 115 573 571 2250
12802 4 2 1 3 573 209 562 2197
12803 4 2 1 3 571 562 112 2389
12804 4 2 1 3 2250 2197 2389 1342
12805 4 2 1 3 573 571 2250 2197
12806 4 2 1 3 573 2197 562 571
12807 4 2 1 3 571 2250 2197 2389
12808 4 2 1 3 571 2389 2197 562
12809 4 2 1 3 175 804 806 2292
12810 4 2 1 3 804 252 600 2543
12811 4 2 1 3 806 600 216 2267
12812 4 2 1 3 2292 2543 2267 1305
12813 4 2 1 3 804 806 2292 2543
12814 4 2 1 3 804 2543 600 806
12815 4 2 1 3 806 2292 2543 2267
12816 4 2 1 3 806 2267 2543 600
12817 4 2 1 3 151 680 678 2294
12818 4 2 1 3 680 212 650 2489
12819 4 2 1 3 678 650 133 2269
12820 4 2 1 3 2294 2489 2269 1327
12821 4 2 1 3 680 678 2294 2489
12822 4 2 1 3 680 2489 650 678
12823 4 2 1 3 678 2294 2489 2269
12824 4 2 1 3 678 2269 2489 650
12825 4 2 1 3 223 770 408 2569
12826 4 2 1 3 770 152 282 2244
12827 4 2 1 3 408 282 250 1894
12828 4 2 1 3 2569 2244 1894 1319
12829 4 2 1 3 770 408 2569 2244
12830 4 2 1 3 770 2244 282 408
12831 4 2 1 3 408 2569 2244 1894
12832 4 2 1 3 408 1894 2244 282
12833 4 2 1 3 8 9 292 2548
12834 4 2 1 3 9 10 293 1914
12835 4 2 1 3 292 293 93 2086
12836 4 2 1 3 2548 1914 2086 1302
12837 4 2 1 3 9 292 2548 1914
12838 4 2 1 3 9 1914 293 292
12839 4 2 1 3 292 2548 1914 2086
12840 4 2 1 3 292 2086 1914 293
12841 4 2 1 3 872 1080 1081 2033
12842 4 2 1 3 1080 860 1082 2339
12843 4 2 1 3 1081 1082 944 1846
12844 4 2 1 3 2033 2339 1846 1336
12845 4 2 1 3 1080 1081 2033 2339
12846 4 2 1 3 1080 2339 1082 1081
12847 4 2 1 3 1081 2033 2339 1846
12848 4 2 1 3 1081 1846 2339 1082
12849 4 2 1 3 929 997 1067 2527
12850 4 2 1 3 997 858 1068 2468
12851 4 2 1 3 1067 1068 942 2564
12852 4 2 1 3 2527 2468 2564 1344
12853 4 2 1 3 997 1067 2527 2468
12854 4 2 1 3 997 2468 1068 1067
12855 4 2 1 3 1067 2527 2468 2564
12856 4 2 1 3 1067 2564 2468 1068
12857 4 2 1 3 1 3 948 266
12858 4 2 1 3 3 4 1889 265
12859 4 2 1 3 948 1889 870 1893
12860 4 2 1 3 266 265 1893 250
12861 4 2 1 3 3 948 266 265
12862 4 2 1 3 3 265 1889 948
12863 4 2 1 3 948 266 265 1893
12864 4 2 1 3 948 1893 265 1889
12865 4 2 1 3 151 678 679 2294
12866 4 2 1 3 678 133 676 2269
12867 4 2 1 3 679 676 150 2175
12868 4 2 1 3 2294 2269 2175 1327
12869 4 2 1 3 678 679 2294 2269
12870 4 2 1 3 678 2269 676 679
12871 4 2 1 3 679 2294 2269 2175
12872 4 2 1 3 679 2175 2269 676
12873 4 2 1 3 218 418 414 2162
12874 4 2 1 3 418 226 417 2512
12875 4 2 1 3 414 417 82 2487
12876 4 2 1 3 2162 2512 2487 1344
12877 4 2 1 3 418 414 2162 2512
12878 4 2 1 3 418 2512 417 414
12879 4 2 1 3 414 2162 2512 2487
12880 4 2 1 3 414 2487 2512 417
12881 4 2 1 3 919 1222 1071 2443
12882 4 2 1 3 1222 891 1220 2318
12883 4 2 1 3 1071 1220 910 2439
12884 4 2 1 3 2443 2318 2439 1340
12885 4 2 1 3 1222 1071 2443 2318
12886 4 2 1 3 1222 2318 1220 1071
12887 4 2 1 3 1071 2443 2318 2439
12888 4 2 1 3 1071 2439 2318 1220
12889 4 2 1 3 146 670 668 2373
12890 4 2 1 3 670 205 640 2031
12891 4 2 1 3 668 640 131 2212
12892 4 2 1 3 2373 2031 2212 1309
12893 4 2 1 3 670 668 2373 2031
12894 4 2 1 3 670 2031 640 668
12895 4 2 1 3 668 2373 2031 2212
12896 4 2 1 3 668 2212 2031 640
12897 4 2 1 3 167 493 771 2030
12898 4 2 1 3 493 224 773 2562
12899 4 2 1 3 771 773 153 2561
12900 4 2 1 3 2030 2562 2561 1336
12901 4 2 1 3 493 771 2030 2562
12902 4 2 1 3 493 2562 773 771
12903 4 2 1 3 771 2030 2562 2561
12904 4 2 1 3 771 2561 2562 773
12905 4 2 1 3 227 467 463 2393
12906 4 2 1 3 467 197 466 2438
12907 4 2 1 3 463 466 91 2504
12908 4 2 1 3 2393 2438 2504 1335
12909 4 2 1 3 467 463 2393 2438
12910 4 2 1 3 467 2438 466 463
12911 4 2 1 3 463 2393 2438 2504
12912 4 2 1 3 463 2504 2438 466
12913 4 2 1 3 941 970 968 2515
12914 4 2 1 3 970 862 966 2105
12915 4 2 1 3 968 966 31 2585
12916 4 2 1 3 2515 2105 2585 1345
12917 4 2 1 3 970 968 2515 2105
12918 4 2 1 3 970 2105 966 968
12919 4 2 1 3 968 2515 2105 2585
12920 4 2 1 3 968 2585 2105 966
12921 4 2 1 3 156 783 782 1867
12922 4 2 1 3 783 257 447 2380
12923 4 2 1 3 782 447 193 2517
12924 4 2 1 3 1867 2380 2517 1330
12925 4 2 1 3 783 782 1867 2380
12926 4 2 1 3 783 2380 447 782
12927 4 2 1 3 782 1867 2380 2517
12928 4 2 1 3 782 2517 2380 447
12929 4 2 1 3 124 623 634 1973
12930 4 2 1 3 623 129 635 2206
12931 4 2 1 3 634 635 201 2466
12932 4 2 1 3 1973 2206 2466 1314
12933 4 2 1 3 623 634 1973 2206
12934 4 2 1 3 623 2206 635 634
12935 4 2 1 3 634 1973 2206 2466
12936 4 2 1 3 634 2466 2206 635
12937 4 2 1 3 82 417 365 2487
12938 4 2 1 3 417 226 416 2512
12939 4 2 1 3 365 416 214 2467
12940 4 2 1 3 2487 2512 2467 1344
12941 4 2 1 3 417 365 2487 2512
12942 4 2 1 3 417 2512 416 365
12943 4 2 1 3 365 2487 2512 2467
12944 4 2 1 3 365 2467 2512 416
12945 4 2 1 3 861 1084 1086 2447
12946 4 2 1 3 1084 912 1087 1880
12947 4 2 1 3 1086 1087 939 2127
12948 4 2 1 3 2447 1880 2127 1330
12949 4 2 1 3 1084 1086 2447 1880
12950 4 2 1 3 1084 1880 1087 1086
12951 4 2 1 3 1086 2447 1880 2127
12952 4 2 1 3 1086 2127 1880 1087
12953 4 2 1 3 177 798 576 1960
12954 4 2 1 3 798 175 806 2292
12955 4 2 1 3 576 806 216 2267
12956 4 2 1 3 1960 2292 2267 1305
12957 4 2 1 3 798 576 1960 2292
12958 4 2 1 3 798 2292 806 576
12959 4 2 1 3 576 1960 2292 2267
12960 4 2 1 3 576 2267 2292 806
12961 4 2 1 3 118 592 596 2083
12962 4 2 1 3 592 117 597 2012
12963 4 2 1 3 596 597 215 2502
12964 4 2 1 3 2083 2012 2502 1317
12965 4 2 1 3 592 596 2083 2012
12966 4 2 1 3 592 2012 597 596
12967 4 2 1 3 596 2083 2012 2502
12968 4 2 1 3 596 2502 2012 597
12969 4 2 1 3 128 652 615 2366
12970 4 2 1 3 652 186 651 2304
12971 4 2 1 3 615 651 185 2522
12972 4 2 1 3 2366 2304 2522 1323
12973 4 2 1 3 652 615 2366 2304
12974 4 2 1 3 652 2304 651 615
12975 4 2 1 3 615 2366 2304 2522
12976 4 2 1 3 615 2522 2304 651
12977 4 2 1 3 223 405 2568 408
12978 4 2 1 3 405 79 1038 268
12979 4 2 1 3 2568 1038 864 2557
12980 4 2 1 3 408 268 2557 250
12981 4 2 1 3 405 2568 408 268
12982 4 2 1 3 405 268 1038 2568
12983 4 2 1 3 2568 408 268 2557
12984 4 2 1 3 2568 2557 268 1038
12985 4 2 1 3 234 273 274 2572
12986 4 2 1 3 273 2 269 2122
12987 4 2 1 3 274 269 88 2255
12988 4 2 1 3 2572 2122 2255 1333
12989 4 2 1 3 273 274 2572 2122
12990 4 2 1 3 273 2122 269 274
12991 4 2 1 3 274 2572 2122 2255
12992 4 2 1 3 274 2255 2122 269
12993 4 2 1 3 925 1058 964 2394
12994 4 2 1 3 1058 906 1055 1976
12995 4 2 1 3 964 1055 856 2576
12996 4 2 1 3 2394 1976 2576 1335
12997 4 2 1 3 1058 964 2394 1976
12998 4 2 1 3 1058 1976 1055 964
12999 4 2 1 3 964 2394 1976 2576
13000 4 2 1 3 964 2576 1976 1055
13001 4 2 1 3 91 327 328 2563
13002 4 2 1 3 327 27 26 960
13003 4 2 1 3 328 26 25 959
13004 4 2 1 3 2563 960 959 856
13005 4 2 1 3 327 328 2563 960
13006 4 2 1 3 327 960 26 328
13007 4 2 1 3 328 2563 960 959
13008 4 2 1 3 328 959 960 26
13009 4 2 1 3 223 538 770 2569
13010 4 2 1 3 538 199 769 2471
13011 4 2 1 3 770 769 152 2244
13012 4 2 1 3 2569 2471 2244 1319
13013 4 2 1 3 538 770 2569 2471
13014 4 2 1 3 538 2471 769 770
13015 4 2 1 3 770 2569 2471 2244
13016 4 2 1 3 770 2244 2471 769
13017 4 2 1 3 178 399 400 2300
13018 4 2 1 3 399 75 74 1032
13019 4 2 1 3 400 74 73 1031
13020 4 2 1 3 2300 1032 1031 855
13021 4 2 1 3 399 400 2300 1032
13022 4 2 1 3 399 1032 74 400
13023 4 2 1 3 400 2300 1032 1031
13024 4 2 1 3 400 1031 1032 74
13025 4 2 1 3 31 333 337 2585
13026 4 2 1 3 333 192 338 2581
13027 4 2 1 3 337 338 85 2441
13028 4 2 1 3 2585 2581 2441 1345
13029 4 2 1 3 333 337 2585 2581
13030 4 2 1 3 333 2581 338 337
13031 4 2 1 3 337 2585 2581 2441
13032 4 2 1 3 337 2441 2581 338
13033 4 2 1 3 857 1007 1008 2237
13034 4 2 1 3 1007 57 58 376
13035 4 2 1 3 1008 58 59 375
13036 4 2 1 3 2237 376 375 189
13037 4 2 1 3 1007 1008 2237 376
13038 4 2 1 3 1007 376 58 1008
13039 4 2 1 3 1008 2237 376 375
13040 4 2 1 3 1008 375 376 58
13041 4 2 1 3 891 1190 1220 2318
13042 4 2 1 3 1190 892 1221 1623
13043 4 2 1 3 1220 1221 910 2439
13044 4 2 1 3 2318 1623 2439 1340
13045 4 2 1 3 1190 1220 2318 1623
13046 4 2 1 3 1190 1623 1221 1220
13047 4 2 1 3 1220 2318 1623 2439
13048 4 2 1 3 1220 2439 1623 1221
13049 4 2 1 3 172 369 370 2430
13050 4 2 1 3 369 55 54 1002
13051 4 2 1 3 370 54 53 1001
13052 4 2 1 3 2430 1002 1001 865
13053 4 2 1 3 369 370 2430 1002
13054 4 2 1 3 369 1002 54 370
13055 4 2 1 3 370 2430 1002 1001
13056 4 2 1 3 370 1001 1002 54
13057 4 2 1 3 16 17 271 2179
13058 4 2 1 3 17 2 272 2121
13059 4 2 1 3 271 272 194 2525
13060 4 2 1 3 2179 2121 2525 1329
13061 4 2 1 3 17 271 2179 2121
13062 4 2 1 3 17 2121 272 271
13063 4 2 1 3 271 2179 2121 2525
13064 4 2 1 3 271 2525 2121 272
13065 4 2 1 3 860 952 1082 2339
13066 4 2 1 3 952 931 1083 2501
13067 4 2 1 3 1082 1083 944 1846
13068 4 2 1 3 2339 2501 1846 1336
13069 4 2 1 3 952 1082 2339 2501
13070 4 2 1 3 952 2501 1083 1082
13071 4 2 1 3 1082 2339 2501 1846
13072 4 2 1 3 1082 1846 2501 1083
13073 4 2 1 3 861 1019 1020 2516
13074 4 2 1 3 1019 65 66 388
13075 4 2 1 3 1020 66 67 387
13076 4 2 1 3 2516 388 387 193
13077 4 2 1 3 1019 1020 2516 388
13078 4 2 1 3 1019 388 66 1020
13079 4 2 1 3 1020 2516 388 387
13080 4 2 1 3 1020 387 388 66
13081 4 2 1 3 228 435 433 2381
13082 4 2 1 3 435 247 430 2247
13083 4 2 1 3 433 430 85 2441
13084 4 2 1 3 2381 2247 2441 1345
13085 4 2 1 3 435 433 2381 2247
13086 4 2 1 3 435 2247 430 433
13087 4 2 1 3 433 2381 2247 2441
13088 4 2 1 3 433 2441 2247 430
13089 4 2 1 3 31 966 333 2585
13090 4 2 1 3 966 862 2584 2105
13091 4 2 1 3 333 2584 192 2581
13092 4 2 1 3 2585 2105 2581 1345
13093 4 2 1 3 966 333 2585 2105
13094 4 2 1 3 966 2105 2584 333
13095 4 2 1 3 333 2585 2105 2581
13096 4 2 1 3 333 2581 2105 2584
13097 4 2 1 3 47 48 992 361
13098 4 2 1 3 48 49 993 360
13099 4 2 1 3 992 993 929 2526
13100 4 2 1 3 361 360 2526 82
13101 4 2 1 3 48 992 361 360
13102 4 2 1 3 48 360 993 992
13103 4 2 1 3 992 361 360 2526
13104 4 2 1 3 992 2526 360 993
13105 4 2 1 3 860 2541 946 952
13106 4 2 1 3 2541 249 267 2583
13107 4 2 1 3 946 267 19 950
13108 4 2 1 3 952 2583 950 931
13109 4 2 1 3 2541 946 952 2583
13110 4 2 1 3 2541 2583 267 946
13111 4 2 1 3 946 952 2583 950
13112 4 2 1 3 946 950 2583 267
13113 4 2 1 3 868 953 954 1768
13114 4 2 1 3 953 21 22 322
13115 4 2 1 3 954 22 23 321
13116 4 2 1 3 1768 322 321 97
13117 4 2 1 3 953 954 1768 322
13118 4 2 1 3 953 322 22 954
13119 4 2 1 3 954 1768 322 321
13120 4 2 1 3 954 321 322 22
13121 4 2 1 3 168 313 449 1826
13122 4 2 1 3 313 169 793 2547
13123 4 2 1 3 449 793 237 2528
13124 4 2 1 3 1826 2547 2528 1332
13125 4 2 1 3 313 449 1826 2547
13126 4 2 1 3 313 2547 793 449
13127 4 2 1 3 449 1826 2547 2528
13128 4 2 1 3 449 2528 2547 793
13129 4 2 1 3 69 70 1025 394
13130 4 2 1 3 70 71 1026 393
13131 4 2 1 3 1025 1026 863 1937
13132 4 2 1 3 394 393 1937 170
13133 4 2 1 3 70 1025 394 393
13134 4 2 1 3 70 393 1026 1025
13135 4 2 1 3 1025 394 393 1937
13136 4 2 1 3 1025 1937 393 1026
13137 4 2 1 3 896 1200 1239 2554
13138 4 2 1 3 1200 900 1240 2333
13139 4 2 1 3 1239 1240 942 2570
13140 4 2 1 3 2554 2333 2570 1337
13141 4 2 1 3 1200 1239 2554 2333
13142 4 2 1 3 1200 2333 1240 1239
13143 4 2 1 3 1239 2554 2333 2570
13144 4 2 1 3 1239 2570 2333 1240
13145 4 2 1 3 90 294 461 1907
13146 4 2 1 3 294 198 462 2377
13147 4 2 1 3 461 462 222 2540
13148 4 2 1 3 1907 2377 2540 1341
13149 4 2 1 3 294 461 1907 2377
13150 4 2 1 3 294 2377 462 461
13151 4 2 1 3 461 1907 2377 2540
13152 4 2 1 3 461 2540 2377 462
13153 4 2 1 3 886 1201 1199 2551
13154 4 2 1 3 1201 900 1200 2333
13155 4 2 1 3 1199 1200 896 2554
13156 4 2 1 3 2551 2333 2554 1337
13157 4 2 1 3 1201 1199 2551 2333
13158 4 2 1 3 1201 2333 1200 1199
13159 4 2 1 3 1199 2551 2333 2554
13160 4 2 1 3 1199 2554 2333 1200
13161 4 2 1 3 45 46 989 358
13162 4 2 1 3 46 47 990 357
13163 4 2 1 3 989 990 866 1977
13164 4 2 1 3 358 357 1977 181
13165 4 2 1 3 46 989 358 357
13166 4 2 1 3 46 357 990 989
13167 4 2 1 3 989 358 357 1977
13168 4 2 1 3 989 1977 357 990
13169 4 2 1 3 95 396 397 2532
13170 4 2 1 3 396 73 72 1029
13171 4 2 1 3 397 72 71 1028
13172 4 2 1 3 2532 1029 1028 933
13173 4 2 1 3 396 397 2532 1029
13174 4 2 1 3 396 1029 72 397
13175 4 2 1 3 397 2532 1029 1028
13176 4 2 1 3 397 1028 1029 72
13177 4 2 1 3 87 390 391 2347
13178 4 2 1 3 390 69 68 1023
13179 4 2 1 3 391 68 67 1022
13180 4 2 1 3 2347 1023 1022 921
13181 4 2 1 3 390 391 2347 1023
13182 4 2 1 3 390 1023 68 391
13183 4 2 1 3 391 2347 1023 1022
13184 4 2 1 3 391 1022 1023 68
13185 4 2 1 3 222 720 472 2539
13186 4 2 1 3 720 253 719 2410
13187 4 2 1 3 472 719 141 1969
13188 4 2 1 3 2539 2410 1969 1325
13189 4 2 1 3 720 472 2539 2410
13190 4 2 1 3 720 2410 719 472
13191 4 2 1 3 472 2539 2410 1969
13192 4 2 1 3 472 1969 2410 719
13193 4 2 1 3 63 62 381 1014
13194 4 2 1 3 62 61 382 1013
13195 4 2 1 3 381 382 86 1915
13196 4 2 1 3 1014 1013 1915 869
13197 4 2 1 3 62 381 1014 1013
13198 4 2 1 3 62 1013 382 381
13199 4 2 1 3 381 1014 1013 1915
13200 4 2 1 3 381 1915 1013 382
13201 4 2 1 3 898 1119 1213 2460
13202 4 2 1 3 1119 897 1209 1968
13203 4 2 1 3 1213 1209 889 1783
13204 4 2 1 3 2460 1968 1783 1318
13205 4 2 1 3 1119 1213 2460 1968
13206 4 2 1 3 1119 1968 1209 1213
13207 4 2 1 3 1213 2460 1968 1783
13208 4 2 1 3 1213 1783 1968 1209
13209 4 2 1 3 41 42 983 352
13210 4 2 1 3 42 43 984 351
13211 4 2 1 3 983 984 854 2276
13212 4 2 1 3 352 351 2276 187
13213 4 2 1 3 42 983 352 351
13214 4 2 1 3 42 351 984 983
13215 4 2 1 3 983 352 351 2276
13216 4 2 1 3 983 2276 351 984
13217 4 2 1 3 96 366 367 2109
13218 4 2 1 3 366 53 52 999
13219 4 2 1 3 367 52 51 998
13220 4 2 1 3 2109 999 998 922
13221 4 2 1 3 366 367 2109 999
13222 4 2 1 3 366 999 52 367
13223 4 2 1 3 367 2109 999 998
13224 4 2 1 3 367 998 999 52
13225 4 2 1 3 37 38 977 346
13226 4 2 1 3 38 39 978 345
13227 4 2 1 3 977 978 867 2505
13228 4 2 1 3 346 345 2505 81
13229 4 2 1 3 38 977 346 345
13230 4 2 1 3 38 345 978 977
13231 4 2 1 3 977 346 345 2505
13232 4 2 1 3 977 2505 345 978
13233 4 2 1 3 930 986 987 2279
13234 4 2 1 3 986 43 44 355
13235 4 2 1 3 987 44 45 354
13236 4 2 1 3 2279 355 354 94
13237 4 2 1 3 986 987 2279 355
13238 4 2 1 3 986 355 44 987
13239 4 2 1 3 987 2279 355 354
13240 4 2 1 3 987 354 355 44
13241 4 2 1 3 51 50 363 996
13242 4 2 1 3 50 49 364 995
13243 4 2 1 3 363 364 214 2336
13244 4 2 1 3 996 995 2336 858
13245 4 2 1 3 50 363 996 995
13246 4 2 1 3 50 995 364 363
13247 4 2 1 3 363 996 995 2336
13248 4 2 1 3 363 2336 995 364
13249 4 2 1 3 262 412 413 2415
13250 4 2 1 3 412 81 409 2507
13251 4 2 1 3 413 409 242 2452
13252 4 2 1 3 2415 2507 2452 1339
13253 4 2 1 3 412 413 2415 2507
13254 4 2 1 3 412 2507 409 413
13255 4 2 1 3 413 2415 2507 2452
13256 4 2 1 3 413 2452 2507 409
13257 4 2 1 3 255 780 502 1984
13258 4 2 1 3 780 237 793 2528
13259 4 2 1 3 502 793 169 2547
13260 4 2 1 3 1984 2528 2547 1332
13261 4 2 1 3 780 502 1984 2528
13262 4 2 1 3 780 2528 793 502
13263 4 2 1 3 502 1984 2528 2547
13264 4 2 1 3 502 2547 2528 793
13265 4 2 1 3 923 1004 1005 2305
13266 4 2 1 3 1004 55 56 373
13267 4 2 1 3 1005 56 57 372
13268 4 2 1 3 2305 373 372 83
13269 4 2 1 3 1004 1005 2305 373
13270 4 2 1 3 1004 373 56 1005
13271 4 2 1 3 1005 2305 373 372
13272 4 2 1 3 1005 372 373 56
13273 4 2 1 3 191 324 325 2117
13274 4 2 1 3 324 25 24 957
13275 4 2 1 3 325 24 23 956
13276 4 2 1 3 2117 957 956 926
13277 4 2 1 3 324 325 2117 957
13278 4 2 1 3 324 957 24 325
13279 4 2 1 3 325 2117 957 956
13280 4 2 1 3 325 956 957 24
13281 4 2 1 3 198 294 286 2377
13282 4 2 1 3 294 90 291 1907
13283 4 2 1 3 286 291 8 2574
13284 4 2 1 3 2377 1907 2574 1341
13285 4 2 1 3 294 286 2377 1907
13286 4 2 1 3 294 1907 291 286
13287 4 2 1 3 286 2377 1907 2574
13288 4 2 1 3 286 2574 1907 291
13289 4 2 1 3 35 36 974 343
13290 4 2 1 3 36 37 975 342
13291 4 2 1 3 974 975 934 2493
13292 4 2 1 3 343 342 2493 180
13293 4 2 1 3 36 974 343 342
13294 4 2 1 3 36 342 975 974
13295 4 2 1 3 974 343 342 2493
13296 4 2 1 3 974 2493 342 975
13297 4 2 1 3 184 656 820 1767
13298 4 2 1 3 656 185 651 2522
13299 4 2 1 3 820 651 186 2304
13300 4 2 1 3 1767 2522 2304 1323
13301 4 2 1 3 656 820 1767 2522
13302 4 2 1 3 656 2522 651 820
13303 4 2 1 3 820 1767 2522 2304
13304 4 2 1 3 820 2304 2522 651
13305 4 2 1 3 129 623 624 2063
13306 4 2 1 3 623 124 622 2089
13307 4 2 1 3 624 622 122 2335
13308 4 2 1 3 2063 2089 2335 1346
13309 4 2 1 3 623 624 2063 2089
13310 4 2 1 3 623 2089 622 624
13311 4 2 1 3 624 2063 2089 2335
13312 4 2 1 3 624 2335 2089 622
13313 4 2 1 3 129 624 625 2063
13314 4 2 1 3 624 122 613 2335
13315 4 2 1 3 625 613 185 2523
13316 4 2 1 3 2063 2335 2523 1346
13317 4 2 1 3 624 625 2063 2335
13318 4 2 1 3 624 2335 613 625
13319 4 2 1 3 625 2063 2335 2523
13320 4 2 1 3 625 2523 2335 613
13321 4 2 1 3 85 338 433 2441
13322 4 2 1 3 338 192 434 2581
13323 4 2 1 3 433 434 228 2381
13324 4 2 1 3 2441 2581 2381 1345
13325 4 2 1 3 338 433 2441 2581
13326 4 2 1 3 338 2581 434 433
13327 4 2 1 3 433 2441 2581 2381
13328 4 2 1 3 433 2381 2581 434
13329 4 2 1 3 31 30 333 966
13330 4 2 1 3 30 29 334 965
13331 4 2 1 3 333 334 192 2584
13332 4 2 1 3 966 965 2584 862
13333 4 2 1 3 30 333 966 965
13334 4 2 1 3 30 965 334 333
13335 4 2 1 3 333 966 965 2584
13336 4 2 1 3 333 2584 965 334
13337 4 2 1 3 224 319 320 2582
13338 4 2 1 3 319 19 267 950
13339 4 2 1 3 320 267 249 2583
13340 4 2 1 3 2582 950 2583 931
13341 4 2 1 3 319 320 2582 950
13342 4 2 1 3 319 950 267 320
13343 4 2 1 3 320 2582 950 2583
13344 4 2 1 3 320 2583 950 267
13345 4 2 1 3 249 267 263 2541
13346 4 2 1 3 267 19 18 946
13347 4 2 1 3 263 18 1 945
13348 4 2 1 3 2541 946 945 860
13349 4 2 1 3 267 263 2541 946
13350 4 2 1 3 267 946 18 263
13351 4 2 1 3 263 2541 946 945
13352 4 2 1 3 263 945 946 18
13353 4 2 1 3 115 588 573 2250
13354 4 2 1 3 588 203 590 2242
13355 4 2 1 3 573 590 209 2197
13356 4 2 1 3 2250 2242 2197 1342
13357 4 2 1 3 588 573 2250 2242
13358 4 2 1 3 588 2242 590 573
13359 4 2 1 3 573 2250 2242 2197
13360 4 2 1 3 573 2197 2242 590
13361 4 2 1 3 29 28 330 963
13362 4 2 1 3 28 27 331 962
13363 4 2 1 3 330 331 196 2566
13364 4 2 1 3 963 962 2566 925
13365 4 2 1 3 28 330 963 962
13366 4 2 1 3 28 962 331 330
13367 4 2 1 3 330 963 962 2566
13368 4 2 1 3 330 2566 962 331
13369 4 2 1 3 77 78 1037 406
13370 4 2 1 3 78 79 1038 405
13371 4 2 1 3 1037 1038 864 2568
13372 4 2 1 3 406 405 2568 223
13373 4 2 1 3 78 1037 406 405
13374 4 2 1 3 78 405 1038 1037
13375 4 2 1 3 1037 406 405 2568
13376 4 2 1 3 1037 2568 405 1038
13377 4 2 1 3 927 980 981 2020
13378 4 2 1 3 980 39 40 349
13379 4 2 1 3 981 40 41 348
13380 4 2 1 3 2020 349 348 195
13381 4 2 1 3 980 981 2020 349
13382 4 2 1 3 980 349 40 981
13383 4 2 1 3 981 2020 349 348
13384 4 2 1 3 981 348 349 40
13385 4 2 1 3 938 1034 1035 2220
13386 4 2 1 3 1034 75 76 403
13387 4 2 1 3 1035 76 77 402
13388 4 2 1 3 2220 403 402 105
13389 4 2 1 3 1034 1035 2220 403
13390 4 2 1 3 1034 403 76 1035
13391 4 2 1 3 1035 2220 403 402
13392 4 2 1 3 1035 402 403 76
13393 4 2 1 3 194 316 271 2525
13394 4 2 1 3 316 84 309 2510
13395 4 2 1 3 271 309 16 2179
13396 4 2 1 3 2525 2510 2179 1329
13397 4 2 1 3 316 271 2525 2510
13398 4 2 1 3 316 2510 309 271
13399 4 2 1 3 271 2525 2510 2179
13400 4 2 1 3 271 2179 2510 309
13401 4 2 1 3 224 320 773 2562
13402 4 2 1 3 320 249 283 2542
13403 4 2 1 3 773 283 153 2561
13404 4 2 1 3 2562 2542 2561 1336
13405 4 2 1 3 320 773 2562 2542
13406 4 2 1 3 320 2542 283 773
13407 4 2 1 3 773 2562 2542 2561
13408 4 2 1 3 773 2561 2542 283
13409 4 2 1 3 859 971 972 2423
13410 4 2 1 3 971 33 34 340
13411 4 2 1 3 972 34 35 339
13412 4 2 1 3 2423 340 339 254
13413 4 2 1 3 971 972 2423 340
13414 4 2 1 3 971 340 34 972
13415 4 2 1 3 972 2423 340 339
13416 4 2 1 3 972 339 340 34
13417 4 2 1 3 84 316 426 2510
13418 4 2 1 3 316 194 427 2525
13419 4 2 1 3 426 427 230 2295
13420 4 2 1 3 2510 2525 2295 1329
13421 4 2 1 3 316 426 2510 2525
13422 4 2 1 3 316 2525 427 426
13423 4 2 1 3 426 2510 2525 2295
13424 4 2 1 3 426 2295 2525 427
13425 4 2 1 3 33 32 336 969
13426 4 2 1 3 32 31 337 968
13427 4 2 1 3 336 337 85 2514
13428 4 2 1 3 969 968 2514 941
13429 4 2 1 3 32 336 969 968
13430 4 2 1 3 32 968 337 336
13431 4 2 1 3 336 969 968 2514
13432 4 2 1 3 336 2514 968 337
13433 4 2 1 3 870 947 948 1893
13434 4 2 1 3 947 79 80 268
13435 4 2 1 3 948 80 1 266
13436 4 2 1 3 1893 268 266 250
13437 4 2 1 3 947 948 1893 268
13438 4 2 1 3 947 268 80 948
13439 4 2 1 3 948 1893 268 266
13440 4 2 1 3 948 266 268 80
13441 4 2 1 3 941 1076 970 2515
13442 4 2 1 3 1076 920 1093 2372
13443 4 2 1 3 970 1093 862 2105
13444 4 2 1 3 2515 2372 2105 1345
13445 4 2 1 3 1076 970 2515 2372
13446 4 2 1 3 1076 2372 1093 970
13447 4 2 1 3 970 2515 2372 2105
13448 4 2 1 3 970 2105 2372 1093
13449 4 2 1 3 224 318 319 2582
13450 4 2 1 3 318 21 20 951
13451 4 2 1 3 319 20 19 950
13452 4 2 1 3 2582 951 950 931
13453 4 2 1 3 318 319 2582 951
13454 4 2 1 3 318 951 20 319
13455 4 2 1 3 319 2582 951 950
13456 4 2 1 3 319 950 951 20
13457 4 2 1 3 238 378 379 1663
13458 4 2 1 3 378 61 60 1011
13459 4 2 1 3 379 60 59 1010
13460 4 2 1 3 1663 1011 1010 924
13461 4 2 1 3 378 379 1663 1011
13462 4 2 1 3 378 1011 60 379
13463 4 2 1 3 379 1663 1011 1010
13464 4 2 1 3 379 1010 1011 60
13465 4 2 1 3 65 64 384 1017
13466 4 2 1 3 64 63 385 1016
13467 4 2 1 3 384 385 243 2416
13468 4 2 1 3 1017 1016 2416 928
13469 4 2 1 3 64 384 1017 1016
13470 4 2 1 3 64 1016 385 384
13471 4 2 1 3 384 1017 1016 2416
13472 4 2 1 3 384 2416 1016 385
13473 4 2 1 3 1283 1367 1685 1368
13474 4 2 1 3 1367 877 1146 1366
13475 4 2 1 3 1685 1146 878 1682
13476 4 2 1 3 1368 1366 1682 1263
13477 4 2 1 3 1367 1685 1368 1366
13478 4 2 1 3 1367 1366 1146 1685
13479 4 2 1 3 1685 1368 1366 1682
13480 4 2 1 3 1685 1682 1366 1146
13481 4 2 1 3 1283 1685 1367 1371
13482 4 2 1 3 1685 878 1146 1145
13483 4 2 1 3 1367 1146 877 1143
13484 4 2 1 3 1371 1145 1143 875
13485 4 2 1 3 1685 1367 1371 1145
13486 4 2 1 3 1685 1145 1146 1367
13487 4 2 1 3 1367 1371 1145 1143
13488 4 2 1 3 1367 1143 1145 1146
13489 4 2 1 3 1280 1661 2124 1640
13490 4 2 1 3 1661 140 1814 1660
13491 4 2 1 3 2124 1814 1294 1726
13492 4 2 1 3 1640 1660 1726 1255
13493 4 2 1 3 1661 2124 1640 1660
13494 4 2 1 3 1661 1660 1814 2124
13495 4 2 1 3 2124 1640 1660 1726
13496 4 2 1 3 2124 1726 1660 1814
13497 4 2 1 3 1280 2124 1661 1945
13498 4 2 1 3 2124 1294 1814 1815
13499 4 2 1 3 1661 1814 140 707
13500 4 2 1 3 1945 1815 707 147
13501 4 2 1 3 2124 1661 1945 1815
13502 4 2 1 3 2124 1815 1814 1661
13503 4 2 1 3 1661 1945 1815 707
13504 4 2 1 3 1661 707 1815 1814
13505 4 2 1 3 1282 1565 2009 1562
13506 4 2 1 3 1565 1292 2331 1483
13507 4 2 1 3 2009 2331 1338 1998
13508 4 2 1 3 1562 1483 1998 1280
13509 4 2 1 3 1565 2009 1562 1483
13510 4 2 1 3 1565 1483 2331 2009
13511 4 2 1 3 2009 1562 1483 1998
13512 4 2 1 3 2009 1998 1483 2331
13513 4 2 1 3 1338 2331 2009 2364
13514 4 2 1 3 2331 1292 1565 1883
13515 4 2 1 3 2009 1565 1282 1820
13516 4 2 1 3 2364 1883 1820 1264
13517 4 2 1 3 2331 2009 2364 1883
13518 4 2 1 3 2331 1883 1565 2009
13519 4 2 1 3 2009 2364 1883 1820
13520 4 2 1 3 2009 1820 1883 1565
13521 4 2 1 3 1294 1815 1802 1813
13522 4 2 1 3 1815 147 2586 711
13523 4 2 1 3 1802 2586 1265 2235
13524 4 2 1 3 1813 711 2235 154
13525 4 2 1 3 1815 1802 1813 711
13526 4 2 1 3 1815 711 2586 1802
13527 4 2 1 3 1802 1813 711 2235
13528 4 2 1 3 1802 2235 711 2586
13529 4 2 1 3 1294 1802 1815 2124
13530 4 2 1 3 1802 1265 2586 1693
13531 4 2 1 3 1815 2586 147 1945
13532 4 2 1 3 2124 1693 1945 1280
13533 4 2 1 3 1802 1815 2124 1693
13534 4 2 1 3 1802 1693 2586 1815
13535 4 2 1 3 1815 2124 1693 1945
13536 4 2 1 3 1815 1945 1693 2586
13537 4 2 1 3 158 1694 749 750
13538 4 2 1 3 1694 1265 2586 2235
13539 4 2 1 3 749 2586 147 711
13540 4 2 1 3 750 2235 711 154
13541 4 2 1 3 1694 749 750 2235
13542 4 2 1 3 1694 2235 2586 749
13543 4 2 1 3 749 750 2235 711
13544 4 2 1 3 749 711 2235 2586
13545 4 2 1 3 158 749 1694 1692
13546 4 2 1 3 749 147 2586 1945
13547 4 2 1 3 1694 2586 1265 1693
13548 4 2 1 3 1692 1945 1693 1280
13549 4 2 1 3 749 1694 1692 1945
13550 4 2 1 3 749 1945 2586 1694
13551 4 2 1 3 1694 1692 1945 1693
13552 4 2 1 3 1694 1693 1945 2586
13553 4 2 1 3 1302 1708 1695 1486
13554 4 2 1 3 1708 165 473 1707
13555 4 2 1 3 1695 473 158 1692
13556 4 2 1 3 1486 1707 1692 1280
13557 4 2 1 3 1708 1695 1486 1707
13558 4 2 1 3 1708 1707 473 1695
13559 4 2 1 3 1695 1486 1707 1692
13560 4 2 1 3 1695 1692 1707 473
13561 4 2 1 3 1302 1695 1708 2086
13562 4 2 1 3 1695 158 473 475
13563 4 2 1 3 1708 473 165 474
13564 4 2 1 3 2086 475 474 93
13565 4 2 1 3 1695 1708 2086 475
13566 4 2 1 3 1695 475 473 1708
13567 4 2 1 3 1708 2086 475 474
13568 4 2 1 3 1708 474 475 473
13569 4 2 1 3 1329 2297 1689 2295
13570 4 2 1 3 2297 160 2587 743
13571 4 2 1 3 1689 2587 1326 2553
13572 4 2 1 3 2295 743 2553 230
13573 4 2 1 3 2297 1689 2295 743
13574 4 2 1 3 2297 743 2587 1689
13575 4 2 1 3 1689 2295 743 2553
13576 4 2 1 3 1689 2553 743 2587
13577 4 2 1 3 1329 1689 2297 1687
13578 4 2 1 3 1689 1326 2587 1453
13579 4 2 1 3 2297 2587 160 1817
13580 4 2 1 3 1687 1453 1817 1264
13581 4 2 1 3 1689 2297 1687 1453
13582 4 2 1 3 1689 1453 2587 2297
13583 4 2 1 3 2297 1687 1453 1817
13584 4 2 1 3 2297 1817 1453 2587
13585 4 2 1 3 146 2545 688 742
13586 4 2 1 3 2545 1326 2587 2553
13587 4 2 1 3 688 2587 160 743
13588 4 2 1 3 742 2553 743 230
13589 4 2 1 3 2545 688 742 2553
13590 4 2 1 3 2545 2553 2587 688
13591 4 2 1 3 688 742 2553 743
13592 4 2 1 3 688 743 2553 2587
13593 4 2 1 3 146 688 2545 2353
13594 4 2 1 3 688 160 2587 1817
13595 4 2 1 3 2545 2587 1326 1453
13596 4 2 1 3 2353 1817 1453 1264
13597 4 2 1 3 688 2545 2353 1817
13598 4 2 1 3 688 1817 2587 2545
13599 4 2 1 3 2545 2353 1817 1453
13600 4 2 1 3 2545 1453 1817 2587
13601 4 2 1 3 1277 1881 1592 1403
13602 4 2 1 3 1881 1331 1447 1646
13603 4 2 1 3 1592 1447 1269 1589
13604 4 2 1 3 1403 1646 1589 1275
13605 4 2 1 3 1881 1592 1403 1646
13606 4 2 1 3 1881 1646 1447 1592
13607 4 2 1 3 1592 1403 1646 1589
13608 4 2 1 3 1592 1589 1646 1447
13609 4 2 1 3 1269 1447 1592 1431
13610 4 2 1 3 1447 1331 1881 1443
13611 4 2 1 3 1592 1881 1277 1361
13612 4 2 1 3 1431 1443 1361 1247
13613 4 2 1 3 1447 1592 1431 1443
13614 4 2 1 3 1447 1443 1881 1592
13615 4 2 1 3 1592 1431 1443 1361
13616 4 2 1 3 1592 1361 1443 1881
13617 4 2 1 3 1313 2401 1698 1699
13618 4 2 1 3 2401 1305 1835 2449
13619 4 2 1 3 1698 1835 1289 1700
13620 4 2 1 3 1699 2449 1700 1252
13621 4 2 1 3 2401 1698 1699 2449
13622 4 2 1 3 2401 2449 1835 1698
13623 4 2 1 3 1698 1699 2449 1700
13624 4 2 1 3 1698 1700 2449 1835
13625 4 2 1 3 1313 1698 2401 1749
13626 4 2 1 3 1698 1289 1835 1752
13627 4 2 1 3 2401 1835 1305 1961
13628 4 2 1 3 1749 1752 1961 1260
13629 4 2 1 3 1698 2401 1749 1752
13630 4 2 1 3 1698 1752 1835 2401
13631 4 2 1 3 2401 1749 1752 1961
13632 4 2 1 3 2401 1961 1752 1835
13633 4 2 1 3 1282 1821 1565 1561
13634 4 2 1 3 1821 160 2037 690
13635 4 2 1 3 1565 2037 1292 1564
13636 4 2 1 3 1561 690 1564 210
13637 4 2 1 3 1821 1565 1561 690
13638 4 2 1 3 1821 690 2037 1565
13639 4 2 1 3 1565 1561 690 1564
13640 4 2 1 3 1565 1564 690 2037
13641 4 2 1 3 1282 1565 1821 1820
13642 4 2 1 3 1565 1292 2037 1883
13643 4 2 1 3 1821 2037 160 1817
13644 4 2 1 3 1820 1883 1817 1264
13645 4 2 1 3 1565 1821 1820 1883
13646 4 2 1 3 1565 1883 2037 1821
13647 4 2 1 3 1821 1820 1883 1817
13648 4 2 1 3 1821 1817 1883 2037
13649 4 2 1 3 1330 1850 2536 1867
13650 4 2 1 3 1850 145 738 541
13651 4 2 1 3 2536 738 157 739
13652 4 2 1 3 1867 541 739 156
13653 4 2 1 3 1850 2536 1867 541
13654 4 2 1 3 1850 541 738 2536
13655 4 2 1 3 2536 1867 541 739
13656 4 2 1 3 2536 739 541 738
13657 4 2 1 3 1330 2536 1850 1852
13658 4 2 1 3 2536 157 738 2535
13659 4 2 1 3 1850 738 145 1847
13660 4 2 1 3 1852 2535 1847 1297
13661 4 2 1 3 2536 1850 1852 2535
13662 4 2 1 3 2536 2535 738 1850
13663 4 2 1 3 1850 1852 2535 1847
13664 4 2 1 3 1850 1847 2535 738
13665 4 2 1 3 1317 1812 2144 1755
13666 4 2 1 3 1812 1289 1700 1808
13667 4 2 1 3 2144 1700 1252 1432
13668 4 2 1 3 1755 1808 1432 1269
13669 4 2 1 3 1812 2144 1755 1808
13670 4 2 1 3 1812 1808 1700 2144
13671 4 2 1 3 2144 1755 1808 1432
13672 4 2 1 3 2144 1432 1808 1700
13673 4 2 1 3 1317 2144 1812 1837
13674 4 2 1 3 2144 1252 1700 2449
13675 4 2 1 3 1812 1700 1289 1835
13676 4 2 1 3 1837 2449 1835 1305
13677 4 2 1 3 2144 1812 1837 2449
13678 4 2 1 3 2144 2449 1700 1812
13679 4 2 1 3 1812 1837 2449 1835
13680 4 2 1 3 1812 1835 2449 1700
13681 4 2 1 3 1311 2052 2233 2050
13682 4 2 1 3 2052 211 546 558
13683 4 2 1 3 2233 546 109 557
13684 4 2 1 3 2050 558 557 134
13685 4 2 1 3 2052 2233 2050 558
13686 4 2 1 3 2052 558 546 2233
13687 4 2 1 3 2233 2050 558 557
13688 4 2 1 3 2233 557 558 546
13689 4 2 1 3 1311 2233 2052 2057
13690 4 2 1 3 2233 109 546 2106
13691 4 2 1 3 2052 546 211 2081
13692 4 2 1 3 2057 2106 2081 1298
13693 4 2 1 3 2233 2052 2057 2106
13694 4 2 1 3 2233 2106 546 2052
13695 4 2 1 3 2052 2057 2106 2081
13696 4 2 1 3 2052 2081 2106 546
13697 4 2 1 3 1343 2314 1632 1631
13698 4 2 1 3 2314 889 1786 1182
13699 4 2 1 3 1632 1786 1324 1630
13700 4 2 1 3 1631 1182 1630 902
13701 4 2 1 3 2314 1632 1631 1182
13702 4 2 1 3 2314 1182 1786 1632
13703 4 2 1 3 1632 1631 1182 1630
13704 4 2 1 3 1632 1630 1182 1786
13705 4 2 1 3 1343 1632 2314 1681
13706 4 2 1 3 1632 1324 1786 1679
13707 4 2 1 3 2314 1786 889 1785
13708 4 2 1 3 1681 1679 1785 1276
13709 4 2 1 3 1632 2314 1681 1679
13710 4 2 1 3 1632 1679 1786 2314
13711 4 2 1 3 2314 1681 1679 1785
13712 4 2 1 3 2314 1785 1679 1786
13713 4 2 1 3 925 2580 2588 2566
13714 4 2 1 3 2580 192 2581 335
13715 4 2 1 3 2588 2581 1345 2589
13716 4 2 1 3 2566 335 2589 196
13717 4 2 1 3 2580 2588 2566 335
13718 4 2 1 3 2580 335 2581 2588
13719 4 2 1 3 2588 2566 335 2589
13720 4 2 1 3 2588 2589 335 2581
13721 4 2 1 3 925 2588 2580 967
13722 4 2 1 3 2588 1345 2581 2105
13723 4 2 1 3 2580 2581 192 2584
13724 4 2 1 3 967 2105 2584 862
13725 4 2 1 3 2588 2580 967 2105
13726 4 2 1 3 2588 2105 2581 2580
13727 4 2 1 3 2580 967 2105 2584
13728 4 2 1 3 2580 2584 2105 2581
13729 4 2 1 3 1322 2398 2317 2412
13730 4 2 1 3 2398 1339 2326 2413
13731 4 2 1 3 2317 2326 891 1217
13732 4 2 1 3 2412 2413 1217 913
13733 4 2 1 3 2398 2317 2412 2413
13734 4 2 1 3 2398 2413 2326 2317
13735 4 2 1 3 2317 2412 2413 1217
13736 4 2 1 3 2317 1217 2413 2326
13737 4 2 1 3 891 2326 2317 2323
13738 4 2 1 3 2326 1339 2398 1953
13739 4 2 1 3 2317 2398 1322 2397
13740 4 2 1 3 2323 1953 2397 1261
13741 4 2 1 3 2326 2317 2323 1953
13742 4 2 1 3 2326 1953 2398 2317
13743 4 2 1 3 2317 2323 1953 2397
13744 4 2 1 3 2317 2397 1953 2398
13745 4 2 1 3 1343 2240 2457 1738
13746 4 2 1 3 2240 877 1560 1366
13747 4 2 1 3 2457 1560 1308 1676
13748 4 2 1 3 1738 1366 1676 1263
13749 4 2 1 3 2240 2457 1738 1366
13750 4 2 1 3 2240 1366 1560 2457
13751 4 2 1 3 2457 1738 1366 1676
13752 4 2 1 3 2457 1676 1366 1560
13753 4 2 1 3 1343 2457 2240 2308
13754 4 2 1 3 2457 1308 1560 2456
13755 4 2 1 3 2240 1560 877 1154
13756 4 2 1 3 2308 2456 1154 879
13757 4 2 1 3 2457 2240 2308 2456
13758 4 2 1 3 2457 2456 1560 2240
13759 4 2 1 3 2240 2308 2456 1154
13760 4 2 1 3 2240 1154 2456 1560
13761 4 2 1 3 1345 2544 2589 2581
13762 4 2 1 3 2544 244 839 838
13763 4 2 1 3 2589 839 196 335
13764 4 2 1 3 2581 838 335 192
13765 4 2 1 3 2544 2589 2581 838
13766 4 2 1 3 2544 838 839 2589
13767 4 2 1 3 2589 2581 838 335
13768 4 2 1 3 2589 335 838 839
13769 4 2 1 3 1345 2589 2544 1911
13770 4 2 1 3 2589 196 839 2357
13771 4 2 1 3 2544 839 244 2356
13772 4 2 1 3 1911 2357 2356 1288
13773 4 2 1 3 2589 2544 1911 2357
13774 4 2 1 3 2589 2357 839 2544
13775 4 2 1 3 2544 1911 2357 2356
13776 4 2 1 3 2544 2356 2357 839
13777 4 2 1 3 1292 2037 1841 2038
13778 4 2 1 3 2037 160 2297 785
13779 4 2 1 3 1841 2297 1329 2296
13780 4 2 1 3 2038 785 2296 235
13781 4 2 1 3 2037 1841 2038 785
13782 4 2 1 3 2037 785 2297 1841
13783 4 2 1 3 1841 2038 785 2296
13784 4 2 1 3 1841 2296 785 2297
13785 4 2 1 3 1292 1841 2037 1883
13786 4 2 1 3 1841 1329 2297 1687
13787 4 2 1 3 2037 2297 160 1817
13788 4 2 1 3 1883 1687 1817 1264
13789 4 2 1 3 1841 2037 1883 1687
13790 4 2 1 3 1841 1687 2297 2037
13791 4 2 1 3 2037 1883 1687 1817
13792 4 2 1 3 2037 1817 1687 2297
13793 4 2 1 3 1327 2166 2385 2167
13794 4 2 1 3 2166 247 767 2165
13795 4 2 1 3 2385 767 236 1855
13796 4 2 1 3 2167 2165 1855 1259
13797 4 2 1 3 2166 2385 2167 2165
13798 4 2 1 3 2166 2165 767 2385
13799 4 2 1 3 2385 2167 2165 1855
13800 4 2 1 3 2385 1855 2165 767
13801 4 2 1 3 1327 2385 2166 2294
13802 4 2 1 3 2385 236 767 766
13803 4 2 1 3 2166 767 247 765
13804 4 2 1 3 2294 766 765 151
13805 4 2 1 3 2385 2166 2294 766
13806 4 2 1 3 2385 766 767 2166
13807 4 2 1 3 2166 2294 766 765
13808 4 2 1 3 2166 765 766 767
13809 4 2 1 3 926 2549 2155 2117
13810 4 2 1 3 2549 91 2504 329
13811 4 2 1 3 2155 2504 1335 2156
13812 4 2 1 3 2117 329 2156 191
13813 4 2 1 3 2549 2155 2117 329
13814 4 2 1 3 2549 329 2504 2155
13815 4 2 1 3 2155 2117 329 2156
13816 4 2 1 3 2155 2156 329 2504
13817 4 2 1 3 926 2155 2549 961
13818 4 2 1 3 2155 1335 2504 2576
13819 4 2 1 3 2549 2504 91 2563
13820 4 2 1 3 961 2576 2563 856
13821 4 2 1 3 2155 2549 961 2576
13822 4 2 1 3 2155 2576 2504 2549
13823 4 2 1 3 2549 961 2576 2563
13824 4 2 1 3 2549 2563 2576 2504
13825 4 2 1 3 1339 2000 2210 2452
13826 4 2 1 3 2000 149 677 757
13827 4 2 1 3 2210 677 150 756
13828 4 2 1 3 2452 757 756 242
13829 4 2 1 3 2000 2210 2452 757
13830 4 2 1 3 2000 757 677 2210
13831 4 2 1 3 2210 2452 757 756
13832 4 2 1 3 2210 756 757 677
13833 4 2 1 3 1339 2210 2000 1953
13834 4 2 1 3 2210 150 677 2174
13835 4 2 1 3 2000 677 149 1962
13836 4 2 1 3 1953 2174 1962 1261
13837 4 2 1 3 2210 2000 1953 2174
13838 4 2 1 3 2210 2174 677 2000
13839 4 2 1 3 2000 1953 2174 1962
13840 4 2 1 3 2000 1962 2174 677
13841 4 2 1 3 1343 2448 1633 2457
13842 4 2 1 3 2448 881 1717 2043
13843 4 2 1 3 1633 1717 1267 2027
13844 4 2 1 3 2457 2043 2027 1308
13845 4 2 1 3 2448 1633 2457 2043
13846 4 2 1 3 2448 2043 1717 1633
13847 4 2 1 3 1633 2457 2043 2027
13848 4 2 1 3 1633 2027 2043 1717
13849 4 2 1 3 1343 1633 2448 1631
13850 4 2 1 3 1633 1267 1717 1628
13851 4 2 1 3 2448 1717 881 1166
13852 4 2 1 3 1631 1628 1166 902
13853 4 2 1 3 1633 2448 1631 1628
13854 4 2 1 3 1633 1628 1717 2448
13855 4 2 1 3 2448 1631 1628 1166
13856 4 2 1 3 2448 1166 1628 1717
13857 4 2 1 3 188 2370 825 823
13858 4 2 1 3 2370 1307 1378 2371
13859 4 2 1 3 825 1378 200 822
13860 4 2 1 3 823 2371 822 183
13861 4 2 1 3 2370 825 823 2371
13862 4 2 1 3 2370 2371 1378 825
13863 4 2 1 3 825 823 2371 822
13864 4 2 1 3 825 822 2371 1378
13865 4 2 1 3 200 1378 825 1389
13866 4 2 1 3 1378 1307 2370 1391
13867 4 2 1 3 825 2370 188 2368
13868 4 2 1 3 1389 1391 2368 1290
13869 4 2 1 3 1378 825 1389 1391
13870 4 2 1 3 1378 1391 2370 825
13871 4 2 1 3 825 1389 1391 2368
13872 4 2 1 3 825 2368 1391 2370
13873 4 2 1 3 170 2565 1940 398
13874 4 2 1 3 2565 933 2533 2532
13875 4 2 1 3 1940 2533 1306 2455
13876 4 2 1 3 398 2532 2455 95
13877 4 2 1 3 2565 1940 398 2532
13878 4 2 1 3 2565 2532 2533 1940
13879 4 2 1 3 1940 398 2532 2455
13880 4 2 1 3 1940 2455 2532 2533
13881 4 2 1 3 1306 2533 1940 1941
13882 4 2 1 3 2533 933 2565 1030
13883 4 2 1 3 1940 2565 170 1937
13884 4 2 1 3 1941 1030 1937 863
13885 4 2 1 3 2533 1940 1941 1030
13886 4 2 1 3 2533 1030 2565 1940
13887 4 2 1 3 1940 1941 1030 1937
13888 4 2 1 3 1940 1937 1030 2565
13889 4 2 1 3 1335 2155 1800 2576
13890 4 2 1 3 2155 926 1059 961
13891 4 2 1 3 1800 1059 917 1056
13892 4 2 1 3 2576 961 1056 856
13893 4 2 1 3 2155 1800 2576 961
13894 4 2 1 3 2155 961 1059 1800
13895 4 2 1 3 1800 2576 961 1056
13896 4 2 1 3 1800 1056 961 1059
13897 4 2 1 3 1335 1800 2155 1731
13898 4 2 1 3 1800 917 1059 1799
13899 4 2 1 3 2155 1059 926 2118
13900 4 2 1 3 1731 1799 2118 1294
13901 4 2 1 3 1800 2155 1731 1799
13902 4 2 1 3 1800 1799 1059 2155
13903 4 2 1 3 2155 1731 1799 2118
13904 4 2 1 3 2155 2118 1799 1059
13905 4 2 1 3 105 2219 403 404
13906 4 2 1 3 2219 855 1032 2300
13907 4 2 1 3 403 1032 75 399
13908 4 2 1 3 404 2300 399 178
13909 4 2 1 3 2219 403 404 2300
13910 4 2 1 3 2219 2300 1032 403
13911 4 2 1 3 403 404 2300 399
13912 4 2 1 3 403 399 2300 1032
13913 4 2 1 3 75 1032 403 1034
13914 4 2 1 3 1032 855 2219 1036
13915 4 2 1 3 403 2219 105 2220
13916 4 2 1 3 1034 1036 2220 938
13917 4 2 1 3 1032 403 1034 1036
13918 4 2 1 3 1032 1036 2219 403
13919 4 2 1 3 403 1034 1036 2220
13920 4 2 1 3 403 2220 1036 2219
13921 4 2 1 3 1309 2129 2032 2212
13922 4 2 1 3 2129 127 636 639
13923 4 2 1 3 2032 636 125 638
13924 4 2 1 3 2212 639 638 131
13925 4 2 1 3 2129 2032 2212 639
13926 4 2 1 3 2129 639 636 2032
13927 4 2 1 3 2032 2212 639 638
13928 4 2 1 3 2032 638 639 636
13929 4 2 1 3 1309 2032 2129 2194
13930 4 2 1 3 2032 125 636 2003
13931 4 2 1 3 2129 636 127 2193
13932 4 2 1 3 2194 2003 2193 1291
13933 4 2 1 3 2032 2129 2194 2003
13934 4 2 1 3 2032 2003 636 2129
13935 4 2 1 3 2129 2194 2003 2193
13936 4 2 1 3 2129 2193 2003 636
13937 4 2 1 3 259 2254 737 716
13938 4 2 1 3 2254 1335 2358 2438
13939 4 2 1 3 737 2358 244 841
13940 4 2 1 3 716 2438 841 197
13941 4 2 1 3 2254 737 716 2438
13942 4 2 1 3 2254 2438 2358 737
13943 4 2 1 3 737 716 2438 841
13944 4 2 1 3 737 841 2438 2358
13945 4 2 1 3 244 2358 737 2356
13946 4 2 1 3 2358 1335 2254 2010
13947 4 2 1 3 737 2254 259 2080
13948 4 2 1 3 2356 2010 2080 1288
13949 4 2 1 3 2358 737 2356 2010
13950 4 2 1 3 2358 2010 2254 737
13951 4 2 1 3 737 2356 2010 2080
13952 4 2 1 3 737 2080 2010 2254
13953 4 2 1 3 1324 2085 2245 1748
13954 4 2 1 3 2085 887 1203 1872
13955 4 2 1 3 2245 1203 899 2187
13956 4 2 1 3 1748 1872 2187 1313
13957 4 2 1 3 2085 2245 1748 1872
13958 4 2 1 3 2085 1872 1203 2245
13959 4 2 1 3 2245 1748 1872 2187
13960 4 2 1 3 2245 2187 1872 1203
13961 4 2 1 3 1324 2245 2085 2298
13962 4 2 1 3 2245 899 1203 1206
13963 4 2 1 3 2085 1203 887 1205
13964 4 2 1 3 2298 1206 1205 903
13965 4 2 1 3 2245 2085 2298 1206
13966 4 2 1 3 2245 1206 1203 2085
13967 4 2 1 3 2085 2298 1206 1205
13968 4 2 1 3 2085 1205 1206 1203
13969 4 2 1 3 1325 2391 2473 2410
13970 4 2 1 3 2391 221 536 844
13971 4 2 1 3 2473 536 199 843
13972 4 2 1 3 2410 844 843 253
13973 4 2 1 3 2391 2473 2410 844
13974 4 2 1 3 2391 844 536 2473
13975 4 2 1 3 2473 2410 844 843
13976 4 2 1 3 2473 843 844 536
13977 4 2 1 3 1325 2473 2391 1642
13978 4 2 1 3 2473 199 536 2470
13979 4 2 1 3 2391 536 221 2227
13980 4 2 1 3 1642 2470 2227 1284
13981 4 2 1 3 2473 2391 1642 2470
13982 4 2 1 3 2473 2470 536 2391
13983 4 2 1 3 2391 1642 2470 2227
13984 4 2 1 3 2391 2227 2470 536
13985 4 2 1 3 931 2577 2501 2582
13986 4 2 1 3 2577 97 1773 323
13987 4 2 1 3 2501 1773 1336 2562
13988 4 2 1 3 2582 323 2562 224
13989 4 2 1 3 2577 2501 2582 323
13990 4 2 1 3 2577 323 1773 2501
13991 4 2 1 3 2501 2582 323 2562
13992 4 2 1 3 2501 2562 323 1773
13993 4 2 1 3 931 2501 2577 955
13994 4 2 1 3 2501 1336 1773 1771
13995 4 2 1 3 2577 1773 97 1768
13996 4 2 1 3 955 1771 1768 868
13997 4 2 1 3 2501 2577 955 1771
13998 4 2 1 3 2501 1771 1773 2577
13999 4 2 1 3 2577 955 1771 1768
14000 4 2 1 3 2577 1768 1771 1773
14001 4 2 1 3 1339 2210 2495 2452
14002 4 2 1 3 2210 150 764 756
14003 4 2 1 3 2495 764 180 410
14004 4 2 1 3 2452 756 410 242
14005 4 2 1 3 2210 2495 2452 756
14006 4 2 1 3 2210 756 764 2495
14007 4 2 1 3 2495 2452 756 410
14008 4 2 1 3 2495 410 756 764
14009 4 2 1 3 1339 2495 2210 2211
14010 4 2 1 3 2495 180 764 2492
14011 4 2 1 3 2210 764 150 2208
14012 4 2 1 3 2211 2492 2208 1310
14013 4 2 1 3 2495 2210 2211 2492
14014 4 2 1 3 2495 2492 764 2210
14015 4 2 1 3 2210 2211 2492 2208
14016 4 2 1 3 2210 2208 2492 764
14017 4 2 1 3 1302 2355 2058 1598
14018 4 2 1 3 2355 6 2552 2354
14019 4 2 1 3 2058 2552 1341 2376
14020 4 2 1 3 1598 2354 2376 1286
14021 4 2 1 3 2355 2058 1598 2354
14022 4 2 1 3 2355 2354 2552 2058
14023 4 2 1 3 2058 1598 2354 2376
14024 4 2 1 3 2058 2376 2354 2552
14025 4 2 1 3 1302 2058 2355 2548
14026 4 2 1 3 2058 1341 2552 2574
14027 4 2 1 3 2355 2552 6 7
14028 4 2 1 3 2548 2574 7 8
14029 4 2 1 3 2058 2355 2548 2574
14030 4 2 1 3 2058 2574 2552 2355
14031 4 2 1 3 2355 2548 2574 7
14032 4 2 1 3 2355 7 2574 2552
14033 4 2 1 3 887 2556 2590 1176
14034 4 2 1 3 2556 1337 2017 2551
14035 4 2 1 3 2590 2017 1293 2550
14036 4 2 1 3 1176 2551 2550 886
14037 4 2 1 3 2556 2590 1176 2551
14038 4 2 1 3 2556 2551 2017 2590
14039 4 2 1 3 2590 1176 2551 2550
14040 4 2 1 3 2590 2550 2551 2017
14041 4 2 1 3 1293 2017 2590 1720
14042 4 2 1 3 2017 1337 2556 2513
14043 4 2 1 3 2590 2556 887 1872
14044 4 2 1 3 1720 2513 1872 1313
14045 4 2 1 3 2017 2590 1720 2513
14046 4 2 1 3 2017 2513 2556 2590
14047 4 2 1 3 2590 1720 2513 1872
14048 4 2 1 3 2590 1872 2513 2556
14049 4 2 1 3 1293 1716 2590 2550
14050 4 2 1 3 1716 881 1175 1173
14051 4 2 1 3 2590 1175 887 1176
14052 4 2 1 3 2550 1173 1176 886
14053 4 2 1 3 1716 2590 2550 1173
14054 4 2 1 3 1716 1173 1175 2590
14055 4 2 1 3 2590 2550 1173 1176
14056 4 2 1 3 2590 1176 1173 1175
14057 4 2 1 3 887 1175 2590 1872
14058 4 2 1 3 1175 881 1716 1719
14059 4 2 1 3 2590 1716 1293 1720
14060 4 2 1 3 1872 1719 1720 1313
14061 4 2 1 3 1175 2590 1872 1719
14062 4 2 1 3 1175 1719 1716 2590
14063 4 2 1 3 2590 1872 1719 1720
14064 4 2 1 3 2590 1720 1719 1716
14065 4 2 1 3 105 2519 402 2220
14066 4 2 1 3 2519 864 1037 1039
14067 4 2 1 3 402 1037 77 1035
14068 4 2 1 3 2220 1039 1035 938
14069 4 2 1 3 2519 402 2220 1039
14070 4 2 1 3 2519 1039 1037 402
14071 4 2 1 3 402 2220 1039 1035
14072 4 2 1 3 402 1035 1039 1037
14073 4 2 1 3 105 402 2519 407
14074 4 2 1 3 402 77 1037 406
14075 4 2 1 3 2519 1037 864 2568
14076 4 2 1 3 407 406 2568 223
14077 4 2 1 3 402 2519 407 406
14078 4 2 1 3 402 406 1037 2519
14079 4 2 1 3 2519 407 406 2568
14080 4 2 1 3 2519 2568 406 1037
14081 4 2 1 3 862 2367 2105 2104
14082 4 2 1 3 2367 1335 2591 2010
14083 4 2 1 3 2105 2591 1345 1911
14084 4 2 1 3 2104 2010 1911 1288
14085 4 2 1 3 2367 2105 2104 2010
14086 4 2 1 3 2367 2010 2591 2105
14087 4 2 1 3 2105 2104 2010 1911
14088 4 2 1 3 2105 1911 2010 2591
14089 4 2 1 3 862 2105 2367 967
14090 4 2 1 3 2105 1345 2591 2588
14091 4 2 1 3 2367 2591 1335 2394
14092 4 2 1 3 967 2588 2394 925
14093 4 2 1 3 2105 2367 967 2588
14094 4 2 1 3 2105 2588 2591 2367
14095 4 2 1 3 2367 967 2588 2394
14096 4 2 1 3 2367 2394 2588 2591
14097 4 2 1 3 196 2589 2359 2357
14098 4 2 1 3 2589 1345 2591 1911
14099 4 2 1 3 2359 2591 1335 2010
14100 4 2 1 3 2357 1911 2010 1288
14101 4 2 1 3 2589 2359 2357 1911
14102 4 2 1 3 2589 1911 2591 2359
14103 4 2 1 3 2359 2357 1911 2010
14104 4 2 1 3 2359 2010 1911 2591
14105 4 2 1 3 196 2359 2589 2566
14106 4 2 1 3 2359 1335 2591 2394
14107 4 2 1 3 2589 2591 1345 2588
14108 4 2 1 3 2566 2394 2588 925
14109 4 2 1 3 2359 2589 2566 2394
14110 4 2 1 3 2359 2394 2591 2589
14111 4 2 1 3 2589 2566 2394 2588
14112 4 2 1 3 2589 2588 2394 2591
14113 4 2 1 3 144 1917 696 697
14114 4 2 1 3 1917 1304 1690 1778
14115 4 2 1 3 696 1690 138 692
14116 4 2 1 3 697 1778 692 137
14117 4 2 1 3 1917 696 697 1778
14118 4 2 1 3 1917 1778 1690 696
14119 4 2 1 3 696 697 1778 692
14120 4 2 1 3 696 692 1778 1690
14121 4 2 1 3 138 1690 696 1588
14122 4 2 1 3 1690 1304 1917 1376
14123 4 2 1 3 696 1917 144 1916
14124 4 2 1 3 1588 1376 1916 1288
14125 4 2 1 3 1690 696 1588 1376
14126 4 2 1 3 1690 1376 1917 696
14127 4 2 1 3 696 1588 1376 1916
14128 4 2 1 3 696 1916 1376 1917
$EndElements
